-- phpMyAdmin SQL Dump
-- version 5.2.1
-- https://www.phpmyadmin.net/
--
-- Host: localhost:3306
-- Generation Time: Jul 03, 2024 at 07:52 PM
-- Server version: 10.6.18-MariaDB-cll-lve
-- PHP Version: 8.1.29

SET SQL_MODE = "NO_AUTO_VALUE_ON_ZERO";
START TRANSACTION;
SET time_zone = "+00:00";


/*!40101 SET @OLD_CHARACTER_SET_CLIENT=@@CHARACTER_SET_CLIENT */;
/*!40101 SET @OLD_CHARACTER_SET_RESULTS=@@CHARACTER_SET_RESULTS */;
/*!40101 SET @OLD_COLLATION_CONNECTION=@@COLLATION_CONNECTION */;
/*!40101 SET NAMES utf8mb4 */;

--
-- Database: `iymnukkt_inventory_sense`
--

-- --------------------------------------------------------

--
-- Table structure for table `balances`
--

CREATE TABLE `balances` (
  `id` bigint(20) UNSIGNED NOT NULL,
  `amount` bigint(20) UNSIGNED NOT NULL,
  `unitary_price` decimal(13,2) NOT NULL,
  `total_price` decimal(17,2) NOT NULL,
  `movement_id` bigint(20) UNSIGNED NOT NULL
) ENGINE=InnoDB DEFAULT CHARSET=utf8mb4 COLLATE=utf8mb4_unicode_ci;

--
-- Dumping data for table `balances`
--

INSERT INTO `balances` (`id`, `amount`, `unitary_price`, `total_price`, `movement_id`) VALUES
(1, 100, 10.00, 1000.00, 1),
(2, 200, 10.00, 2000.00, 2),
(3, 100, 10.00, 1000.00, 3),
(4, 200, 10.00, 2000.00, 4),
(5, 100, 10.00, 1000.00, 5),
(6, 200, 10.00, 2000.00, 6),
(7, 100, 10.00, 1000.00, 7),
(8, 200, 10.00, 2000.00, 8),
(9, 100, 10.00, 1000.00, 9),
(10, 200, 10.00, 2000.00, 10),
(11, 100, 10.00, 1000.00, 11),
(12, 200, 10.00, 2000.00, 12),
(13, 100, 10.00, 1000.00, 13),
(14, 200, 10.00, 2000.00, 14),
(15, 100, 10.00, 1000.00, 15),
(16, 200, 10.00, 2000.00, 16),
(17, 100, 10.00, 1000.00, 17),
(18, 200, 10.00, 2000.00, 18),
(19, 100, 10.00, 1000.00, 19),
(20, 200, 10.00, 2000.00, 20),
(21, 100, 10.00, 1000.00, 21),
(22, 200, 10.00, 2000.00, 22),
(23, 100, 10.00, 1000.00, 23),
(24, 200, 10.00, 2000.00, 24),
(25, 100, 10.00, 1000.00, 25),
(26, 200, 10.00, 2000.00, 26),
(27, 100, 10.00, 1000.00, 27),
(28, 200, 10.00, 2000.00, 28),
(29, 100, 10.00, 1000.00, 29),
(30, 200, 10.00, 2000.00, 30),
(31, 100, 10.00, 1000.00, 31),
(32, 200, 10.00, 2000.00, 32),
(33, 100, 10.00, 1000.00, 33),
(34, 200, 10.00, 2000.00, 34),
(35, 100, 10.00, 1000.00, 35),
(36, 200, 10.00, 2000.00, 36),
(37, 100, 10.00, 1000.00, 37),
(38, 200, 10.00, 2000.00, 38),
(39, 100, 10.00, 1000.00, 39),
(40, 200, 10.00, 2000.00, 40),
(41, 100, 10.00, 1000.00, 41),
(42, 200, 10.00, 2000.00, 42),
(43, 100, 10.00, 1000.00, 43),
(44, 200, 10.00, 2000.00, 44),
(45, 100, 10.00, 1000.00, 45),
(46, 200, 10.00, 2000.00, 46),
(47, 100, 10.00, 1000.00, 47),
(48, 200, 10.00, 2000.00, 48),
(49, 100, 10.00, 1000.00, 49),
(50, 200, 10.00, 2000.00, 50),
(51, 100, 10.00, 1000.00, 51),
(52, 200, 10.00, 2000.00, 52),
(53, 100, 10.00, 1000.00, 53),
(54, 200, 10.00, 2000.00, 54),
(55, 100, 10.00, 1000.00, 55),
(56, 200, 10.00, 2000.00, 56),
(57, 100, 10.00, 1000.00, 57),
(58, 200, 10.00, 2000.00, 58),
(59, 100, 10.00, 1000.00, 59),
(60, 200, 10.00, 2000.00, 60),
(61, 100, 10.00, 1000.00, 61),
(62, 200, 10.00, 2000.00, 62),
(63, 100, 10.00, 1000.00, 63),
(64, 200, 10.00, 2000.00, 64),
(65, 100, 10.00, 1000.00, 65),
(66, 200, 10.00, 2000.00, 66),
(67, 100, 10.00, 1000.00, 67),
(68, 200, 10.00, 2000.00, 68),
(69, 100, 10.00, 1000.00, 69),
(70, 200, 10.00, 2000.00, 70),
(71, 100, 10.00, 1000.00, 71),
(72, 200, 10.00, 2000.00, 72),
(73, 100, 10.00, 1000.00, 73),
(74, 200, 10.00, 2000.00, 74),
(75, 100, 10.00, 1000.00, 75),
(76, 200, 10.00, 2000.00, 76),
(77, 100, 10.00, 1000.00, 77),
(78, 200, 10.00, 2000.00, 78),
(79, 100, 10.00, 1000.00, 79),
(80, 200, 10.00, 2000.00, 80),
(81, 100, 10.00, 1000.00, 81),
(82, 200, 10.00, 2000.00, 82),
(83, 100, 10.00, 1000.00, 83),
(84, 200, 10.00, 2000.00, 84),
(85, 100, 10.00, 1000.00, 85),
(86, 200, 10.00, 2000.00, 86),
(87, 100, 10.00, 1000.00, 87),
(88, 200, 10.00, 2000.00, 88),
(89, 100, 10.00, 1000.00, 89),
(90, 200, 10.00, 2000.00, 90),
(91, 100, 10.00, 1000.00, 91),
(92, 200, 10.00, 2000.00, 92),
(93, 100, 10.00, 1000.00, 93),
(94, 200, 10.00, 2000.00, 94),
(95, 100, 10.00, 1000.00, 95),
(96, 200, 10.00, 2000.00, 96),
(97, 100, 10.00, 1000.00, 97),
(98, 200, 10.00, 2000.00, 98),
(99, 100, 10.00, 1000.00, 99),
(100, 200, 10.00, 2000.00, 100),
(101, 100, 10.00, 1000.00, 101),
(102, 200, 10.00, 2000.00, 102),
(103, 100, 10.00, 1000.00, 103),
(104, 200, 10.00, 2000.00, 104),
(105, 100, 10.00, 1000.00, 105),
(106, 200, 10.00, 2000.00, 106),
(107, 100, 10.00, 1000.00, 107),
(108, 200, 10.00, 2000.00, 108),
(109, 100, 10.00, 1000.00, 109),
(110, 200, 10.00, 2000.00, 110),
(111, 100, 10.00, 1000.00, 111),
(112, 200, 10.00, 2000.00, 112),
(113, 100, 10.00, 1000.00, 113),
(114, 200, 10.00, 2000.00, 114),
(115, 100, 10.00, 1000.00, 115),
(116, 200, 10.00, 2000.00, 116),
(117, 100, 10.00, 1000.00, 117),
(118, 200, 10.00, 2000.00, 118),
(119, 100, 10.00, 1000.00, 119),
(120, 200, 10.00, 2000.00, 120),
(121, 100, 10.00, 1000.00, 121),
(122, 200, 10.00, 2000.00, 122),
(123, 100, 10.00, 1000.00, 123),
(124, 200, 10.00, 2000.00, 124),
(125, 100, 10.00, 1000.00, 125),
(126, 200, 10.00, 2000.00, 126),
(127, 100, 10.00, 1000.00, 127),
(128, 200, 10.00, 2000.00, 128),
(129, 100, 10.00, 1000.00, 129),
(130, 200, 10.00, 2000.00, 130),
(131, 100, 10.00, 1000.00, 131),
(132, 200, 10.00, 2000.00, 132),
(133, 100, 10.00, 1000.00, 133),
(134, 200, 10.00, 2000.00, 134),
(135, 100, 10.00, 1000.00, 135),
(136, 200, 10.00, 2000.00, 136),
(137, 100, 10.00, 1000.00, 137),
(138, 200, 10.00, 2000.00, 138),
(139, 100, 10.00, 1000.00, 139),
(140, 200, 10.00, 2000.00, 140),
(141, 100, 10.00, 1000.00, 141),
(142, 200, 10.00, 2000.00, 142),
(143, 100, 10.00, 1000.00, 143),
(144, 200, 10.00, 2000.00, 144),
(145, 100, 10.00, 1000.00, 145),
(146, 200, 10.00, 2000.00, 146),
(147, 100, 10.00, 1000.00, 147),
(148, 200, 10.00, 2000.00, 148),
(149, 100, 10.00, 1000.00, 149),
(150, 200, 10.00, 2000.00, 150),
(151, 100, 10.00, 1000.00, 151),
(152, 200, 10.00, 2000.00, 152),
(153, 100, 10.00, 1000.00, 153),
(154, 200, 10.00, 2000.00, 154),
(155, 100, 10.00, 1000.00, 155),
(156, 200, 10.00, 2000.00, 156),
(157, 100, 10.00, 1000.00, 157),
(158, 200, 10.00, 2000.00, 158),
(159, 100, 10.00, 1000.00, 159),
(160, 200, 10.00, 2000.00, 160),
(161, 100, 10.00, 1000.00, 161),
(162, 200, 10.00, 2000.00, 162),
(163, 100, 10.00, 1000.00, 163),
(164, 200, 10.00, 2000.00, 164),
(165, 100, 10.00, 1000.00, 165),
(166, 200, 10.00, 2000.00, 166),
(167, 100, 10.00, 1000.00, 167),
(168, 200, 10.00, 2000.00, 168),
(169, 100, 10.00, 1000.00, 169),
(170, 200, 10.00, 2000.00, 170),
(171, 100, 10.00, 1000.00, 171),
(172, 200, 10.00, 2000.00, 172),
(173, 100, 10.00, 1000.00, 173),
(174, 200, 10.00, 2000.00, 174),
(175, 100, 10.00, 1000.00, 175),
(176, 200, 10.00, 2000.00, 176),
(177, 100, 10.00, 1000.00, 177),
(178, 200, 10.00, 2000.00, 178),
(179, 100, 10.00, 1000.00, 179),
(180, 200, 10.00, 2000.00, 180),
(181, 100, 10.00, 1000.00, 181),
(182, 200, 10.00, 2000.00, 182),
(183, 100, 10.00, 1000.00, 183),
(184, 200, 10.00, 2000.00, 184),
(185, 100, 10.00, 1000.00, 185),
(186, 200, 10.00, 2000.00, 186),
(187, 100, 10.00, 1000.00, 187),
(188, 200, 10.00, 2000.00, 188),
(189, 100, 10.00, 1000.00, 189),
(190, 200, 10.00, 2000.00, 190),
(191, 100, 10.00, 1000.00, 191),
(192, 200, 10.00, 2000.00, 192),
(193, 100, 10.00, 1000.00, 193),
(194, 200, 10.00, 2000.00, 194),
(195, 100, 10.00, 1000.00, 195),
(196, 200, 10.00, 2000.00, 196),
(197, 100, 10.00, 1000.00, 197),
(198, 200, 10.00, 2000.00, 198),
(199, 100, 10.00, 1000.00, 199),
(200, 200, 10.00, 2000.00, 200),
(201, 100, 10.00, 1000.00, 201),
(202, 200, 10.00, 2000.00, 202),
(205, 100, 10.00, 1000.00, 205),
(206, 200, 10.00, 2000.00, 206),
(207, 100, 10.00, 1000.00, 207),
(208, 200, 10.00, 2000.00, 208),
(209, 100, 10.00, 1000.00, 209),
(210, 200, 10.00, 2000.00, 210),
(211, 100, 10.00, 1000.00, 211),
(212, 200, 10.00, 2000.00, 212),
(213, 100, 10.00, 1000.00, 213),
(214, 200, 10.00, 2000.00, 214),
(215, 100, 10.00, 1000.00, 215),
(216, 200, 10.00, 2000.00, 216),
(217, 100, 10.00, 1000.00, 217),
(218, 200, 10.00, 2000.00, 218),
(219, 100, 10.00, 1000.00, 219),
(220, 200, 10.00, 2000.00, 220),
(221, 100, 10.00, 1000.00, 221),
(222, 200, 10.00, 2000.00, 222),
(223, 100, 10.00, 1000.00, 223),
(224, 200, 10.00, 2000.00, 224),
(225, 100, 10.00, 1000.00, 225),
(226, 200, 10.00, 2000.00, 226),
(227, 100, 10.00, 1000.00, 227),
(228, 200, 10.00, 2000.00, 228),
(229, 100, 10.00, 1000.00, 229),
(230, 200, 10.00, 2000.00, 230),
(231, 100, 10.00, 1000.00, 231),
(232, 200, 10.00, 2000.00, 232),
(233, 100, 10.00, 1000.00, 233),
(234, 200, 10.00, 2000.00, 234),
(235, 100, 10.00, 1000.00, 235),
(236, 200, 10.00, 2000.00, 236),
(237, 100, 10.00, 1000.00, 237),
(238, 200, 10.00, 2000.00, 238),
(239, 100, 10.00, 1000.00, 239),
(240, 200, 10.00, 2000.00, 240),
(241, 100, 10.00, 1000.00, 241),
(242, 200, 10.00, 2000.00, 242),
(243, 100, 10.00, 1000.00, 243),
(244, 200, 10.00, 2000.00, 244),
(245, 100, 10.00, 1000.00, 245),
(246, 200, 10.00, 2000.00, 246),
(247, 100, 10.00, 1000.00, 247),
(248, 200, 10.00, 2000.00, 248),
(249, 100, 10.00, 1000.00, 249),
(250, 200, 10.00, 2000.00, 250),
(251, 100, 10.00, 1000.00, 251),
(252, 200, 10.00, 2000.00, 252),
(253, 100, 10.00, 1000.00, 253),
(254, 200, 10.00, 2000.00, 254),
(255, 100, 10.00, 1000.00, 255),
(256, 200, 10.00, 2000.00, 256),
(257, 100, 10.00, 1000.00, 257),
(258, 200, 10.00, 2000.00, 258),
(259, 100, 10.00, 1000.00, 259),
(260, 200, 10.00, 2000.00, 260),
(261, 100, 10.00, 1000.00, 261),
(262, 200, 10.00, 2000.00, 262),
(263, 100, 10.00, 1000.00, 263),
(264, 200, 10.00, 2000.00, 264),
(265, 100, 10.00, 1000.00, 265),
(266, 200, 10.00, 2000.00, 266),
(267, 100, 10.00, 1000.00, 267),
(268, 200, 10.00, 2000.00, 268),
(269, 100, 10.00, 1000.00, 269),
(270, 200, 10.00, 2000.00, 270),
(271, 100, 10.00, 1000.00, 271),
(272, 200, 10.00, 2000.00, 272),
(273, 100, 10.00, 1000.00, 273),
(274, 200, 10.00, 2000.00, 274),
(275, 100, 10.00, 1000.00, 275),
(276, 200, 10.00, 2000.00, 276),
(277, 100, 10.00, 1000.00, 277),
(278, 200, 10.00, 2000.00, 278),
(279, 100, 10.00, 1000.00, 279),
(280, 200, 10.00, 2000.00, 280),
(281, 100, 10.00, 1000.00, 281),
(282, 200, 10.00, 2000.00, 282),
(283, 100, 10.00, 1000.00, 283),
(284, 200, 10.00, 2000.00, 284),
(285, 100, 10.00, 1000.00, 285),
(286, 200, 10.00, 2000.00, 286),
(287, 100, 10.00, 1000.00, 287),
(288, 200, 10.00, 2000.00, 288),
(289, 100, 10.00, 1000.00, 289),
(290, 200, 10.00, 2000.00, 290),
(291, 100, 10.00, 1000.00, 291),
(292, 200, 10.00, 2000.00, 292),
(293, 100, 10.00, 1000.00, 293),
(294, 200, 10.00, 2000.00, 294),
(295, 100, 10.00, 1000.00, 295),
(296, 200, 10.00, 2000.00, 296),
(297, 100, 10.00, 1000.00, 297),
(298, 200, 10.00, 2000.00, 298),
(299, 100, 10.00, 1000.00, 299),
(300, 200, 10.00, 2000.00, 300),
(301, 100, 10.00, 1000.00, 301),
(302, 200, 10.00, 2000.00, 302),
(303, 100, 10.00, 1000.00, 303),
(304, 200, 10.00, 2000.00, 304),
(305, 100, 10.00, 1000.00, 305),
(306, 200, 10.00, 2000.00, 306),
(307, 100, 10.00, 1000.00, 307),
(308, 200, 10.00, 2000.00, 308),
(309, 100, 10.00, 1000.00, 309),
(310, 200, 10.00, 2000.00, 310),
(311, 100, 10.00, 1000.00, 311),
(312, 200, 10.00, 2000.00, 312),
(313, 100, 10.00, 1000.00, 313),
(314, 200, 10.00, 2000.00, 314),
(315, 100, 10.00, 1000.00, 315),
(316, 200, 10.00, 2000.00, 316),
(317, 100, 10.00, 1000.00, 317),
(318, 200, 10.00, 2000.00, 318),
(319, 100, 10.00, 1000.00, 319),
(320, 200, 10.00, 2000.00, 320),
(321, 100, 10.00, 1000.00, 321),
(322, 200, 10.00, 2000.00, 322),
(327, 100, 10.00, 1000.00, 327),
(328, 200, 10.00, 2000.00, 328),
(329, 100, 10.00, 1000.00, 329),
(330, 200, 10.00, 2000.00, 330),
(331, 100, 10.00, 1000.00, 331),
(332, 200, 10.00, 2000.00, 332),
(333, 100, 10.00, 1000.00, 333),
(334, 200, 10.00, 2000.00, 334),
(335, 100, 10.00, 1000.00, 335),
(336, 200, 10.00, 2000.00, 336),
(337, 100, 10.00, 1000.00, 337),
(338, 200, 10.00, 2000.00, 338),
(339, 100, 10.00, 1000.00, 339),
(340, 200, 10.00, 2000.00, 340),
(341, 100, 10.00, 1000.00, 341),
(342, 200, 10.00, 2000.00, 342),
(343, 100, 10.00, 1000.00, 343),
(344, 200, 10.00, 2000.00, 344),
(345, 100, 10.00, 1000.00, 345),
(346, 200, 10.00, 2000.00, 346),
(347, 100, 10.00, 1000.00, 347),
(348, 200, 10.00, 2000.00, 348),
(349, 100, 10.00, 1000.00, 349),
(350, 200, 10.00, 2000.00, 350),
(351, 100, 10.00, 1000.00, 351),
(352, 200, 10.00, 2000.00, 352),
(353, 100, 10.00, 1000.00, 353),
(354, 200, 10.00, 2000.00, 354),
(355, 100, 10.00, 1000.00, 355),
(356, 200, 10.00, 2000.00, 356),
(357, 100, 10.00, 1000.00, 357),
(358, 200, 10.00, 2000.00, 358),
(359, 100, 10.00, 1000.00, 359),
(360, 200, 10.00, 2000.00, 360),
(361, 100, 10.00, 1000.00, 361),
(362, 200, 10.00, 2000.00, 362),
(363, 100, 10.00, 1000.00, 363),
(364, 200, 10.00, 2000.00, 364),
(365, 100, 10.00, 1000.00, 365),
(366, 200, 10.00, 2000.00, 366),
(367, 100, 10.00, 1000.00, 367),
(368, 200, 10.00, 2000.00, 368),
(369, 100, 10.00, 1000.00, 369),
(370, 200, 10.00, 2000.00, 370),
(371, 100, 10.00, 1000.00, 371),
(372, 200, 10.00, 2000.00, 372),
(373, 100, 10.00, 1000.00, 373),
(374, 200, 10.00, 2000.00, 374),
(375, 198, 10.00, 1980.00, 375),
(376, 199, 10.00, 1990.00, 376),
(377, 199, 10.00, 1990.00, 377),
(378, 199, 10.00, 1990.00, 378),
(379, 198, 10.00, 1980.00, 379),
(380, 197, 10.00, 1970.00, 380),
(381, 199, 10.00, 1990.00, 381),
(382, 199, 10.00, 1990.00, 382),
(383, 197, 10.00, 1970.00, 383),
(384, 196, 10.00, 1960.00, 384),
(385, 193, 10.00, 1930.00, 385),
(387, 100, 1.00, 100.00, 387),
(388, 200, 1.00, 200.00, 388),
(391, 197, 10.00, 1970.00, 391),
(392, 199, 10.00, 1990.00, 392),
(393, 194, 10.00, 1940.00, 393),
(394, 185, 10.00, 1850.00, 394),
(397, 199, 10.00, 1990.00, 397),
(398, 199, 10.00, 1990.00, 398),
(399, 196, 10.00, 1960.00, 399),
(400, 198, 10.00, 1980.00, 400),
(401, 199, 10.00, 1990.00, 401),
(402, 170, 10.00, 1700.00, 402),
(403, 189, 10.00, 1890.00, 403),
(404, 198, 10.00, 1980.00, 404),
(405, 193, 10.00, 1930.00, 405),
(406, 194, 10.00, 1940.00, 406),
(408, 199, 10.00, 1990.00, 408),
(409, 195, 10.00, 1950.00, 409),
(410, 198, 10.00, 1980.00, 410),
(411, 192, 10.00, 1920.00, 411),
(412, 198, 10.00, 1980.00, 412),
(413, 198, 10.00, 1980.00, 413),
(414, 195, 10.00, 1950.00, 414),
(415, 196, 10.00, 1960.00, 415),
(416, 196, 10.00, 1960.00, 416),
(417, 182, 10.00, 1820.00, 417),
(418, 147, 10.00, 1470.00, 418),
(419, 198, 10.00, 1980.00, 419),
(420, 198, 10.00, 1980.00, 420),
(421, 196, 10.00, 1960.00, 421),
(423, 198, 10.00, 1980.00, 423),
(424, 194, 10.00, 1940.00, 424),
(425, 199, 10.00, 1990.00, 425),
(426, 196, 10.00, 1960.00, 426),
(427, 195, 10.00, 1950.00, 427),
(428, 194, 10.00, 1940.00, 428),
(430, 192, 10.00, 1920.00, 430),
(431, 199, 10.00, 1990.00, 431),
(432, 188, 10.00, 1880.00, 432),
(433, 197, 10.00, 1970.00, 433),
(435, 191, 10.00, 1910.00, 435),
(436, 199, 10.00, 1990.00, 436),
(437, 186, 10.00, 1860.00, 437),
(438, 199, 10.00, 1990.00, 438),
(440, 195, 10.00, 1950.00, 440),
(441, 193, 10.00, 1930.00, 441),
(442, 197, 10.00, 1970.00, 442),
(443, 194, 10.00, 1940.00, 443),
(444, 199, 10.00, 1990.00, 444),
(445, 199, 10.00, 1990.00, 445),
(446, 198, 10.00, 1980.00, 446),
(447, 198, 10.00, 1980.00, 447),
(448, 180, 10.00, 1800.00, 448),
(449, 198, 10.00, 1980.00, 449),
(450, 186, 10.00, 1860.00, 450),
(451, 185, 10.00, 1850.00, 451),
(452, 192, 10.00, 1920.00, 452),
(453, 197, 10.00, 1970.00, 453),
(454, 198, 10.00, 1980.00, 454),
(455, 198, 10.00, 1980.00, 455),
(456, 197, 10.00, 1970.00, 456),
(457, 194, 10.00, 1940.00, 457),
(458, 197, 10.00, 1970.00, 458),
(459, 191, 10.00, 1910.00, 459),
(460, 197, 10.00, 1970.00, 460),
(461, 187, 10.00, 1870.00, 461),
(463, 183, 10.00, 1830.00, 463),
(464, 175, 10.00, 1750.00, 464),
(465, 193, 10.00, 1930.00, 465),
(466, 195, 10.00, 1950.00, 466),
(467, 180, 10.00, 1800.00, 467),
(468, 195, 10.00, 1950.00, 468),
(469, 198, 10.00, 1980.00, 469),
(470, 184, 10.00, 1840.00, 470),
(471, 198, 10.00, 1980.00, 471),
(472, 183, 10.00, 1830.00, 472),
(473, 178, 10.00, 1780.00, 473),
(474, 196, 10.00, 1960.00, 474),
(475, 199, 10.00, 1990.00, 475),
(476, 190, 10.00, 1900.00, 476),
(477, 182, 10.00, 1820.00, 477),
(478, 162, 20.00, 3240.00, 478),
(479, 171, 20.00, 3420.00, 479),
(480, 186, 25.00, 4650.00, 480),
(481, 197, 25.00, 4925.00, 481),
(482, 197, 10.00, 1970.00, 482),
(483, 183, 10.00, 1830.00, 483),
(484, 184, 10.00, 1840.00, 484),
(485, 176, 10.00, 1760.00, 485),
(486, 195, 10.00, 1950.00, 486),
(487, 196, 10.00, 1960.00, 487),
(488, 197, 10.00, 1970.00, 488),
(489, 175, 10.00, 1750.00, 489),
(490, 174, 10.00, 1740.00, 490),
(491, 186, 10.00, 1860.00, 491),
(492, 199, 10.00, 1990.00, 492),
(493, 198, 10.00, 1980.00, 493),
(494, 178, 10.00, 1780.00, 494),
(495, 189, 10.00, 1890.00, 495),
(496, 199, 10.00, 1990.00, 496),
(497, 196, 10.00, 1960.00, 497),
(498, 194, 10.00, 1940.00, 498),
(499, 176, 10.00, 1760.00, 499),
(500, 188, 10.00, 1880.00, 500),
(501, 198, 10.00, 1980.00, 501),
(502, 194, 10.00, 1940.00, 502),
(503, 197, 10.00, 1970.00, 503),
(504, 183, 10.00, 1830.00, 504),
(505, 181, 10.00, 1810.00, 505),
(506, 187, 10.00, 1870.00, 506),
(507, 199, 10.00, 1990.00, 507),
(508, 181, 10.00, 1810.00, 508),
(509, 198, 10.00, 1980.00, 509),
(510, 197, 10.00, 1970.00, 510),
(511, 195, 10.00, 1950.00, 511),
(512, 168, 10.00, 1680.00, 512),
(513, 181, 10.00, 1810.00, 513),
(514, 196, 25.00, 4900.00, 514),
(515, 177, 10.00, 1770.00, 515),
(516, 194, 10.00, 1940.00, 516),
(517, 175, 10.00, 1750.00, 517),
(518, 170, 20.00, 3400.00, 518),
(519, 167, 10.00, 1670.00, 519),
(520, 196, 10.00, 1960.00, 520),
(521, 193, 10.00, 1930.00, 521),
(522, 193, 10.00, 1930.00, 522),
(523, 193, 10.00, 1930.00, 523),
(524, 159, 10.00, 1590.00, 524),
(525, 172, 10.00, 1720.00, 525),
(526, 176, 10.00, 1760.00, 526),
(527, 199, 10.00, 1990.00, 527),
(528, 177, 10.00, 1770.00, 528),
(529, 175, 10.00, 1750.00, 529),
(530, 158, 10.00, 1580.00, 530),
(531, 199, 10.00, 1990.00, 531),
(532, 183, 10.00, 1830.00, 532),
(533, 182, 10.00, 1820.00, 533),
(534, 198, 10.00, 1980.00, 534),
(535, 169, 20.00, 3380.00, 535),
(536, 188, 10.00, 1880.00, 536),
(537, 149, 10.00, 1490.00, 537),
(538, 191, 10.00, 1910.00, 538),
(539, 191, 10.00, 1910.00, 539),
(540, 169, 10.00, 1690.00, 540),
(541, 168, 10.00, 1680.00, 541),
(542, 181, 10.00, 1810.00, 542),
(543, 192, 10.00, 1920.00, 543),
(544, 198, 10.00, 1980.00, 544),
(545, 195, 25.00, 4875.00, 545),
(546, 173, 10.00, 1730.00, 546),
(547, 193, 10.00, 1930.00, 547),
(548, 182, 10.00, 1820.00, 548),
(549, 199, 10.00, 1990.00, 549),
(550, 171, 10.00, 1710.00, 550),
(551, 170, 10.00, 1700.00, 551),
(552, 187, 10.00, 1870.00, 552),
(553, 189, 10.00, 1890.00, 553),
(554, 167, 10.00, 1670.00, 554),
(555, 187, 10.00, 1870.00, 555),
(556, 198, 10.00, 1980.00, 556),
(557, 177, 10.00, 1770.00, 557),
(558, 142, 10.00, 1420.00, 558),
(559, 198, 10.00, 1980.00, 559),
(560, 195, 10.00, 1950.00, 560),
(561, 165, 10.00, 1650.00, 561),
(562, 163, 10.00, 1630.00, 562),
(563, 199, 10.00, 1990.00, 563),
(564, 180, 10.00, 1800.00, 564),
(565, 153, 10.00, 1530.00, 565),
(566, 199, 10.00, 1990.00, 566),
(567, 183, 10.00, 1830.00, 567),
(568, 194, 25.00, 4850.00, 568),
(569, 198, 10.00, 1980.00, 569),
(570, 199, 10.00, 1990.00, 570),
(571, 162, 10.00, 1620.00, 571),
(572, 140, 10.00, 1400.00, 572),
(573, 178, 10.00, 1780.00, 573),
(574, 199, 10.00, 1990.00, 574),
(575, 197, 10.00, 1970.00, 575),
(576, 147, 10.00, 1470.00, 576),
(577, 165, 10.00, 1650.00, 577),
(578, 198, 10.00, 1980.00, 578),
(579, 140, 10.00, 1400.00, 579),
(580, 137, 10.00, 1370.00, 580),
(581, 193, 10.00, 1930.00, 581),
(582, 193, 10.00, 1930.00, 582),
(583, 164, 10.00, 1640.00, 583),
(584, 131, 10.00, 1310.00, 584),
(585, 194, 10.00, 1940.00, 585),
(586, 176, 10.00, 1760.00, 586),
(587, 141, 10.00, 1410.00, 587),
(588, 157, 10.00, 1570.00, 588),
(589, 138, 10.00, 1380.00, 589),
(590, 197, 10.00, 1970.00, 590),
(591, 196, 10.00, 1960.00, 591),
(592, 186, 10.00, 1860.00, 592),
(593, 129, 10.00, 1290.00, 593),
(594, 193, 25.00, 4825.00, 594),
(595, 128, 10.00, 1280.00, 595),
(596, 193, 10.00, 1930.00, 596),
(597, 195, 10.00, 1950.00, 597),
(598, 190, 10.00, 1900.00, 598),
(599, 175, 10.00, 1750.00, 599),
(600, 152, 10.00, 1520.00, 600),
(601, 168, 20.00, 3360.00, 601),
(602, 192, 10.00, 1920.00, 602),
(603, 196, 10.00, 1960.00, 603),
(604, 174, 10.00, 1740.00, 604),
(605, 169, 10.00, 1690.00, 605),
(606, 137, 10.00, 1370.00, 606),
(607, 199, 10.00, 1990.00, 607),
(608, 177, 10.00, 1770.00, 608),
(609, 135, 10.00, 1350.00, 609),
(610, 122, 10.00, 1220.00, 610),
(611, 192, 10.00, 1920.00, 611),
(612, 134, 10.00, 1340.00, 612),
(613, 195, 10.00, 1950.00, 613),
(614, 176, 10.00, 1760.00, 614),
(615, 155, 10.00, 1550.00, 615),
(616, 199, 10.00, 1990.00, 616),
(617, 182, 10.00, 1820.00, 617),
(618, 187, 10.00, 1870.00, 618),
(619, 181, 10.00, 1810.00, 619),
(620, 198, 10.00, 1980.00, 620),
(621, 133, 10.00, 1330.00, 621),
(622, 173, 10.00, 1730.00, 622),
(623, 167, 20.00, 3340.00, 623),
(624, 141, 10.00, 1410.00, 624),
(625, 198, 10.00, 1980.00, 625),
(626, 185, 10.00, 1850.00, 626),
(627, 185, 10.00, 1850.00, 627),
(628, 179, 10.00, 1790.00, 628),
(629, 146, 10.00, 1460.00, 629),
(630, 190, 10.00, 1900.00, 630),
(631, 192, 25.00, 4800.00, 631),
(632, 168, 10.00, 1680.00, 632),
(633, 199, 10.00, 1990.00, 633),
(634, 197, 10.00, 1970.00, 634),
(635, 120, 10.00, 1200.00, 635),
(636, 199, 10.00, 1990.00, 636),
(637, 199, 10.00, 1990.00, 637),
(638, 191, 10.00, 1910.00, 638),
(639, 192, 10.00, 1920.00, 639),
(640, 174, 10.00, 1740.00, 640),
(641, 195, 10.00, 1950.00, 641),
(642, 184, 10.00, 1840.00, 642),
(643, 183, 10.00, 1830.00, 643),
(644, 191, 25.00, 4775.00, 644),
(645, 196, 10.00, 1960.00, 645),
(646, 199, 10.00, 1990.00, 646),
(647, 129, 10.00, 1290.00, 647),
(648, 168, 10.00, 1680.00, 648),
(649, 126, 10.00, 1260.00, 649),
(650, 187, 10.00, 1870.00, 650),
(651, 194, 10.00, 1940.00, 651),
(652, 163, 10.00, 1630.00, 652),
(653, 145, 10.00, 1450.00, 653),
(654, 199, 10.00, 1990.00, 654),
(655, 199, 10.00, 1990.00, 655),
(656, 186, 10.00, 1860.00, 656),
(657, 142, 10.00, 1420.00, 657),
(658, 191, 10.00, 1910.00, 658),
(659, 194, 10.00, 1940.00, 659),
(660, 193, 10.00, 1930.00, 660),
(661, 190, 25.00, 4750.00, 661),
(662, 196, 10.00, 1960.00, 662),
(663, 196, 10.00, 1960.00, 663),
(664, 197, 10.00, 1970.00, 664),
(665, 137, 10.00, 1370.00, 665),
(666, 199, 10.00, 1990.00, 666),
(667, 125, 10.00, 1250.00, 667),
(668, 195, 10.00, 1950.00, 668),
(669, 190, 10.00, 1900.00, 669),
(670, 197, 10.00, 1970.00, 670),
(671, 123, 10.00, 1230.00, 671),
(672, 190, 10.00, 1900.00, 672),
(673, 136, 10.00, 1360.00, 673),
(674, 162, 10.00, 1620.00, 674),
(675, 118, 10.00, 1180.00, 675),
(676, 182, 10.00, 1820.00, 676),
(677, 115, 10.00, 1150.00, 677),
(678, 122, 10.00, 1220.00, 678),
(679, 189, 10.00, 1890.00, 679),
(680, 188, 10.00, 1880.00, 680),
(681, 135, 10.00, 1350.00, 681),
(682, 114, 10.00, 1140.00, 682),
(683, 128, 10.00, 1280.00, 683),
(684, 187, 10.00, 1870.00, 684),
(685, 159, 10.00, 1590.00, 685),
(686, 197, 10.00, 1970.00, 686),
(687, 194, 10.00, 1940.00, 687),
(688, 118, 10.00, 1180.00, 688),
(689, 168, 10.00, 1680.00, 689),
(690, 190, 10.00, 1900.00, 690),
(691, 114, 10.00, 1140.00, 691),
(692, 113, 10.00, 1130.00, 692),
(693, 189, 10.00, 1890.00, 693),
(694, 189, 10.00, 1890.00, 694),
(695, 153, 10.00, 1530.00, 695),
(696, 163, 10.00, 1630.00, 696),
(697, 187, 10.00, 1870.00, 697),
(698, 127, 10.00, 1270.00, 698),
(699, 111, 10.00, 1110.00, 699),
(700, 185, 10.00, 1850.00, 700),
(701, 188, 25.00, 4700.00, 701),
(702, 188, 10.00, 1880.00, 702),
(703, 125, 10.00, 1250.00, 703),
(704, 199, 10.00, 1990.00, 704),
(705, 198, 10.00, 1980.00, 705),
(706, 187, 10.00, 1870.00, 706),
(707, 194, 10.00, 1940.00, 707),
(708, 147, 10.00, 1470.00, 708),
(709, 161, 10.00, 1610.00, 709),
(710, 198, 10.00, 1980.00, 710),
(711, 146, 10.00, 1460.00, 711),
(712, 187, 25.00, 4675.00, 712),
(713, 187, 10.00, 1870.00, 713),
(714, 186, 25.00, 4650.00, 714),
(715, 199, 10.00, 1990.00, 715),
(716, 196, 10.00, 1960.00, 716),
(717, 173, 10.00, 1730.00, 717),
(718, 193, 10.00, 1930.00, 718),
(719, 108, 10.00, 1080.00, 719),
(720, 199, 10.00, 1990.00, 720),
(721, 198, 10.00, 1980.00, 721),
(722, 184, 25.00, 4600.00, 722),
(723, 166, 20.00, 3320.00, 723),
(724, 199, 10.00, 1990.00, 724),
(725, 124, 10.00, 1240.00, 725),
(726, 195, 10.00, 1950.00, 726),
(727, 183, 25.00, 4575.00, 727),
(728, 192, 10.00, 1920.00, 728),
(729, 107, 10.00, 1070.00, 729),
(730, 188, 10.00, 1880.00, 730),
(731, 178, 10.00, 1780.00, 731),
(732, 197, 10.00, 1970.00, 732),
(733, 104, 10.00, 1040.00, 733),
(734, 186, 10.00, 1860.00, 734),
(735, 2, 53.40, 106.80, 735),
(736, 3, 53.40, 160.20, 736),
(737, 181, 10.00, 1810.00, 737),
(738, 102, 10.00, 1020.00, 738),
(739, 99, 10.00, 990.00, 739),
(740, 143, 10.00, 1430.00, 740),
(741, 111, 10.00, 1110.00, 741),
(742, 171, 10.00, 1710.00, 742),
(743, 186, 10.00, 1860.00, 743),
(744, 185, 10.00, 1850.00, 744),
(745, 142, 10.00, 1420.00, 745),
(746, 184, 10.00, 1840.00, 746),
(747, 193, 10.00, 1930.00, 747),
(748, 109, 10.00, 1090.00, 748),
(749, 141, 10.00, 1410.00, 749),
(750, 121, 10.00, 1210.00, 750),
(751, 140, 10.00, 1400.00, 751),
(752, 108, 10.00, 1080.00, 752),
(753, 184, 10.00, 1840.00, 753),
(754, 177, 10.00, 1770.00, 754),
(755, 180, 10.00, 1800.00, 755),
(756, 193, 10.00, 1930.00, 756),
(757, 96, 10.00, 960.00, 757),
(758, 137, 10.00, 1370.00, 758),
(759, 194, 10.00, 1940.00, 759),
(760, 157, 10.00, 1570.00, 760),
(761, 183, 10.00, 1830.00, 761),
(762, 92, 10.00, 920.00, 762),
(763, 101, 10.00, 1010.00, 763),
(764, 182, 25.00, 4550.00, 764),
(765, 165, 20.00, 3300.00, 765),
(766, 127, 10.00, 1270.00, 766),
(767, 116, 10.00, 1160.00, 767),
(768, 165, 10.00, 1650.00, 768),
(769, 189, 10.00, 1890.00, 769),
(770, 199, 10.00, 1990.00, 770),
(771, 196, 10.00, 1960.00, 771),
(772, 198, 10.00, 1980.00, 772),
(773, 99, 10.00, 990.00, 773),
(774, 90, 10.00, 900.00, 774),
(775, 139, 10.00, 1390.00, 775),
(776, 198, 10.00, 1980.00, 776),
(777, 182, 10.00, 1820.00, 777),
(778, 176, 10.00, 1760.00, 778),
(779, 175, 10.00, 1750.00, 779),
(780, 97, 10.00, 970.00, 780),
(781, 89, 10.00, 890.00, 781),
(782, 185, 10.00, 1850.00, 782),
(783, 138, 10.00, 1380.00, 783),
(784, 163, 10.00, 1630.00, 784),
(785, 196, 10.00, 1960.00, 785),
(786, 195, 10.00, 1950.00, 786),
(787, 199, 10.00, 1990.00, 787),
(788, 192, 10.00, 1920.00, 788),
(789, 96, 10.00, 960.00, 789),
(790, 188, 10.00, 1880.00, 790),
(791, 84, 10.00, 840.00, 791),
(792, 195, 10.00, 1950.00, 792),
(793, 115, 10.00, 1150.00, 793),
(794, 184, 10.00, 1840.00, 794),
(795, 126, 10.00, 1260.00, 795),
(796, 95, 10.00, 950.00, 796),
(797, 82, 10.00, 820.00, 797),
(798, 187, 10.00, 1870.00, 798),
(799, 162, 10.00, 1620.00, 799),
(800, 137, 10.00, 1370.00, 800),
(801, 183, 10.00, 1830.00, 801),
(802, 194, 10.00, 1940.00, 802),
(803, 164, 20.00, 3280.00, 803),
(804, 191, 10.00, 1910.00, 804),
(805, 135, 10.00, 1350.00, 805),
(806, 192, 10.00, 1920.00, 806),
(807, 198, 10.00, 1980.00, 807),
(808, 133, 10.00, 1330.00, 808),
(809, 193, 10.00, 1930.00, 809),
(810, 192, 10.00, 1920.00, 810),
(811, 199, 10.00, 1990.00, 811),
(812, 198, 10.00, 1980.00, 812),
(813, 92, 10.00, 920.00, 813),
(814, 159, 10.00, 1590.00, 814),
(815, 6, 6.17, 37.02, 815),
(816, 12, 6.17, 74.04, 816),
(817, 18, 6.17, 111.06, 817),
(818, 24, 6.17, 148.08, 818),
(819, 196, 10.00, 1960.00, 819),
(820, 174, 10.00, 1740.00, 820),
(821, 181, 10.00, 1810.00, 821),
(822, 173, 10.00, 1730.00, 822),
(823, 195, 10.00, 1950.00, 823),
(824, 198, 10.00, 1980.00, 824),
(825, 36, 3.75, 135.00, 825),
(826, 60, 3.65, 219.00, 826),
(827, 12, 1.62, 19.44, 827),
(828, 3, 4.15, 12.45, 828),
(829, 111, 3.76, 417.45, 829),
(830, 123, 3.74, 459.45, 830),
(831, 146, 3.40, 496.71, 831),
(832, 156, 3.45, 538.21, 832),
(833, 182, 10.00, 1820.00, 833),
(834, 180, 10.00, 1800.00, 834),
(835, 172, 10.00, 1720.00, 835),
(839, 158, 10.00, 1580.00, 839),
(840, 185, 10.00, 1850.00, 840),
(841, 198, 10.00, 1980.00, 841),
(842, 80, 10.00, 800.00, 842),
(843, 156, 10.00, 1560.00, 843),
(844, 199, 10.00, 1990.00, 844),
(845, 171, 10.00, 1710.00, 845),
(846, 199, 10.00, 1990.00, 846),
(847, 191, 10.00, 1910.00, 847),
(848, 78, 10.00, 780.00, 848),
(849, 76, 10.00, 760.00, 849),
(850, 186, 10.00, 1860.00, 850),
(851, 114, 10.00, 1140.00, 851),
(852, 79, 10.00, 790.00, 852),
(853, 190, 10.00, 1900.00, 853),
(854, 194, 10.00, 1940.00, 854),
(855, 192, 10.00, 1920.00, 855),
(856, 78, 10.00, 780.00, 856),
(857, 131, 10.00, 1310.00, 857),
(858, 191, 10.00, 1910.00, 858),
(859, 130, 10.00, 1300.00, 859),
(860, 181, 25.00, 4525.00, 860),
(861, 129, 10.00, 1290.00, 861),
(862, 187, 10.00, 1870.00, 862),
(863, 163, 20.00, 3260.00, 863),
(864, 103, 10.00, 1030.00, 864),
(865, 102, 10.00, 1020.00, 865),
(866, 108, 10.00, 1080.00, 866),
(867, 118, 10.68, 1260.00, 867),
(868, 103, 10.00, 1030.00, 868),
(869, 103, 10.00, 1030.00, 869),
(870, 108, 9.81, 1060.00, 870),
(871, 107, 9.81, 1050.19, 871),
(872, 71, 10.00, 710.00, 872),
(873, 49, 10.00, 490.00, 873),
(874, 92, 10.00, 920.00, 874),
(875, 99, 10.00, 990.00, 875),
(876, 114, 10.00, 1140.00, 876),
(877, 110, 10.00, 1100.00, 877),
(878, 106, 10.00, 1060.00, 878),
(879, 110, 9.68, 1065.00, 879),
(880, 102, 10.00, 1020.00, 880),
(881, 103, 10.00, 1030.00, 881),
(882, 162, 20.00, 3240.00, 882),
(883, 199, 10.00, 1990.00, 883),
(884, 71, 10.00, 710.00, 884),
(885, 117, 3.74, 437.01, 885),
(886, 47, 10.00, 470.00, 886),
(887, 109, 9.68, 1055.32, 887),
(888, 191, 10.00, 1910.00, 888),
(889, 108, 9.68, 1045.64, 889),
(890, 70, 10.00, 700.00, 890),
(891, 91, 10.00, 910.00, 891),
(892, 69, 10.00, 690.00, 892),
(893, 46, 10.00, 460.00, 893),
(894, 117, 10.68, 1249.32, 894),
(895, 155, 10.00, 1550.00, 895),
(896, 38, 10.00, 380.00, 896),
(897, 184, 10.00, 1840.00, 897),
(898, 199, 10.00, 1990.00, 898),
(899, 107, 10.00, 1070.00, 899),
(900, 196, 10.00, 1960.00, 900),
(901, 199, 10.00, 1990.00, 901),
(902, 193, 10.00, 1930.00, 902),
(903, 89, 10.00, 890.00, 903),
(904, 103, 9.68, 997.24, 904),
(905, 179, 10.00, 1790.00, 905),
(906, 195, 10.00, 1950.00, 906),
(907, 192, 10.00, 1920.00, 907),
(908, 109, 3.76, 409.93, 908),
(909, 185, 10.00, 1850.00, 909),
(910, 193, 10.00, 1930.00, 910),
(911, 199, 10.00, 1990.00, 911),
(912, 199, 1.00, 199.00, 912),
(913, 185, 10.00, 1850.00, 913),
(914, 154, 10.00, 1540.00, 914),
(915, 190, 10.00, 1900.00, 915),
(916, 116, 10.68, 1238.64, 916),
(917, 191, 10.00, 1910.00, 917),
(918, 179, 10.00, 1790.00, 918),
(919, 105, 10.00, 1050.00, 919),
(920, 197, 10.00, 1970.00, 920),
(921, 66, 10.00, 660.00, 921),
(922, 108, 3.76, 406.17, 922),
(923, 198, 10.00, 1980.00, 923),
(924, 198, 10.00, 1980.00, 924),
(925, 189, 10.00, 1890.00, 925),
(926, 193, 10.00, 1930.00, 926),
(927, 153, 10.00, 1530.00, 927),
(928, 51, 10.00, 510.00, 928),
(929, 36, 10.00, 360.00, 929),
(930, 88, 10.00, 880.00, 930),
(931, 159, 20.00, 3180.00, 931),
(932, 99, 9.68, 958.52, 932),
(933, 187, 10.00, 1870.00, 933),
(934, 106, 3.76, 398.65, 934),
(935, 184, 10.00, 1840.00, 935),
(936, 115, 10.68, 1227.96, 936),
(937, 198, 10.00, 1980.00, 937),
(938, 105, 3.76, 394.89, 938),
(939, 46, 10.00, 460.00, 939),
(940, 186, 10.00, 1860.00, 940),
(941, 104, 3.76, 391.13, 941),
(942, 192, 10.00, 1920.00, 942),
(943, 152, 10.00, 1520.00, 943),
(944, 45, 10.00, 450.00, 944),
(945, 94, 9.68, 910.12, 945),
(946, 35, 10.00, 350.00, 946),
(947, 189, 10.00, 1890.00, 947),
(948, 103, 3.76, 387.37, 948),
(949, 102, 3.76, 383.61, 949),
(950, 191, 10.00, 1910.00, 950),
(951, 181, 10.00, 1810.00, 951),
(952, 198, 10.00, 1980.00, 952),
(953, 90, 9.68, 871.40, 953),
(954, 44, 10.00, 440.00, 954),
(955, 34, 10.00, 340.00, 955),
(956, 23, 6.17, 141.91, 956),
(957, 22, 6.17, 135.74, 957),
(958, 182, 10.00, 1820.00, 958),
(959, 87, 10.00, 870.00, 959),
(960, 197, 10.00, 1970.00, 960),
(961, 96, 10.00, 960.00, 961),
(962, 189, 10.00, 1890.00, 962),
(963, 101, 3.76, 379.85, 963),
(964, 99, 3.76, 372.33, 964),
(965, 180, 10.00, 1800.00, 965),
(966, 186, 10.00, 1860.00, 966),
(967, 184, 10.00, 1840.00, 967),
(968, 184, 10.00, 1840.00, 968),
(969, 42, 10.00, 420.00, 969),
(970, 70, 10.00, 700.00, 970),
(971, 40, 10.00, 400.00, 971),
(972, 98, 3.76, 368.57, 972),
(973, 33, 10.00, 330.00, 973),
(974, 178, 10.00, 1780.00, 974),
(975, 39, 10.00, 390.00, 975),
(976, 97, 3.76, 364.81, 976),
(977, 38, 10.00, 380.00, 977),
(978, 113, 10.00, 1130.00, 978),
(979, 180, 10.00, 1800.00, 979),
(980, 37, 10.00, 370.00, 980),
(981, 158, 20.00, 3160.00, 981),
(982, 182, 10.00, 1820.00, 982),
(983, 89, 3.76, 334.73, 983),
(984, 151, 10.00, 1510.00, 984),
(985, 20, 10.00, 200.00, 985),
(986, 103, 10.00, 1030.00, 986),
(987, 185, 10.00, 1850.00, 987),
(988, 164, 10.00, 1640.00, 988),
(989, 137, 20.00, 2740.00, 989),
(990, 69, 10.00, 690.00, 990),
(991, 186, 10.00, 1860.00, 991),
(992, 193, 10.00, 1930.00, 992),
(993, 83, 10.00, 830.00, 993),
(994, 35, 10.00, 350.00, 994),
(995, 82, 10.00, 820.00, 995),
(996, 114, 10.68, 1217.28, 996),
(997, 17, 10.00, 170.00, 997),
(998, 149, 10.00, 1490.00, 998),
(999, 197, 10.00, 1970.00, 999),
(1000, 113, 10.68, 1206.60, 1000),
(1001, 34, 10.00, 340.00, 1001),
(1002, 95, 10.00, 950.00, 1002),
(1003, 198, 10.00, 1980.00, 1003),
(1004, 81, 10.00, 810.00, 1004),
(1005, 147, 10.00, 1470.00, 1005),
(1006, 80, 10.00, 800.00, 1006),
(1007, 182, 10.00, 1820.00, 1007),
(1008, 80, 3.76, 300.89, 1008),
(1009, 112, 10.68, 1195.92, 1009),
(1010, 71, 10.00, 710.00, 1010),
(1011, 10, 10.00, 100.00, 1011),
(1012, 136, 20.00, 2720.00, 1012),
(1013, 142, 10.00, 1420.00, 1013),
(1014, 180, 10.00, 1800.00, 1014),
(1015, 33, 10.00, 330.00, 1015),
(1016, 194, 10.00, 1940.00, 1016),
(1017, 179, 10.00, 1790.00, 1017),
(1018, 80, 9.68, 774.60, 1018),
(1019, 178, 10.00, 1780.00, 1019),
(1020, 191, 10.00, 1910.00, 1020),
(1021, 75, 9.68, 726.20, 1021),
(1022, 112, 10.00, 1120.00, 1022),
(1023, 188, 10.00, 1880.00, 1023),
(1024, 181, 10.00, 1810.00, 1024),
(1025, 197, 10.00, 1970.00, 1025),
(1026, 140, 10.00, 1400.00, 1026),
(1027, 65, 10.00, 650.00, 1027),
(1028, 63, 10.00, 630.00, 1028),
(1029, 9, 10.00, 90.00, 1029),
(1030, 74, 9.68, 716.52, 1030),
(1031, 32, 10.00, 320.00, 1031),
(1032, 177, 10.00, 1770.00, 1032),
(1033, 73, 9.68, 706.84, 1033),
(1034, 192, 10.00, 1920.00, 1034),
(1035, 190, 10.00, 1900.00, 1035),
(1036, 178, 10.00, 1780.00, 1036),
(1037, 139, 10.00, 1390.00, 1037),
(1038, 190, 10.00, 1900.00, 1038),
(1039, 189, 10.00, 1890.00, 1039),
(1040, 187, 10.00, 1870.00, 1040),
(1041, 145, 3.40, 493.31, 1041),
(1042, 184, 10.00, 1840.00, 1042),
(1043, 162, 10.00, 1620.00, 1043),
(1044, 62, 10.00, 620.00, 1044),
(1045, 71, 9.68, 687.48, 1045),
(1046, 79, 3.76, 297.13, 1046),
(1047, 67, 10.00, 670.00, 1047),
(1048, 78, 3.76, 293.37, 1048),
(1049, 61, 10.00, 610.00, 1049),
(1050, 180, 10.00, 1800.00, 1050),
(1051, 184, 10.00, 1840.00, 1051),
(1052, 101, 10.00, 1010.00, 1052),
(1053, 69, 9.68, 668.12, 1053),
(1054, 64, 10.00, 640.00, 1054),
(1055, 94, 10.00, 940.00, 1055),
(1056, 77, 3.76, 289.61, 1056),
(1057, 93, 10.00, 930.00, 1057),
(1058, 63, 10.00, 630.00, 1058),
(1059, 7, 10.00, 70.00, 1059),
(1060, 66, 9.68, 639.08, 1060),
(1061, 195, 10.00, 1950.00, 1061),
(1062, 135, 10.00, 1350.00, 1062),
(1063, 187, 10.00, 1870.00, 1063),
(1064, 76, 3.76, 285.85, 1064),
(1065, 92, 10.00, 920.00, 1065),
(1066, 111, 10.68, 1185.24, 1066),
(1067, 60, 10.00, 600.00, 1067),
(1068, 25, 10.00, 250.00, 1068),
(1069, 177, 10.00, 1770.00, 1069),
(1070, 102, 10.00, 1020.00, 1070),
(1071, 73, 3.76, 274.57, 1071),
(1072, 199, 10.00, 1990.00, 1072),
(1073, 175, 10.00, 1750.00, 1073),
(1074, 106, 10.00, 1060.00, 1074),
(1075, 134, 10.00, 1340.00, 1075),
(1076, 179, 10.00, 1790.00, 1076),
(1077, 178, 10.00, 1780.00, 1077),
(1078, 173, 10.00, 1730.00, 1078),
(1079, 172, 10.00, 1720.00, 1079),
(1080, 105, 10.00, 1050.00, 1080),
(1081, 159, 10.00, 1590.00, 1081),
(1082, 24, 10.00, 240.00, 1082),
(1083, 72, 3.76, 270.81, 1083),
(1084, 198, 10.00, 1980.00, 1084),
(1085, 69, 3.76, 259.53, 1085),
(1086, 65, 9.68, 629.40, 1086),
(1087, 18, 10.00, 180.00, 1087),
(1088, 174, 10.00, 1740.00, 1088),
(1089, 68, 3.76, 255.77, 1089),
(1090, 131, 10.00, 1310.00, 1090),
(1091, 188, 10.00, 1880.00, 1091),
(1092, 59, 10.00, 590.00, 1092),
(1093, 58, 10.00, 580.00, 1093),
(1094, 191, 10.00, 1910.00, 1094),
(1095, 186, 10.00, 1860.00, 1095),
(1096, 63, 9.68, 610.04, 1096),
(1097, 199, 10.00, 1990.00, 1097),
(1098, 197, 10.00, 1970.00, 1098),
(1099, 188, 10.00, 1880.00, 1099),
(1100, 103, 10.00, 1030.00, 1100),
(1101, 138, 10.00, 1380.00, 1101),
(1102, 181, 10.00, 1810.00, 1102),
(1103, 5, 10.00, 50.00, 1103),
(1104, 130, 10.00, 1300.00, 1104),
(1105, 183, 10.00, 1830.00, 1105),
(1106, 171, 10.00, 1710.00, 1106),
(1107, 102, 10.00, 1020.00, 1107),
(1108, 182, 10.00, 1820.00, 1108),
(1109, 67, 3.76, 252.01, 1109),
(1110, 175, 10.00, 1750.00, 1110),
(1111, 171, 10.00, 1710.00, 1111),
(1112, 21, 6.17, 129.57, 1112),
(1113, 11, 10.00, 110.00, 1113),
(1114, 129, 10.00, 1290.00, 1114),
(1115, 17, 6.17, 104.89, 1115),
(1116, 4, 10.00, 40.00, 1116),
(1117, 91, 10.00, 910.00, 1117),
(1118, 196, 10.00, 1960.00, 1118),
(1119, 197, 10.00, 1970.00, 1119),
(1120, 177, 10.00, 1770.00, 1120),
(1121, 101, 10.00, 1010.00, 1121),
(1122, 59, 10.00, 590.00, 1122),
(1123, 153, 10.00, 1530.00, 1123),
(1124, 198, 10.00, 1980.00, 1124),
(1125, 169, 10.00, 1690.00, 1125),
(1126, 100, 10.00, 1000.00, 1126),
(1127, 110, 10.68, 1174.56, 1127),
(1128, 64, 3.76, 240.73, 1128),
(1129, 63, 3.76, 236.97, 1129),
(1130, 4, 10.00, 40.00, 1130),
(1131, 128, 10.00, 1280.00, 1131),
(1132, 16, 6.17, 98.72, 1132),
(1133, 3, 10.00, 30.00, 1133),
(1134, 90, 10.00, 900.00, 1134),
(1135, 195, 10.00, 1950.00, 1135),
(1136, 196, 10.00, 1960.00, 1136),
(1137, 176, 10.00, 1760.00, 1137),
(1138, 149, 10.00, 1490.00, 1138),
(1139, 100, 10.00, 1000.00, 1139),
(1140, 143, 10.00, 1430.00, 1140),
(1141, 196, 10.00, 1960.00, 1141),
(1142, 167, 10.00, 1670.00, 1142),
(1143, 98, 10.00, 980.00, 1143),
(1144, 109, 10.68, 1163.88, 1144),
(1145, 179, 10.00, 1790.00, 1145),
(1146, 178, 10.00, 1780.00, 1146),
(1147, 193, 10.00, 1930.00, 1147),
(1148, 61, 3.76, 229.45, 1148),
(1149, 181, 10.00, 1810.00, 1149),
(1150, 2, 6.00, 12.00, 1150),
(1151, 2, 6.00, 12.00, 1151),
(1152, 2, 3.35, 6.70, 1152),
(1153, 2, 3.35, 6.70, 1153),
(1154, 3, 4.23, 12.70, 1154),
(1155, 4, 4.68, 18.70, 1155),
(1156, 5, 4.41, 22.05, 1156),
(1157, 6, 4.23, 25.40, 1157),
(1158, 9, 5.41, 48.64, 1158),
(1159, 12, 5.40, 64.85, 1159),
(1160, 24, 4.98, 119.49, 1160),
(1161, 36, 4.84, 174.20, 1161),
(1162, 65, 10.00, 650.00, 1162),
(1163, 86, 8.67, 745.63, 1163),
(1164, 36, 10.00, 360.00, 1167),
(1165, 81, 8.67, 702.28, 1176),
(1166, 196, 10.00, 1960.00, 1177),
(1167, 35, 10.00, 350.00, 1178),
(1168, 199, 10.00, 1990.00, 1179),
(1169, 15, 6.17, 92.55, 1180);

-- --------------------------------------------------------

--
-- Table structure for table `cache`
--

CREATE TABLE `cache` (
  `key` varchar(255) NOT NULL,
  `value` mediumtext NOT NULL,
  `expiration` int(11) NOT NULL
) ENGINE=InnoDB DEFAULT CHARSET=utf8mb4 COLLATE=utf8mb4_unicode_ci;

--
-- Dumping data for table `cache`
--

INSERT INTO `cache` (`key`, `value`, `expiration`) VALUES
('draxlerbroyne@gmail.co|186.66.220.5', 'i:1;', 1717465274),
('draxlerbroyne@gmail.co|186.66.220.5:timer', 'i:1717465274;', 1717465274),
('draxlerbroyne@gmail.com|186.66.220.5', 'i:1;', 1717465263),
('draxlerbroyne@gmail.com|186.66.220.5:timer', 'i:1717465263;', 1717465263),
('leonardo@gmail.com|177.234.224.10', 'i:2;', 1717786793),
('leonardo@gmail.com|177.234.224.10:timer', 'i:1717786793;', 1717786793),
('patricia@ellicenciado.com|177.53.214.134', 'i:1;', 1717892554),
('patricia@ellicenciado.com|177.53.214.134:timer', 'i:1717892554;', 1717892554),
('patricia@ellicenciado.com|200.85.80.79', 'i:4;', 1717717838),
('patricia@ellicenciado.com|200.85.80.79:timer', 'i:1717717838;', 1717717838),
('patricia@licenciado.app|186.42.225.74', 'i:1;', 1719940659),
('patricia@licenciado.app|186.42.225.74:timer', 'i:1719940659;', 1719940659),
('sd.kettei@gmail.com|177.53.214.134', 'i:1;', 1717792559),
('sd.kettei@gmail.com|177.53.214.134:timer', 'i:1717792559;', 1717792559),
('spatie.permission.cache', 'a:3:{s:5:\"alias\";a:4:{s:1:\"a\";s:2:\"id\";s:1:\"b\";s:4:\"name\";s:1:\"c\";s:10:\"guard_name\";s:1:\"r\";s:5:\"roles\";}s:11:\"permissions\";a:15:{i:0;a:4:{s:1:\"a\";i:1;s:1:\"b\";s:8:\"products\";s:1:\"c\";s:3:\"web\";s:1:\"r\";a:1:{i:0;i:4;}}i:1;a:4:{s:1:\"a\";i:2;s:1:\"b\";s:9:\"providers\";s:1:\"c\";s:3:\"web\";s:1:\"r\";a:1:{i:0;i:4;}}i:2;a:4:{s:1:\"a\";i:3;s:1:\"b\";s:7:\"clients\";s:1:\"c\";s:3:\"web\";s:1:\"r\";a:1:{i:0;i:4;}}i:3;a:3:{s:1:\"a\";i:4;s:1:\"b\";s:5:\"users\";s:1:\"c\";s:3:\"web\";}i:4;a:3:{s:1:\"a\";i:5;s:1:\"b\";s:5:\"roles\";s:1:\"c\";s:3:\"web\";}i:5;a:4:{s:1:\"a\";i:6;s:1:\"b\";s:16:\"create-purchases\";s:1:\"c\";s:3:\"web\";s:1:\"r\";a:1:{i:0;i:4;}}i:6;a:4:{s:1:\"a\";i:7;s:1:\"b\";s:6:\"kardex\";s:1:\"c\";s:3:\"web\";s:1:\"r\";a:1:{i:0;i:4;}}i:7;a:4:{s:1:\"a\";i:8;s:1:\"b\";s:16:\"purchases-report\";s:1:\"c\";s:3:\"web\";s:1:\"r\";a:1:{i:0;i:4;}}i:8;a:4:{s:1:\"a\";i:9;s:1:\"b\";s:12:\"create-sales\";s:1:\"c\";s:3:\"web\";s:1:\"r\";a:3:{i:0;i:2;i:1;i:3;i:2;i:4;}}i:9;a:4:{s:1:\"a\";i:10;s:1:\"b\";s:12:\"cash-closing\";s:1:\"c\";s:3:\"web\";s:1:\"r\";a:3:{i:0;i:2;i:1;i:3;i:2;i:4;}}i:10;a:4:{s:1:\"a\";i:11;s:1:\"b\";s:15:\"see-all-incomes\";s:1:\"c\";s:3:\"web\";s:1:\"r\";a:2:{i:0;i:3;i:1;i:4;}}i:11;a:4:{s:1:\"a\";i:12;s:1:\"b\";s:12:\"sales-report\";s:1:\"c\";s:3:\"web\";s:1:\"r\";a:3:{i:0;i:2;i:1;i:3;i:2;i:4;}}i:12;a:4:{s:1:\"a\";i:13;s:1:\"b\";s:13:\"see-all-sales\";s:1:\"c\";s:3:\"web\";s:1:\"r\";a:2:{i:0;i:3;i:1;i:4;}}i:13;a:4:{s:1:\"a\";i:14;s:1:\"b\";s:14:\"edit-all-sales\";s:1:\"c\";s:3:\"web\";s:1:\"r\";a:2:{i:0;i:3;i:1;i:4;}}i:14;a:4:{s:1:\"a\";i:15;s:1:\"b\";s:9:\"inventory\";s:1:\"c\";s:3:\"web\";s:1:\"r\";a:1:{i:0;i:4;}}}s:5:\"roles\";a:3:{i:0;a:3:{s:1:\"a\";i:4;s:1:\"b\";s:9:\"Centinela\";s:1:\"c\";s:3:\"web\";}i:1;a:3:{s:1:\"a\";i:2;s:1:\"b\";s:8:\"Vendedor\";s:1:\"c\";s:3:\"web\";}i:2;a:3:{s:1:\"a\";i:3;s:1:\"b\";s:23:\"Controlador de crédito\";s:1:\"c\";s:3:\"web\";}}}', 1720136789),
('sr.leonardo@gmail.com|177.234.224.10', 'i:1;', 1717786840),
('sr.leonardo@gmail.com|177.234.224.10:timer', 'i:1717786840;', 1717786840),
('sra.gema@gmail.com|177.53.214.132', 'i:1;', 1714591476),
('sra.gema@gmail.com|177.53.214.132:timer', 'i:1714591476;', 1714591476),
('sra.maira@gmail.com|177.234.224.10', 'i:3;', 1714345132),
('sra.maira@gmail.com|177.234.224.10:timer', 'i:1714345132;', 1714345132);

-- --------------------------------------------------------

--
-- Table structure for table `cache_locks`
--

CREATE TABLE `cache_locks` (
  `key` varchar(255) NOT NULL,
  `owner` varchar(255) NOT NULL,
  `expiration` int(11) NOT NULL
) ENGINE=InnoDB DEFAULT CHARSET=utf8mb4 COLLATE=utf8mb4_unicode_ci;

-- --------------------------------------------------------

--
-- Table structure for table `clients`
--

CREATE TABLE `clients` (
  `id` int(10) UNSIGNED NOT NULL,
  `name` varchar(255) NOT NULL,
  `phone` varchar(20) DEFAULT NULL,
  `email` varchar(400) DEFAULT NULL,
  `ruc` varchar(20) DEFAULT NULL,
  `address` varchar(255) DEFAULT NULL,
  `identity_card` varchar(20) DEFAULT NULL,
  `created_at` timestamp NULL DEFAULT NULL,
  `updated_at` timestamp NULL DEFAULT NULL
) ENGINE=InnoDB DEFAULT CHARSET=utf8mb4 COLLATE=utf8mb4_unicode_ci;

-- --------------------------------------------------------

--
-- Table structure for table `expense_types`
--

CREATE TABLE `expense_types` (
  `id` smallint(5) UNSIGNED NOT NULL,
  `name` varchar(255) NOT NULL
) ENGINE=InnoDB DEFAULT CHARSET=utf8mb4 COLLATE=utf8mb4_unicode_ci;

-- --------------------------------------------------------

--
-- Table structure for table `failed_jobs`
--

CREATE TABLE `failed_jobs` (
  `id` bigint(20) UNSIGNED NOT NULL,
  `uuid` varchar(255) NOT NULL,
  `connection` text NOT NULL,
  `queue` text NOT NULL,
  `payload` longtext NOT NULL,
  `exception` longtext NOT NULL,
  `failed_at` timestamp NOT NULL DEFAULT current_timestamp()
) ENGINE=InnoDB DEFAULT CHARSET=utf8mb4 COLLATE=utf8mb4_unicode_ci;

-- --------------------------------------------------------

--
-- Table structure for table `incomes`
--

CREATE TABLE `incomes` (
  `id` bigint(20) UNSIGNED NOT NULL,
  `unitary_sale_price` decimal(12,6) NOT NULL,
  `total_sale_price` decimal(13,2) NOT NULL,
  `movement_id` bigint(20) UNSIGNED NOT NULL
) ENGINE=InnoDB DEFAULT CHARSET=utf8mb4 COLLATE=utf8mb4_unicode_ci;

--
-- Dumping data for table `incomes`
--

INSERT INTO `incomes` (`id`, `unitary_sale_price`, `total_sale_price`, `movement_id`) VALUES
(1, 6.000000, 12.00, 375),
(2, 7.500000, 7.50, 376),
(3, 32.000000, 32.00, 377),
(4, 9.000000, 9.00, 378),
(5, 6.000000, 12.00, 379),
(6, 32.000000, 64.00, 380),
(7, 26.000000, 26.00, 381),
(8, 8.500000, 8.50, 382),
(9, 8.500000, 17.00, 383),
(10, 6.000000, 12.00, 384),
(11, 6.000000, 18.00, 385),
(15, 5.000000, 15.00, 391),
(16, 65.000000, 65.00, 392),
(17, 7.000000, 42.00, 393),
(18, 7.000000, 63.00, 394),
(21, 7.000000, 7.00, 397),
(22, 2.500000, 2.50, 398),
(23, 32.000000, 32.00, 399),
(24, 4.000000, 8.00, 400),
(25, 5.500000, 5.50, 401),
(26, 7.000000, 105.00, 402),
(27, 6.000000, 24.00, 403),
(28, 5.000000, 10.00, 404),
(29, 5.000000, 20.00, 405),
(30, 2.000000, 12.00, 406),
(32, 5.000000, 5.00, 408),
(33, 5.500000, 22.00, 409),
(34, 5.000000, 10.00, 410),
(35, 5.000000, 5.00, 411),
(36, 7.500000, 15.00, 412),
(37, 7.500000, 7.50, 413),
(38, 8.500000, 17.00, 414),
(39, 7.000000, 21.00, 415),
(40, 2.500000, 7.50, 416),
(41, 6.000000, 42.00, 417),
(42, 7.000000, 161.00, 418),
(43, 15.500000, 31.00, 419),
(44, 15.500000, 31.00, 420),
(45, 6.000000, 12.00, 421),
(47, 3.500000, 7.00, 423),
(48, 8.500000, 8.50, 424),
(49, 6.000000, 6.00, 425),
(50, 4.000000, 8.00, 426),
(51, 32.000000, 32.00, 427),
(52, 5.500000, 5.50, 428),
(54, 2.000000, 4.00, 430),
(55, 2.000000, 2.00, 431),
(56, 4.000000, 32.00, 432),
(57, 7.500000, 7.50, 433),
(59, 5.500000, 16.50, 435),
(60, 3.000000, 3.00, 436),
(61, 4.000000, 8.00, 437),
(62, 14.000000, 14.00, 438),
(64, 6.000000, 6.00, 440),
(65, 8.500000, 8.50, 441),
(66, 10.000000, 30.00, 442),
(67, 32.000000, 32.00, 443),
(68, 6.600000, 6.60, 444),
(69, 7.000000, 7.00, 445),
(70, 6.600000, 6.60, 446),
(71, 7.000000, 7.00, 447),
(72, 6.000000, 12.00, 448),
(73, 17.000000, 34.00, 449),
(74, 5.000000, 30.00, 450),
(75, 5.500000, 33.00, 451),
(76, 8.500000, 8.50, 452),
(77, 7.000000, 7.00, 453),
(78, 65.000000, 65.00, 454),
(79, 11.500000, 23.00, 455),
(80, 3.000000, 6.00, 456),
(81, 3.000000, 9.00, 457),
(82, 17.000000, 17.00, 458),
(83, 6.000000, 24.00, 459),
(84, 5.000000, 5.00, 460),
(85, 6.000000, 24.00, 461),
(87, 4.000000, 12.00, 463),
(88, 2.000000, 48.00, 464),
(89, 3.000000, 3.00, 465),
(90, 7.000000, 7.00, 466),
(91, 3.000000, 39.00, 467),
(92, 3.500000, 10.50, 468),
(93, 14.000000, 14.00, 469),
(94, 5.500000, 5.50, 470),
(95, 5.000000, 10.00, 471),
(96, 6.000000, 24.00, 472),
(97, 6.000000, 12.00, 473),
(98, 17.000000, 17.00, 474),
(99, 13.500000, 13.50, 475),
(100, 8.500000, 17.00, 476),
(101, 4.000000, 4.00, 477),
(102, 15.500000, 15.50, 482),
(103, 5.500000, 5.50, 483),
(104, 5.000000, 10.00, 484),
(105, 6.000000, 12.00, 485),
(106, 15.500000, 31.00, 486),
(107, 5.000000, 5.00, 487),
(108, 14.000000, 14.00, 488),
(109, 6.000000, 6.00, 489),
(110, 6.000000, 6.00, 490),
(111, 11.500000, 138.00, 491),
(112, 8.000000, 8.00, 492),
(113, 8.000000, 8.00, 493),
(114, 3.000000, 6.00, 494),
(115, 8.500000, 8.50, 495),
(116, 9.500000, 9.50, 496),
(117, 7.500000, 7.50, 497),
(118, 7.500000, 15.00, 498),
(119, 3.000000, 6.00, 499),
(120, 8.500000, 8.50, 500),
(121, 26.000000, 26.00, 501),
(122, 15.500000, 15.50, 502),
(123, 7.500000, 7.50, 503),
(124, 11.500000, 34.50, 504),
(125, 4.000000, 4.00, 505),
(126, 8.500000, 8.50, 506),
(127, 65.000000, 65.00, 507),
(128, 11.500000, 23.00, 508),
(129, 51.000000, 102.00, 509),
(130, 26.000000, 26.00, 510),
(131, 26.000000, 52.00, 511),
(132, 6.000000, 36.00, 512),
(133, 6.000000, 12.00, 513),
(134, 27.000000, 27.00, 514),
(135, 4.000000, 16.00, 515),
(136, 5.000000, 20.00, 516),
(137, 3.000000, 3.00, 517),
(138, 21.500000, 21.50, 518),
(139, 6.000000, 6.00, 519),
(140, 7.500000, 7.50, 520),
(141, 3.500000, 7.00, 521),
(142, 7.000000, 14.00, 522),
(143, 2.500000, 7.50, 523),
(144, 6.000000, 48.00, 524),
(145, 3.000000, 9.00, 525),
(146, 4.000000, 4.00, 526),
(147, 7.000000, 7.00, 527),
(148, 6.000000, 24.00, 528),
(149, 6.000000, 12.00, 529),
(150, 6.000000, 6.00, 530),
(151, 10.000000, 10.00, 531),
(152, 5.000000, 5.00, 532),
(153, 5.000000, 5.00, 533),
(154, 7.000000, 14.00, 534),
(155, 21.500000, 21.50, 535),
(156, 7.500000, 60.00, 536),
(157, 6.000000, 54.00, 537),
(158, 2.500000, 5.00, 538),
(159, 7.000000, 14.00, 539),
(160, 4.000000, 28.00, 540),
(161, 3.000000, 12.00, 541),
(162, 5.000000, 5.00, 542),
(163, 15.500000, 31.00, 543),
(164, 7.000000, 7.00, 544),
(165, 27.000000, 27.00, 545),
(166, 6.000000, 12.00, 546),
(167, 5.000000, 5.00, 547),
(168, 5.500000, 5.50, 548),
(169, 38.500000, 38.50, 549),
(170, 6.000000, 12.00, 550),
(171, 6.000000, 6.00, 551),
(172, 7.500000, 7.50, 552),
(173, 7.000000, 14.00, 553),
(174, 3.000000, 3.00, 554),
(175, 2.500000, 10.00, 555),
(176, 10.000000, 10.00, 556),
(177, 5.000000, 20.00, 557),
(178, 6.000000, 42.00, 558),
(179, 13.000000, 26.00, 559),
(180, 7.000000, 21.00, 560),
(181, 4.000000, 16.00, 561),
(182, 6.000000, 42.00, 562),
(183, 10.000000, 10.00, 563),
(184, 5.500000, 11.00, 564),
(185, 4.000000, 48.00, 565),
(186, 15.000000, 15.00, 566),
(187, 2.500000, 10.00, 567),
(188, 27.000000, 27.00, 568),
(189, 15.000000, 15.00, 569),
(190, 12.000000, 12.00, 570),
(191, 6.000000, 6.00, 571),
(192, 6.000000, 12.00, 572),
(193, 5.500000, 11.00, 573),
(194, 3.750000, 3.75, 574),
(195, 7.000000, 7.00, 575),
(196, 4.000000, 24.00, 576),
(197, 3.000000, 6.00, 577),
(198, 3.750000, 3.75, 578),
(199, 4.000000, 28.00, 579),
(200, 6.000000, 18.00, 580),
(201, 7.500000, 7.50, 581),
(202, 26.000000, 52.00, 582),
(203, 3.000000, 3.00, 583),
(204, 6.000000, 36.00, 584),
(205, 5.000000, 10.00, 585),
(206, 5.000000, 5.00, 586),
(207, 7.000000, 42.00, 587),
(208, 3.000000, 21.00, 588),
(209, 4.000000, 8.00, 589),
(210, 51.000000, 51.00, 590),
(211, 7.000000, 7.00, 591),
(212, 7.500000, 7.50, 592),
(213, 6.000000, 12.00, 593),
(214, 27.000000, 27.00, 594),
(215, 6.000000, 6.00, 595),
(216, 32.000000, 32.00, 596),
(217, 17.000000, 17.00, 597),
(218, 15.500000, 31.00, 598),
(219, 5.000000, 5.00, 599),
(220, 6.000000, 60.00, 600),
(221, 21.500000, 21.50, 601),
(222, 26.000000, 26.00, 602),
(223, 14.000000, 14.00, 603),
(224, 5.000000, 5.00, 604),
(225, 2.000000, 12.00, 605),
(226, 4.000000, 4.00, 606),
(227, 56.000000, 56.00, 607),
(228, 5.500000, 5.50, 608),
(229, 4.000000, 8.00, 609),
(230, 6.000000, 36.00, 610),
(231, 5.000000, 5.00, 611),
(232, 4.000000, 4.00, 612),
(233, 7.000000, 7.00, 613),
(234, 5.500000, 5.50, 614),
(235, 3.000000, 6.00, 615),
(236, 17.500000, 17.50, 616),
(237, 2.500000, 2.50, 617),
(238, 7.000000, 14.00, 618),
(239, 2.500000, 2.50, 619),
(240, 6.000000, 6.00, 620),
(241, 4.000000, 4.00, 621),
(242, 5.000000, 5.00, 622),
(243, 21.500000, 21.50, 623),
(244, 6.000000, 66.00, 624),
(245, 9.000000, 9.00, 625),
(246, 8.500000, 17.00, 626),
(247, 7.000000, 14.00, 627),
(248, 2.500000, 5.00, 628),
(249, 3.000000, 27.00, 629),
(250, 3.500000, 10.50, 630),
(251, 27.000000, 27.00, 631),
(252, 5.000000, 25.00, 632),
(253, 9.000000, 9.00, 633),
(254, 6.600000, 6.60, 634),
(255, 6.000000, 12.00, 635),
(256, 14.500000, 14.50, 636),
(257, 12.000000, 12.00, 637),
(258, 26.000000, 26.00, 638),
(259, 7.500000, 7.50, 639),
(260, 5.500000, 11.00, 640),
(261, 14.000000, 14.00, 641),
(262, 8.500000, 8.50, 642),
(263, 8.500000, 8.50, 643),
(264, 27.000000, 27.00, 644),
(265, 7.000000, 7.00, 645),
(266, 18.500000, 18.50, 646),
(267, 4.000000, 16.00, 647),
(268, 7.500000, 135.00, 648),
(269, 4.000000, 12.00, 649),
(270, 15.500000, 46.50, 650),
(271, 17.000000, 17.00, 651),
(272, 5.000000, 25.00, 652),
(273, 3.000000, 3.00, 653),
(274, 19.500000, 19.50, 654),
(275, 15.000000, 15.00, 655),
(276, 15.500000, 15.50, 656),
(277, 3.000000, 9.00, 657),
(278, 32.000000, 64.00, 658),
(279, 14.000000, 14.00, 659),
(280, 17.000000, 17.00, 660),
(281, 27.000000, 27.00, 661),
(282, 6.600000, 6.60, 662),
(283, 10.000000, 10.00, 663),
(284, 6.000000, 6.00, 664),
(285, 3.000000, 15.00, 665),
(286, 10.000000, 10.00, 666),
(287, 4.000000, 4.00, 667),
(288, 6.600000, 6.60, 668),
(289, 5.000000, 10.00, 669),
(290, 8.000000, 24.00, 670),
(291, 4.000000, 8.00, 671),
(292, 26.000000, 26.00, 672),
(293, 3.000000, 3.00, 673),
(294, 5.000000, 5.00, 674),
(295, 6.000000, 12.00, 675),
(296, 8.500000, 8.50, 676),
(297, 6.000000, 18.00, 677),
(298, 4.000000, 4.00, 678),
(299, 5.000000, 5.00, 679),
(300, 5.000000, 5.00, 680),
(301, 3.000000, 3.00, 681),
(302, 6.000000, 6.00, 682),
(303, 3.000000, 21.00, 683),
(304, 5.000000, 5.00, 684),
(305, 5.000000, 15.00, 685),
(306, 15.000000, 15.00, 686),
(307, 6.000000, 18.00, 687),
(308, 4.000000, 16.00, 688),
(309, 2.000000, 2.00, 689),
(310, 2.000000, 4.00, 690),
(311, 4.000000, 16.00, 691),
(312, 6.000000, 6.00, 692),
(313, 7.000000, 42.00, 693),
(314, 26.000000, 26.00, 694),
(315, 5.000000, 30.00, 695),
(316, 7.500000, 37.50, 696),
(317, 7.500000, 37.50, 697),
(318, 3.000000, 3.00, 698),
(319, 4.000000, 12.00, 699),
(320, 15.500000, 15.50, 700),
(321, 27.000000, 54.00, 701),
(322, 26.000000, 26.00, 702),
(323, 3.000000, 6.00, 703),
(324, 12.000000, 12.00, 704),
(325, 65.000000, 65.00, 705),
(326, 7.000000, 14.00, 706),
(327, 7.000000, 7.00, 707),
(328, 5.000000, 30.00, 708),
(329, 7.500000, 15.00, 709),
(330, 12.000000, 12.00, 710),
(331, 5.000000, 5.00, 711),
(332, 27.000000, 27.00, 712),
(333, 26.000000, 26.00, 713),
(334, 27.000000, 27.00, 714),
(335, 3.500000, 3.50, 715),
(336, 8.000000, 8.00, 716),
(337, 5.500000, 5.50, 717),
(338, 14.000000, 14.00, 718),
(339, 4.000000, 12.00, 719),
(340, 10.000000, 10.00, 720),
(341, 9.000000, 18.00, 721),
(342, 27.000000, 54.00, 722),
(343, 21.500000, 21.50, 723),
(344, 95.000000, 95.00, 724),
(345, 3.000000, 3.00, 725),
(346, 8.000000, 8.00, 726),
(347, 27.000000, 27.00, 727),
(348, 14.000000, 14.00, 728),
(349, 4.000000, 4.00, 729),
(350, 3.500000, 7.00, 730),
(351, 2.500000, 2.50, 731),
(352, 5.000000, 5.00, 732),
(353, 4.000000, 12.00, 733),
(354, 7.500000, 7.50, 734),
(355, 8.500000, 8.50, 737),
(356, 4.000000, 8.00, 738),
(357, 4.000000, 12.00, 739),
(358, 5.000000, 15.00, 740),
(359, 6.000000, 12.00, 741),
(360, 5.500000, 11.00, 742),
(361, 26.000000, 26.00, 743),
(362, 5.000000, 10.00, 744),
(363, 5.000000, 5.00, 745),
(364, 15.500000, 15.50, 746),
(365, 6.600000, 13.20, 747),
(366, 6.000000, 12.00, 748),
(367, 5.000000, 5.00, 749),
(368, 3.000000, 9.00, 750),
(369, 5.000000, 5.00, 751),
(370, 6.000000, 6.00, 752),
(371, 7.000000, 7.00, 753),
(372, 2.500000, 2.50, 754),
(373, 8.500000, 8.50, 755),
(374, 5.000000, 5.00, 756),
(375, 4.000000, 12.00, 757),
(376, 5.000000, 15.00, 758),
(377, 10.000000, 20.00, 759),
(378, 7.500000, 30.00, 760),
(379, 7.000000, 7.00, 761),
(380, 4.000000, 16.00, 762),
(381, 6.000000, 42.00, 763),
(382, 27.000000, 27.00, 764),
(383, 21.500000, 21.50, 765),
(384, 5.000000, 50.00, 766),
(385, 3.000000, 15.00, 767),
(386, 5.500000, 33.00, 768),
(387, 32.000000, 64.00, 769),
(388, 12.000000, 12.00, 770),
(389, 3.750000, 7.50, 771),
(390, 17.500000, 17.50, 772),
(391, 6.000000, 12.00, 773),
(392, 4.000000, 8.00, 774),
(393, 6.000000, 12.00, 775),
(394, 19.500000, 19.50, 776),
(395, 7.000000, 7.00, 777),
(396, 2.500000, 2.50, 778),
(397, 2.500000, 2.50, 779),
(398, 6.000000, 12.00, 780),
(399, 4.000000, 4.00, 781),
(400, 7.500000, 7.50, 782),
(401, 6.000000, 6.00, 783),
(402, 5.500000, 11.00, 784),
(403, 18.500000, 55.50, 785),
(404, 65.000000, 195.00, 786),
(405, 4.000000, 4.00, 787),
(406, 17.000000, 17.00, 788),
(407, 6.000000, 6.00, 789),
(408, 32.000000, 32.00, 790),
(409, 4.000000, 20.00, 791),
(410, 3.750000, 3.75, 792),
(411, 3.000000, 3.00, 793),
(412, 7.500000, 7.50, 794),
(413, 5.000000, 5.00, 795),
(414, 6.000000, 6.00, 796),
(415, 4.000000, 8.00, 797),
(416, 3.500000, 3.50, 798),
(417, 5.500000, 5.50, 799),
(418, 6.000000, 6.00, 800),
(419, 15.500000, 15.50, 801),
(420, 3.750000, 3.75, 802),
(421, 21.500000, 21.50, 803),
(422, 14.000000, 14.00, 804),
(423, 6.000000, 12.00, 805),
(424, 18.500000, 74.00, 806),
(425, 14.000000, 28.00, 807),
(426, 6.000000, 12.00, 808),
(427, 10.000000, 10.00, 809),
(428, 10.000000, 10.00, 810),
(429, 8.000000, 8.00, 811),
(430, 8.000000, 16.00, 812),
(431, 6.000000, 18.00, 813),
(432, 5.500000, 16.50, 814),
(433, 10.500000, 21.00, 819),
(434, 2.500000, 2.50, 820),
(435, 7.000000, 7.00, 821),
(436, 2.500000, 2.50, 822),
(437, 10.500000, 10.50, 823),
(438, 10.500000, 10.50, 824),
(439, 16.000000, 16.00, 833),
(440, 7.000000, 7.00, 834),
(441, 2.500000, 2.50, 835),
(444, 6.000000, 6.00, 839),
(445, 26.000000, 26.00, 840),
(446, 9.500000, 9.50, 841),
(447, 4.000000, 8.00, 842),
(448, 6.000000, 12.00, 843),
(449, 7.000000, 7.00, 844),
(450, 2.500000, 2.50, 845),
(451, 14.000000, 14.00, 846),
(452, 18.500000, 18.50, 847),
(453, 4.000000, 8.00, 848),
(454, 4.000000, 8.00, 849),
(455, 7.000000, 7.00, 850),
(456, 3.000000, 3.00, 851),
(457, 6.000000, 78.00, 852),
(458, 14.000000, 14.00, 853),
(459, 8.000000, 8.00, 854),
(460, 5.000000, 5.00, 855),
(461, 6.000000, 6.00, 856),
(462, 6.000000, 12.00, 857),
(463, 17.000000, 17.00, 858),
(464, 6.000000, 6.00, 859),
(465, 27.000000, 27.00, 860),
(466, 6.000000, 6.00, 861),
(467, 32.000000, 32.00, 862),
(468, 21.500000, 21.50, 863),
(469, 3.000000, 33.00, 864),
(470, 3.000000, 3.00, 865),
(471, 2.500000, 157.50, 866),
(472, 14.000000, 1358.00, 868),
(473, 7.250000, 703.25, 869),
(474, 7.250000, 7.25, 871),
(475, 7.500000, 645.00, 872),
(476, 6.000000, 174.00, 873),
(477, 6.000000, 222.00, 874),
(478, 16.000000, 1328.00, 875),
(479, 5.000000, 415.00, 876),
(480, 19.500000, 1716.00, 877),
(481, 17.000000, 1445.00, 878),
(482, 9.000000, 864.00, 880),
(483, 9.000000, 864.00, 881),
(484, 21.500000, 21.50, 882),
(485, 49.000000, 49.00, 883),
(486, 4.000000, 20.00, 884),
(487, 3.750000, 22.50, 885),
(488, 6.000000, 12.00, 886),
(489, 3.000000, 3.00, 887),
(490, 5.000000, 5.00, 888),
(491, 3.000000, 3.00, 889),
(492, 4.000000, 4.00, 890),
(493, 6.000000, 6.00, 891),
(494, 4.000000, 4.00, 892),
(495, 6.000000, 6.00, 893),
(496, 27.000000, 27.00, 894),
(497, 6.000000, 6.00, 895),
(498, 6.000000, 48.00, 896),
(499, 5.000000, 5.00, 897),
(500, 17.000000, 17.00, 898),
(501, 2.500000, 2.50, 899),
(502, 14.000000, 28.00, 900),
(503, 9.000000, 9.00, 901),
(504, 6.000000, 6.00, 902),
(505, 6.000000, 12.00, 903),
(506, 3.000000, 15.00, 904),
(507, 8.500000, 8.50, 905),
(508, 7.000000, 7.00, 906),
(509, 7.500000, 15.00, 907),
(510, 5.000000, 10.00, 908),
(511, 7.000000, 7.00, 909),
(512, 3.750000, 3.75, 910),
(513, 60.000000, 60.00, 911),
(514, 75.000000, 75.00, 912),
(515, 32.000000, 64.00, 913),
(516, 6.000000, 6.00, 914),
(517, 6.000000, 18.00, 915),
(518, 27.000000, 27.00, 916),
(519, 7.500000, 7.50, 917),
(520, 7.000000, 7.00, 918),
(521, 17.000000, 17.00, 919),
(522, 60.000000, 120.00, 920),
(523, 4.000000, 12.00, 921),
(524, 5.000000, 5.00, 922),
(525, 12.000000, 12.00, 923),
(526, 4.500000, 9.00, 924),
(527, 14.000000, 14.00, 925),
(528, 8.000000, 8.00, 926),
(529, 6.000000, 6.00, 927),
(530, 4.000000, 60.00, 928),
(531, 6.000000, 12.00, 929),
(532, 6.000000, 6.00, 930),
(533, 21.500000, 64.50, 931),
(534, 3.000000, 12.00, 932),
(535, 5.000000, 20.00, 933),
(536, 5.000000, 10.00, 934),
(537, 32.000000, 32.00, 935),
(538, 27.000000, 27.00, 936),
(539, 3.500000, 3.50, 937),
(540, 5.000000, 5.00, 938),
(541, 4.000000, 20.00, 939),
(542, 3.500000, 3.50, 940),
(543, 5.000000, 5.00, 941),
(544, 8.000000, 8.00, 942),
(545, 6.000000, 6.00, 943),
(546, 4.000000, 4.00, 944),
(547, 3.000000, 15.00, 945),
(548, 6.000000, 6.00, 946),
(549, 6.000000, 6.00, 947),
(550, 5.000000, 5.00, 948),
(551, 5.000000, 5.00, 949),
(552, 10.500000, 42.00, 950),
(553, 7.000000, 28.00, 951),
(554, 7.250000, 14.50, 952),
(555, 3.000000, 12.00, 953),
(556, 4.000000, 4.00, 954),
(557, 6.000000, 6.00, 955),
(558, 7.500000, 7.50, 956),
(559, 7.500000, 7.50, 957),
(560, 5.000000, 10.00, 958),
(561, 6.000000, 6.00, 959),
(562, 95.000000, 190.00, 960),
(563, 16.000000, 48.00, 961),
(564, 18.500000, 37.00, 962),
(565, 5.000000, 5.00, 963),
(566, 5.000000, 10.00, 964),
(567, 5.000000, 10.00, 965),
(568, 5.000000, 5.00, 966),
(569, 3.500000, 7.00, 967),
(570, 26.000000, 26.00, 968),
(571, 4.000000, 8.00, 969),
(572, 7.500000, 7.50, 970),
(573, 4.000000, 8.00, 971),
(574, 5.000000, 5.00, 972),
(575, 6.000000, 6.00, 973),
(576, 7.000000, 7.00, 974),
(577, 4.000000, 4.00, 975),
(578, 5.000000, 5.00, 976),
(579, 4.000000, 4.00, 977),
(580, 5.000000, 5.00, 978),
(581, 11.500000, 11.50, 979),
(582, 4.000000, 4.00, 980),
(583, 21.500000, 21.50, 981),
(584, 32.000000, 64.00, 982),
(585, 5.000000, 40.00, 983),
(586, 6.000000, 6.00, 984),
(587, 6.000000, 78.00, 985),
(588, 17.000000, 34.00, 986),
(589, 2.000000, 10.00, 987),
(590, 2.000000, 8.00, 988),
(591, 21.500000, 451.50, 989),
(592, 7.500000, 7.50, 990),
(593, 18.500000, 55.50, 991),
(594, 7.000000, 14.00, 992),
(595, 6.000000, 24.00, 993),
(596, 4.000000, 8.00, 994),
(597, 6.000000, 6.00, 995),
(598, 27.000000, 27.00, 996),
(599, 6.000000, 18.00, 997),
(600, 6.000000, 12.00, 998),
(601, 10.000000, 10.00, 999),
(602, 27.000000, 27.00, 1000),
(603, 4.000000, 4.00, 1001),
(604, 16.000000, 16.00, 1002),
(605, 12.000000, 12.00, 1003),
(606, 6.000000, 6.00, 1004),
(607, 6.000000, 12.00, 1005),
(608, 6.000000, 6.00, 1006),
(609, 26.000000, 52.00, 1007),
(610, 5.000000, 45.00, 1008),
(611, 27.000000, 27.00, 1009),
(612, 6.000000, 54.00, 1010),
(613, 6.000000, 42.00, 1011),
(614, 21.500000, 21.50, 1012),
(615, 6.000000, 30.00, 1013),
(616, 32.000000, 64.00, 1014),
(617, 4.000000, 4.00, 1015),
(618, 65.000000, 65.00, 1016),
(619, 32.000000, 32.00, 1017),
(620, 3.000000, 30.00, 1018),
(621, 5.000000, 10.00, 1019),
(622, 8.000000, 8.00, 1020),
(623, 3.000000, 15.00, 1021),
(624, 5.000000, 5.00, 1022),
(625, 14.000000, 14.00, 1023),
(626, 26.000000, 26.00, 1024),
(627, 12.000000, 12.00, 1025),
(628, 6.000000, 12.00, 1026),
(629, 6.000000, 36.00, 1027),
(630, 6.000000, 12.00, 1028),
(631, 6.000000, 6.00, 1029),
(632, 3.000000, 3.00, 1030),
(633, 4.000000, 4.00, 1031),
(634, 7.000000, 7.00, 1032),
(635, 3.000000, 3.00, 1033),
(636, 3.750000, 3.75, 1034),
(637, 10.500000, 10.50, 1035),
(638, 8.500000, 8.50, 1036),
(639, 6.000000, 6.00, 1037),
(640, 7.500000, 7.50, 1038),
(641, 10.500000, 10.50, 1039),
(642, 14.000000, 14.00, 1040),
(643, 2.500000, 2.50, 1041),
(644, 2.000000, 2.00, 1042),
(645, 2.000000, 4.00, 1043),
(646, 6.000000, 6.00, 1044),
(647, 3.000000, 6.00, 1045),
(648, 5.000000, 5.00, 1046),
(649, 7.500000, 15.00, 1047),
(650, 5.000000, 5.00, 1048),
(651, 6.000000, 6.00, 1049),
(652, 26.000000, 26.00, 1050),
(653, 18.500000, 37.00, 1051),
(654, 17.000000, 34.00, 1052),
(655, 3.000000, 6.00, 1053),
(656, 7.500000, 22.50, 1054),
(657, 16.000000, 16.00, 1055),
(658, 5.000000, 5.00, 1056),
(659, 16.000000, 16.00, 1057),
(660, 7.500000, 7.50, 1058),
(661, 6.000000, 12.00, 1059),
(662, 3.000000, 9.00, 1060),
(663, 10.000000, 50.00, 1061),
(664, 6.000000, 24.00, 1062),
(665, 10.500000, 21.00, 1063),
(666, 5.000000, 5.00, 1064),
(667, 16.000000, 16.00, 1065),
(668, 27.000000, 27.00, 1066),
(669, 6.000000, 6.00, 1067),
(670, 4.000000, 28.00, 1068),
(671, 32.000000, 64.00, 1069),
(672, 9.000000, 9.00, 1070),
(673, 5.000000, 15.00, 1071),
(674, 15.000000, 15.00, 1072),
(675, 7.000000, 14.00, 1073),
(676, 2.500000, 2.50, 1074),
(677, 6.000000, 6.00, 1075),
(678, 26.000000, 26.00, 1076),
(679, 26.000000, 26.00, 1077),
(680, 7.000000, 14.00, 1078),
(681, 7.000000, 7.00, 1079),
(682, 2.500000, 2.50, 1080),
(683, 2.000000, 6.00, 1081),
(684, 4.000000, 4.00, 1082),
(685, 5.000000, 5.00, 1083),
(686, 14.500000, 14.50, 1084),
(687, 5.000000, 15.00, 1085),
(688, 3.000000, 3.00, 1086),
(689, 4.000000, 24.00, 1087),
(690, 8.500000, 34.00, 1088),
(691, 5.000000, 5.00, 1089),
(692, 6.000000, 18.00, 1090),
(693, 6.000000, 6.00, 1091),
(694, 6.000000, 6.00, 1092),
(695, 6.000000, 6.00, 1093),
(696, 3.750000, 3.75, 1094),
(697, 14.000000, 14.00, 1095),
(698, 3.000000, 6.00, 1096),
(699, 15.000000, 15.00, 1097),
(700, 12.000000, 12.00, 1098),
(701, 7.500000, 15.00, 1099),
(702, 2.500000, 5.00, 1100),
(703, 7.000000, 21.00, 1101),
(704, 2.000000, 6.00, 1102),
(705, 6.000000, 12.00, 1103),
(706, 6.000000, 6.00, 1104),
(707, 10.500000, 42.00, 1105),
(708, 7.000000, 7.00, 1106),
(709, 2.500000, 2.50, 1107),
(710, 10.500000, 10.50, 1108),
(711, 5.000000, 5.00, 1109),
(712, 10.500000, 73.50, 1110),
(713, 10.500000, 42.00, 1111),
(714, 7.500000, 7.50, 1112),
(715, 4.000000, 28.00, 1113),
(716, 6.000000, 6.00, 1114),
(717, 7.500000, 30.00, 1115),
(718, 6.000000, 6.00, 1116),
(719, 16.000000, 16.00, 1117),
(720, 10.000000, 10.00, 1118),
(721, 4.500000, 4.50, 1119),
(722, 26.000000, 26.00, 1120),
(723, 9.000000, 9.00, 1121),
(724, 7.500000, 30.00, 1122),
(725, 2.000000, 12.00, 1123),
(726, 8.000000, 16.00, 1124),
(727, 7.000000, 14.00, 1125),
(728, 2.500000, 5.00, 1126),
(729, 27.000000, 27.00, 1127),
(730, 5.000000, 15.00, 1128),
(731, 5.000000, 5.00, 1129),
(732, 4.000000, 28.00, 1130),
(733, 6.000000, 6.00, 1131),
(734, 7.500000, 7.50, 1132),
(735, 6.000000, 6.00, 1133),
(736, 16.000000, 16.00, 1134),
(737, 10.000000, 10.00, 1135),
(738, 4.500000, 4.50, 1136),
(739, 26.000000, 26.00, 1137),
(740, 2.000000, 8.00, 1138),
(741, 9.000000, 9.00, 1139),
(742, 2.000000, 12.00, 1140),
(743, 8.000000, 16.00, 1141),
(744, 7.000000, 14.00, 1142),
(745, 2.500000, 5.00, 1143),
(746, 27.000000, 27.00, 1144),
(747, 11.500000, 11.50, 1145),
(748, 11.500000, 11.50, 1146),
(749, 65.000000, 65.00, 1147),
(750, 5.000000, 10.00, 1148),
(751, 18.500000, 55.50, 1149),
(752, 5.000000, 315.00, 1162),
(753, 5.000000, 145.00, 1167),
(754, 5.750000, 28.75, 1176),
(755, 51.000000, 51.00, 1177),
(756, 5.000000, 5.00, 1178),
(757, 5.000000, 5.00, 1179),
(758, 7.500000, 7.50, 1180);

-- --------------------------------------------------------

--
-- Table structure for table `jobs`
--

CREATE TABLE `jobs` (
  `id` bigint(20) UNSIGNED NOT NULL,
  `queue` varchar(255) NOT NULL,
  `payload` longtext NOT NULL,
  `attempts` tinyint(3) UNSIGNED NOT NULL,
  `reserved_at` int(10) UNSIGNED DEFAULT NULL,
  `available_at` int(10) UNSIGNED NOT NULL,
  `created_at` int(10) UNSIGNED NOT NULL
) ENGINE=InnoDB DEFAULT CHARSET=utf8mb4 COLLATE=utf8mb4_unicode_ci;

-- --------------------------------------------------------

--
-- Table structure for table `job_batches`
--

CREATE TABLE `job_batches` (
  `id` varchar(255) NOT NULL,
  `name` varchar(255) NOT NULL,
  `total_jobs` int(11) NOT NULL,
  `pending_jobs` int(11) NOT NULL,
  `failed_jobs` int(11) NOT NULL,
  `failed_job_ids` longtext NOT NULL,
  `options` mediumtext DEFAULT NULL,
  `cancelled_at` int(11) DEFAULT NULL,
  `created_at` int(11) NOT NULL,
  `finished_at` int(11) DEFAULT NULL
) ENGINE=InnoDB DEFAULT CHARSET=utf8mb4 COLLATE=utf8mb4_unicode_ci;

-- --------------------------------------------------------

--
-- Table structure for table `migrations`
--

CREATE TABLE `migrations` (
  `id` int(10) UNSIGNED NOT NULL,
  `migration` varchar(255) NOT NULL,
  `batch` int(11) NOT NULL
) ENGINE=InnoDB DEFAULT CHARSET=utf8mb4 COLLATE=utf8mb4_unicode_ci;

--
-- Dumping data for table `migrations`
--

INSERT INTO `migrations` (`id`, `migration`, `batch`) VALUES
(1, '0001_01_01_000000_create_users_table', 1),
(2, '0001_01_01_000001_create_cache_table', 1),
(3, '0001_01_01_000002_create_jobs_table', 1),
(4, '2024_03_13_233333_create_permission_tables', 1),
(5, '2024_03_14_152647_create_product_types_table', 1),
(6, '2024_03_14_162154_create_product_presentations_table', 1),
(7, '2024_03_14_165026_create_products_table', 1),
(8, '2024_03_22_120455_create_product_sale_prices_table', 1),
(9, '2024_03_27_092100_create_providers_table', 1),
(10, '2024_03_27_172236_create_clients_table', 1),
(11, '2024_03_31_163325_create_warehouses_table', 1),
(12, '2024_03_31_172655_create_sale_invoices_table', 1),
(13, '2024_03_31_213611_create_purchase_invoices_table', 1),
(14, '2024_03_31_221717_create_expense_types_table', 1),
(15, '2024_03_31_221903_create_movement_types_table', 1),
(16, '2024_03_31_222428_create_movements_table', 1),
(17, '2024_04_01_113815_create_incomes_table', 1),
(18, '2024_04_05_182430_create_balances_table', 1),
(19, '2024_04_12_083322_create_product_warehouse_table', 1);

-- --------------------------------------------------------

--
-- Table structure for table `model_has_permissions`
--

CREATE TABLE `model_has_permissions` (
  `permission_id` bigint(20) UNSIGNED NOT NULL,
  `model_type` varchar(255) NOT NULL,
  `model_id` bigint(20) UNSIGNED NOT NULL
) ENGINE=InnoDB DEFAULT CHARSET=utf8mb4 COLLATE=utf8mb4_unicode_ci;

-- --------------------------------------------------------

--
-- Table structure for table `model_has_roles`
--

CREATE TABLE `model_has_roles` (
  `role_id` bigint(20) UNSIGNED NOT NULL,
  `model_type` varchar(255) NOT NULL,
  `model_id` bigint(20) UNSIGNED NOT NULL
) ENGINE=InnoDB DEFAULT CHARSET=utf8mb4 COLLATE=utf8mb4_unicode_ci;

--
-- Dumping data for table `model_has_roles`
--

INSERT INTO `model_has_roles` (`role_id`, `model_type`, `model_id`) VALUES
(1, 'App\\Models\\User', 1),
(2, 'App\\Models\\User', 5),
(2, 'App\\Models\\User', 7),
(3, 'App\\Models\\User', 4),
(3, 'App\\Models\\User', 6),
(4, 'App\\Models\\User', 2),
(4, 'App\\Models\\User', 3);

-- --------------------------------------------------------

--
-- Table structure for table `movements`
--

CREATE TABLE `movements` (
  `id` bigint(20) UNSIGNED NOT NULL,
  `amount` smallint(5) UNSIGNED NOT NULL,
  `unitary_purchase_price` decimal(12,6) NOT NULL,
  `total_purchase_price` decimal(13,2) NOT NULL,
  `product_id` int(10) UNSIGNED NOT NULL,
  `type_id` smallint(5) UNSIGNED NOT NULL,
  `invoice_id` int(10) UNSIGNED NOT NULL,
  `invoice_type` varchar(255) NOT NULL
) ENGINE=InnoDB DEFAULT CHARSET=utf8mb4 COLLATE=utf8mb4_unicode_ci;

--
-- Dumping data for table `movements`
--

INSERT INTO `movements` (`id`, `amount`, `unitary_purchase_price`, `total_purchase_price`, `product_id`, `type_id`, `invoice_id`, `invoice_type`) VALUES
(1, 100, 10.000000, 1000.00, 1, 1, 1, 'App\\Models\\Invoices\\PurchaseInvoice'),
(2, 100, 10.000000, 1000.00, 1, 2, 2, 'App\\Models\\Invoices\\PurchaseInvoice'),
(3, 100, 10.000000, 1000.00, 2, 1, 3, 'App\\Models\\Invoices\\PurchaseInvoice'),
(4, 100, 10.000000, 1000.00, 2, 2, 4, 'App\\Models\\Invoices\\PurchaseInvoice'),
(5, 100, 10.000000, 1000.00, 3, 1, 5, 'App\\Models\\Invoices\\PurchaseInvoice'),
(6, 100, 10.000000, 1000.00, 3, 2, 6, 'App\\Models\\Invoices\\PurchaseInvoice'),
(7, 100, 10.000000, 1000.00, 4, 1, 7, 'App\\Models\\Invoices\\PurchaseInvoice'),
(8, 100, 10.000000, 1000.00, 4, 2, 8, 'App\\Models\\Invoices\\PurchaseInvoice'),
(9, 100, 10.000000, 1000.00, 5, 1, 9, 'App\\Models\\Invoices\\PurchaseInvoice'),
(10, 100, 10.000000, 1000.00, 5, 2, 10, 'App\\Models\\Invoices\\PurchaseInvoice'),
(11, 100, 10.000000, 1000.00, 6, 1, 11, 'App\\Models\\Invoices\\PurchaseInvoice'),
(12, 100, 10.000000, 1000.00, 6, 2, 12, 'App\\Models\\Invoices\\PurchaseInvoice'),
(13, 100, 10.000000, 1000.00, 7, 1, 13, 'App\\Models\\Invoices\\PurchaseInvoice'),
(14, 100, 10.000000, 1000.00, 7, 2, 14, 'App\\Models\\Invoices\\PurchaseInvoice'),
(15, 100, 10.000000, 1000.00, 8, 1, 15, 'App\\Models\\Invoices\\PurchaseInvoice'),
(16, 100, 10.000000, 1000.00, 8, 2, 16, 'App\\Models\\Invoices\\PurchaseInvoice'),
(17, 100, 10.000000, 1000.00, 9, 1, 17, 'App\\Models\\Invoices\\PurchaseInvoice'),
(18, 100, 10.000000, 1000.00, 9, 2, 18, 'App\\Models\\Invoices\\PurchaseInvoice'),
(19, 100, 10.000000, 1000.00, 10, 1, 19, 'App\\Models\\Invoices\\PurchaseInvoice'),
(20, 100, 10.000000, 1000.00, 10, 2, 20, 'App\\Models\\Invoices\\PurchaseInvoice'),
(21, 100, 10.000000, 1000.00, 11, 1, 21, 'App\\Models\\Invoices\\PurchaseInvoice'),
(22, 100, 10.000000, 1000.00, 11, 2, 22, 'App\\Models\\Invoices\\PurchaseInvoice'),
(23, 100, 10.000000, 1000.00, 12, 1, 23, 'App\\Models\\Invoices\\PurchaseInvoice'),
(24, 100, 10.000000, 1000.00, 12, 2, 24, 'App\\Models\\Invoices\\PurchaseInvoice'),
(25, 100, 10.000000, 1000.00, 13, 1, 25, 'App\\Models\\Invoices\\PurchaseInvoice'),
(26, 100, 10.000000, 1000.00, 13, 2, 26, 'App\\Models\\Invoices\\PurchaseInvoice'),
(27, 100, 10.000000, 1000.00, 14, 1, 27, 'App\\Models\\Invoices\\PurchaseInvoice'),
(28, 100, 10.000000, 1000.00, 14, 2, 28, 'App\\Models\\Invoices\\PurchaseInvoice'),
(29, 100, 10.000000, 1000.00, 15, 1, 29, 'App\\Models\\Invoices\\PurchaseInvoice'),
(30, 100, 10.000000, 1000.00, 15, 2, 30, 'App\\Models\\Invoices\\PurchaseInvoice'),
(31, 100, 10.000000, 1000.00, 16, 1, 31, 'App\\Models\\Invoices\\PurchaseInvoice'),
(32, 100, 10.000000, 1000.00, 16, 2, 32, 'App\\Models\\Invoices\\PurchaseInvoice'),
(33, 100, 10.000000, 1000.00, 17, 1, 33, 'App\\Models\\Invoices\\PurchaseInvoice'),
(34, 100, 10.000000, 1000.00, 17, 2, 34, 'App\\Models\\Invoices\\PurchaseInvoice'),
(35, 100, 10.000000, 1000.00, 18, 1, 35, 'App\\Models\\Invoices\\PurchaseInvoice'),
(36, 100, 10.000000, 1000.00, 18, 2, 36, 'App\\Models\\Invoices\\PurchaseInvoice'),
(37, 100, 10.000000, 1000.00, 19, 1, 37, 'App\\Models\\Invoices\\PurchaseInvoice'),
(38, 100, 10.000000, 1000.00, 19, 2, 38, 'App\\Models\\Invoices\\PurchaseInvoice'),
(39, 100, 10.000000, 1000.00, 20, 1, 39, 'App\\Models\\Invoices\\PurchaseInvoice'),
(40, 100, 10.000000, 1000.00, 20, 2, 40, 'App\\Models\\Invoices\\PurchaseInvoice'),
(41, 100, 10.000000, 1000.00, 21, 1, 41, 'App\\Models\\Invoices\\PurchaseInvoice'),
(42, 100, 10.000000, 1000.00, 21, 2, 42, 'App\\Models\\Invoices\\PurchaseInvoice'),
(43, 100, 10.000000, 1000.00, 22, 1, 43, 'App\\Models\\Invoices\\PurchaseInvoice'),
(44, 100, 10.000000, 1000.00, 22, 2, 44, 'App\\Models\\Invoices\\PurchaseInvoice'),
(45, 100, 10.000000, 1000.00, 23, 1, 45, 'App\\Models\\Invoices\\PurchaseInvoice'),
(46, 100, 10.000000, 1000.00, 23, 2, 46, 'App\\Models\\Invoices\\PurchaseInvoice'),
(47, 100, 10.000000, 1000.00, 24, 1, 47, 'App\\Models\\Invoices\\PurchaseInvoice'),
(48, 100, 10.000000, 1000.00, 24, 2, 48, 'App\\Models\\Invoices\\PurchaseInvoice'),
(49, 100, 10.000000, 1000.00, 25, 1, 49, 'App\\Models\\Invoices\\PurchaseInvoice'),
(50, 100, 10.000000, 1000.00, 25, 2, 50, 'App\\Models\\Invoices\\PurchaseInvoice'),
(51, 100, 10.000000, 1000.00, 26, 1, 51, 'App\\Models\\Invoices\\PurchaseInvoice'),
(52, 100, 10.000000, 1000.00, 26, 2, 52, 'App\\Models\\Invoices\\PurchaseInvoice'),
(53, 100, 10.000000, 1000.00, 27, 1, 53, 'App\\Models\\Invoices\\PurchaseInvoice'),
(54, 100, 10.000000, 1000.00, 27, 2, 54, 'App\\Models\\Invoices\\PurchaseInvoice'),
(55, 100, 10.000000, 1000.00, 28, 1, 55, 'App\\Models\\Invoices\\PurchaseInvoice'),
(56, 100, 10.000000, 1000.00, 28, 2, 56, 'App\\Models\\Invoices\\PurchaseInvoice'),
(57, 100, 10.000000, 1000.00, 29, 1, 57, 'App\\Models\\Invoices\\PurchaseInvoice'),
(58, 100, 10.000000, 1000.00, 29, 2, 58, 'App\\Models\\Invoices\\PurchaseInvoice'),
(59, 100, 10.000000, 1000.00, 30, 1, 59, 'App\\Models\\Invoices\\PurchaseInvoice'),
(60, 100, 10.000000, 1000.00, 30, 2, 60, 'App\\Models\\Invoices\\PurchaseInvoice'),
(61, 100, 10.000000, 1000.00, 31, 1, 61, 'App\\Models\\Invoices\\PurchaseInvoice'),
(62, 100, 10.000000, 1000.00, 31, 2, 62, 'App\\Models\\Invoices\\PurchaseInvoice'),
(63, 100, 10.000000, 1000.00, 32, 1, 63, 'App\\Models\\Invoices\\PurchaseInvoice'),
(64, 100, 10.000000, 1000.00, 32, 2, 64, 'App\\Models\\Invoices\\PurchaseInvoice'),
(65, 100, 10.000000, 1000.00, 33, 1, 65, 'App\\Models\\Invoices\\PurchaseInvoice'),
(66, 100, 10.000000, 1000.00, 33, 2, 66, 'App\\Models\\Invoices\\PurchaseInvoice'),
(67, 100, 10.000000, 1000.00, 34, 1, 67, 'App\\Models\\Invoices\\PurchaseInvoice'),
(68, 100, 10.000000, 1000.00, 34, 2, 68, 'App\\Models\\Invoices\\PurchaseInvoice'),
(69, 100, 10.000000, 1000.00, 35, 1, 69, 'App\\Models\\Invoices\\PurchaseInvoice'),
(70, 100, 10.000000, 1000.00, 35, 2, 70, 'App\\Models\\Invoices\\PurchaseInvoice'),
(71, 100, 10.000000, 1000.00, 36, 1, 71, 'App\\Models\\Invoices\\PurchaseInvoice'),
(72, 100, 10.000000, 1000.00, 36, 2, 72, 'App\\Models\\Invoices\\PurchaseInvoice'),
(73, 100, 10.000000, 1000.00, 37, 1, 73, 'App\\Models\\Invoices\\PurchaseInvoice'),
(74, 100, 10.000000, 1000.00, 37, 2, 74, 'App\\Models\\Invoices\\PurchaseInvoice'),
(75, 100, 10.000000, 1000.00, 38, 1, 75, 'App\\Models\\Invoices\\PurchaseInvoice'),
(76, 100, 10.000000, 1000.00, 38, 2, 76, 'App\\Models\\Invoices\\PurchaseInvoice'),
(77, 100, 10.000000, 1000.00, 39, 1, 77, 'App\\Models\\Invoices\\PurchaseInvoice'),
(78, 100, 10.000000, 1000.00, 39, 2, 78, 'App\\Models\\Invoices\\PurchaseInvoice'),
(79, 100, 10.000000, 1000.00, 40, 1, 79, 'App\\Models\\Invoices\\PurchaseInvoice'),
(80, 100, 10.000000, 1000.00, 40, 2, 80, 'App\\Models\\Invoices\\PurchaseInvoice'),
(81, 100, 10.000000, 1000.00, 41, 1, 81, 'App\\Models\\Invoices\\PurchaseInvoice'),
(82, 100, 10.000000, 1000.00, 41, 2, 82, 'App\\Models\\Invoices\\PurchaseInvoice'),
(83, 100, 10.000000, 1000.00, 42, 1, 83, 'App\\Models\\Invoices\\PurchaseInvoice'),
(84, 100, 10.000000, 1000.00, 42, 2, 84, 'App\\Models\\Invoices\\PurchaseInvoice'),
(85, 100, 10.000000, 1000.00, 43, 1, 85, 'App\\Models\\Invoices\\PurchaseInvoice'),
(86, 100, 10.000000, 1000.00, 43, 2, 86, 'App\\Models\\Invoices\\PurchaseInvoice'),
(87, 100, 10.000000, 1000.00, 44, 1, 87, 'App\\Models\\Invoices\\PurchaseInvoice'),
(88, 100, 10.000000, 1000.00, 44, 2, 88, 'App\\Models\\Invoices\\PurchaseInvoice'),
(89, 100, 10.000000, 1000.00, 45, 1, 89, 'App\\Models\\Invoices\\PurchaseInvoice'),
(90, 100, 10.000000, 1000.00, 45, 2, 90, 'App\\Models\\Invoices\\PurchaseInvoice'),
(91, 100, 10.000000, 1000.00, 46, 1, 91, 'App\\Models\\Invoices\\PurchaseInvoice'),
(92, 100, 10.000000, 1000.00, 46, 2, 92, 'App\\Models\\Invoices\\PurchaseInvoice'),
(93, 100, 10.000000, 1000.00, 47, 1, 93, 'App\\Models\\Invoices\\PurchaseInvoice'),
(94, 100, 10.000000, 1000.00, 47, 2, 94, 'App\\Models\\Invoices\\PurchaseInvoice'),
(95, 100, 10.000000, 1000.00, 48, 1, 95, 'App\\Models\\Invoices\\PurchaseInvoice'),
(96, 100, 10.000000, 1000.00, 48, 2, 96, 'App\\Models\\Invoices\\PurchaseInvoice'),
(97, 100, 10.000000, 1000.00, 49, 1, 97, 'App\\Models\\Invoices\\PurchaseInvoice'),
(98, 100, 10.000000, 1000.00, 49, 2, 98, 'App\\Models\\Invoices\\PurchaseInvoice'),
(99, 100, 10.000000, 1000.00, 50, 1, 99, 'App\\Models\\Invoices\\PurchaseInvoice'),
(100, 100, 10.000000, 1000.00, 50, 2, 100, 'App\\Models\\Invoices\\PurchaseInvoice'),
(101, 100, 10.000000, 1000.00, 51, 1, 101, 'App\\Models\\Invoices\\PurchaseInvoice'),
(102, 100, 10.000000, 1000.00, 51, 2, 102, 'App\\Models\\Invoices\\PurchaseInvoice'),
(103, 100, 10.000000, 1000.00, 52, 1, 103, 'App\\Models\\Invoices\\PurchaseInvoice'),
(104, 100, 10.000000, 1000.00, 52, 2, 104, 'App\\Models\\Invoices\\PurchaseInvoice'),
(105, 100, 10.000000, 1000.00, 53, 1, 105, 'App\\Models\\Invoices\\PurchaseInvoice'),
(106, 100, 10.000000, 1000.00, 53, 2, 106, 'App\\Models\\Invoices\\PurchaseInvoice'),
(107, 100, 10.000000, 1000.00, 54, 1, 107, 'App\\Models\\Invoices\\PurchaseInvoice'),
(108, 100, 10.000000, 1000.00, 54, 2, 108, 'App\\Models\\Invoices\\PurchaseInvoice'),
(109, 100, 10.000000, 1000.00, 55, 1, 109, 'App\\Models\\Invoices\\PurchaseInvoice'),
(110, 100, 10.000000, 1000.00, 55, 2, 110, 'App\\Models\\Invoices\\PurchaseInvoice'),
(111, 100, 10.000000, 1000.00, 56, 1, 111, 'App\\Models\\Invoices\\PurchaseInvoice'),
(112, 100, 10.000000, 1000.00, 56, 2, 112, 'App\\Models\\Invoices\\PurchaseInvoice'),
(113, 100, 10.000000, 1000.00, 57, 1, 113, 'App\\Models\\Invoices\\PurchaseInvoice'),
(114, 100, 10.000000, 1000.00, 57, 2, 114, 'App\\Models\\Invoices\\PurchaseInvoice'),
(115, 100, 10.000000, 1000.00, 58, 1, 115, 'App\\Models\\Invoices\\PurchaseInvoice'),
(116, 100, 10.000000, 1000.00, 58, 2, 116, 'App\\Models\\Invoices\\PurchaseInvoice'),
(117, 100, 10.000000, 1000.00, 59, 1, 117, 'App\\Models\\Invoices\\PurchaseInvoice'),
(118, 100, 10.000000, 1000.00, 59, 2, 118, 'App\\Models\\Invoices\\PurchaseInvoice'),
(119, 100, 10.000000, 1000.00, 60, 1, 119, 'App\\Models\\Invoices\\PurchaseInvoice'),
(120, 100, 10.000000, 1000.00, 60, 2, 120, 'App\\Models\\Invoices\\PurchaseInvoice'),
(121, 100, 10.000000, 1000.00, 61, 1, 121, 'App\\Models\\Invoices\\PurchaseInvoice'),
(122, 100, 10.000000, 1000.00, 61, 2, 122, 'App\\Models\\Invoices\\PurchaseInvoice'),
(123, 100, 10.000000, 1000.00, 62, 1, 123, 'App\\Models\\Invoices\\PurchaseInvoice'),
(124, 100, 10.000000, 1000.00, 62, 2, 124, 'App\\Models\\Invoices\\PurchaseInvoice'),
(125, 100, 10.000000, 1000.00, 63, 1, 125, 'App\\Models\\Invoices\\PurchaseInvoice'),
(126, 100, 10.000000, 1000.00, 63, 2, 126, 'App\\Models\\Invoices\\PurchaseInvoice'),
(127, 100, 10.000000, 1000.00, 64, 1, 127, 'App\\Models\\Invoices\\PurchaseInvoice'),
(128, 100, 10.000000, 1000.00, 64, 2, 128, 'App\\Models\\Invoices\\PurchaseInvoice'),
(129, 100, 10.000000, 1000.00, 65, 1, 129, 'App\\Models\\Invoices\\PurchaseInvoice'),
(130, 100, 10.000000, 1000.00, 65, 2, 130, 'App\\Models\\Invoices\\PurchaseInvoice'),
(131, 100, 10.000000, 1000.00, 66, 1, 131, 'App\\Models\\Invoices\\PurchaseInvoice'),
(132, 100, 10.000000, 1000.00, 66, 2, 132, 'App\\Models\\Invoices\\PurchaseInvoice'),
(133, 100, 10.000000, 1000.00, 67, 1, 133, 'App\\Models\\Invoices\\PurchaseInvoice'),
(134, 100, 10.000000, 1000.00, 67, 2, 134, 'App\\Models\\Invoices\\PurchaseInvoice'),
(135, 100, 10.000000, 1000.00, 68, 1, 135, 'App\\Models\\Invoices\\PurchaseInvoice'),
(136, 100, 10.000000, 1000.00, 68, 2, 136, 'App\\Models\\Invoices\\PurchaseInvoice'),
(137, 100, 10.000000, 1000.00, 69, 1, 137, 'App\\Models\\Invoices\\PurchaseInvoice'),
(138, 100, 10.000000, 1000.00, 69, 2, 138, 'App\\Models\\Invoices\\PurchaseInvoice'),
(139, 100, 10.000000, 1000.00, 70, 1, 139, 'App\\Models\\Invoices\\PurchaseInvoice'),
(140, 100, 10.000000, 1000.00, 70, 2, 140, 'App\\Models\\Invoices\\PurchaseInvoice'),
(141, 100, 10.000000, 1000.00, 71, 1, 141, 'App\\Models\\Invoices\\PurchaseInvoice'),
(142, 100, 10.000000, 1000.00, 71, 2, 142, 'App\\Models\\Invoices\\PurchaseInvoice'),
(143, 100, 10.000000, 1000.00, 72, 1, 143, 'App\\Models\\Invoices\\PurchaseInvoice'),
(144, 100, 10.000000, 1000.00, 72, 2, 144, 'App\\Models\\Invoices\\PurchaseInvoice'),
(145, 100, 10.000000, 1000.00, 73, 1, 145, 'App\\Models\\Invoices\\PurchaseInvoice'),
(146, 100, 10.000000, 1000.00, 73, 2, 146, 'App\\Models\\Invoices\\PurchaseInvoice'),
(147, 100, 10.000000, 1000.00, 74, 1, 147, 'App\\Models\\Invoices\\PurchaseInvoice'),
(148, 100, 10.000000, 1000.00, 74, 2, 148, 'App\\Models\\Invoices\\PurchaseInvoice'),
(149, 100, 10.000000, 1000.00, 75, 1, 149, 'App\\Models\\Invoices\\PurchaseInvoice'),
(150, 100, 10.000000, 1000.00, 75, 2, 150, 'App\\Models\\Invoices\\PurchaseInvoice'),
(151, 100, 10.000000, 1000.00, 76, 1, 151, 'App\\Models\\Invoices\\PurchaseInvoice'),
(152, 100, 10.000000, 1000.00, 76, 2, 152, 'App\\Models\\Invoices\\PurchaseInvoice'),
(153, 100, 10.000000, 1000.00, 77, 1, 153, 'App\\Models\\Invoices\\PurchaseInvoice'),
(154, 100, 10.000000, 1000.00, 77, 2, 154, 'App\\Models\\Invoices\\PurchaseInvoice'),
(155, 100, 10.000000, 1000.00, 78, 1, 155, 'App\\Models\\Invoices\\PurchaseInvoice'),
(156, 100, 10.000000, 1000.00, 78, 2, 156, 'App\\Models\\Invoices\\PurchaseInvoice'),
(157, 100, 10.000000, 1000.00, 79, 1, 157, 'App\\Models\\Invoices\\PurchaseInvoice'),
(158, 100, 10.000000, 1000.00, 79, 2, 158, 'App\\Models\\Invoices\\PurchaseInvoice'),
(159, 100, 10.000000, 1000.00, 80, 1, 159, 'App\\Models\\Invoices\\PurchaseInvoice'),
(160, 100, 10.000000, 1000.00, 80, 2, 160, 'App\\Models\\Invoices\\PurchaseInvoice'),
(161, 100, 10.000000, 1000.00, 81, 1, 161, 'App\\Models\\Invoices\\PurchaseInvoice'),
(162, 100, 10.000000, 1000.00, 81, 2, 162, 'App\\Models\\Invoices\\PurchaseInvoice'),
(163, 100, 10.000000, 1000.00, 82, 1, 163, 'App\\Models\\Invoices\\PurchaseInvoice'),
(164, 100, 10.000000, 1000.00, 82, 2, 164, 'App\\Models\\Invoices\\PurchaseInvoice'),
(165, 100, 10.000000, 1000.00, 83, 1, 165, 'App\\Models\\Invoices\\PurchaseInvoice'),
(166, 100, 10.000000, 1000.00, 83, 2, 166, 'App\\Models\\Invoices\\PurchaseInvoice'),
(167, 100, 10.000000, 1000.00, 84, 1, 167, 'App\\Models\\Invoices\\PurchaseInvoice'),
(168, 100, 10.000000, 1000.00, 84, 2, 168, 'App\\Models\\Invoices\\PurchaseInvoice'),
(169, 100, 10.000000, 1000.00, 85, 1, 169, 'App\\Models\\Invoices\\PurchaseInvoice'),
(170, 100, 10.000000, 1000.00, 85, 2, 170, 'App\\Models\\Invoices\\PurchaseInvoice'),
(171, 100, 10.000000, 1000.00, 86, 1, 171, 'App\\Models\\Invoices\\PurchaseInvoice'),
(172, 100, 10.000000, 1000.00, 86, 2, 172, 'App\\Models\\Invoices\\PurchaseInvoice'),
(173, 100, 10.000000, 1000.00, 87, 1, 173, 'App\\Models\\Invoices\\PurchaseInvoice'),
(174, 100, 10.000000, 1000.00, 87, 2, 174, 'App\\Models\\Invoices\\PurchaseInvoice'),
(175, 100, 10.000000, 1000.00, 88, 1, 175, 'App\\Models\\Invoices\\PurchaseInvoice'),
(176, 100, 10.000000, 1000.00, 88, 2, 176, 'App\\Models\\Invoices\\PurchaseInvoice'),
(177, 100, 10.000000, 1000.00, 89, 1, 177, 'App\\Models\\Invoices\\PurchaseInvoice'),
(178, 100, 10.000000, 1000.00, 89, 2, 178, 'App\\Models\\Invoices\\PurchaseInvoice'),
(179, 100, 10.000000, 1000.00, 90, 1, 179, 'App\\Models\\Invoices\\PurchaseInvoice'),
(180, 100, 10.000000, 1000.00, 90, 2, 180, 'App\\Models\\Invoices\\PurchaseInvoice'),
(181, 100, 10.000000, 1000.00, 91, 1, 181, 'App\\Models\\Invoices\\PurchaseInvoice'),
(182, 100, 10.000000, 1000.00, 91, 2, 182, 'App\\Models\\Invoices\\PurchaseInvoice'),
(183, 100, 10.000000, 1000.00, 92, 1, 183, 'App\\Models\\Invoices\\PurchaseInvoice'),
(184, 100, 10.000000, 1000.00, 92, 2, 184, 'App\\Models\\Invoices\\PurchaseInvoice'),
(185, 100, 10.000000, 1000.00, 93, 1, 185, 'App\\Models\\Invoices\\PurchaseInvoice'),
(186, 100, 10.000000, 1000.00, 93, 2, 186, 'App\\Models\\Invoices\\PurchaseInvoice'),
(187, 100, 10.000000, 1000.00, 94, 1, 187, 'App\\Models\\Invoices\\PurchaseInvoice'),
(188, 100, 10.000000, 1000.00, 94, 2, 188, 'App\\Models\\Invoices\\PurchaseInvoice'),
(189, 100, 10.000000, 1000.00, 95, 1, 189, 'App\\Models\\Invoices\\PurchaseInvoice'),
(190, 100, 10.000000, 1000.00, 95, 2, 190, 'App\\Models\\Invoices\\PurchaseInvoice'),
(191, 100, 10.000000, 1000.00, 96, 1, 191, 'App\\Models\\Invoices\\PurchaseInvoice'),
(192, 100, 10.000000, 1000.00, 96, 2, 192, 'App\\Models\\Invoices\\PurchaseInvoice'),
(193, 100, 10.000000, 1000.00, 97, 1, 193, 'App\\Models\\Invoices\\PurchaseInvoice'),
(194, 100, 10.000000, 1000.00, 97, 2, 194, 'App\\Models\\Invoices\\PurchaseInvoice'),
(195, 100, 10.000000, 1000.00, 98, 1, 195, 'App\\Models\\Invoices\\PurchaseInvoice'),
(196, 100, 10.000000, 1000.00, 98, 2, 196, 'App\\Models\\Invoices\\PurchaseInvoice'),
(197, 100, 10.000000, 1000.00, 99, 1, 197, 'App\\Models\\Invoices\\PurchaseInvoice'),
(198, 100, 10.000000, 1000.00, 99, 2, 198, 'App\\Models\\Invoices\\PurchaseInvoice'),
(199, 100, 10.000000, 1000.00, 100, 1, 199, 'App\\Models\\Invoices\\PurchaseInvoice'),
(200, 100, 10.000000, 1000.00, 100, 2, 200, 'App\\Models\\Invoices\\PurchaseInvoice'),
(201, 100, 10.000000, 1000.00, 101, 1, 201, 'App\\Models\\Invoices\\PurchaseInvoice'),
(202, 100, 10.000000, 1000.00, 101, 2, 202, 'App\\Models\\Invoices\\PurchaseInvoice'),
(205, 100, 10.000000, 1000.00, 103, 1, 205, 'App\\Models\\Invoices\\PurchaseInvoice'),
(206, 100, 10.000000, 1000.00, 103, 2, 206, 'App\\Models\\Invoices\\PurchaseInvoice'),
(207, 100, 10.000000, 1000.00, 104, 1, 207, 'App\\Models\\Invoices\\PurchaseInvoice'),
(208, 100, 10.000000, 1000.00, 104, 2, 208, 'App\\Models\\Invoices\\PurchaseInvoice'),
(209, 100, 10.000000, 1000.00, 105, 1, 209, 'App\\Models\\Invoices\\PurchaseInvoice'),
(210, 100, 10.000000, 1000.00, 105, 2, 210, 'App\\Models\\Invoices\\PurchaseInvoice'),
(211, 100, 10.000000, 1000.00, 106, 1, 211, 'App\\Models\\Invoices\\PurchaseInvoice'),
(212, 100, 10.000000, 1000.00, 106, 2, 212, 'App\\Models\\Invoices\\PurchaseInvoice'),
(213, 100, 10.000000, 1000.00, 107, 1, 213, 'App\\Models\\Invoices\\PurchaseInvoice'),
(214, 100, 10.000000, 1000.00, 107, 2, 214, 'App\\Models\\Invoices\\PurchaseInvoice'),
(215, 100, 10.000000, 1000.00, 108, 1, 215, 'App\\Models\\Invoices\\PurchaseInvoice'),
(216, 100, 10.000000, 1000.00, 108, 2, 216, 'App\\Models\\Invoices\\PurchaseInvoice'),
(217, 100, 10.000000, 1000.00, 109, 1, 217, 'App\\Models\\Invoices\\PurchaseInvoice'),
(218, 100, 10.000000, 1000.00, 109, 2, 218, 'App\\Models\\Invoices\\PurchaseInvoice'),
(219, 100, 10.000000, 1000.00, 110, 1, 219, 'App\\Models\\Invoices\\PurchaseInvoice'),
(220, 100, 10.000000, 1000.00, 110, 2, 220, 'App\\Models\\Invoices\\PurchaseInvoice'),
(221, 100, 10.000000, 1000.00, 111, 1, 221, 'App\\Models\\Invoices\\PurchaseInvoice'),
(222, 100, 10.000000, 1000.00, 111, 2, 222, 'App\\Models\\Invoices\\PurchaseInvoice'),
(223, 100, 10.000000, 1000.00, 112, 1, 223, 'App\\Models\\Invoices\\PurchaseInvoice'),
(224, 100, 10.000000, 1000.00, 112, 2, 224, 'App\\Models\\Invoices\\PurchaseInvoice'),
(225, 100, 10.000000, 1000.00, 113, 1, 225, 'App\\Models\\Invoices\\PurchaseInvoice'),
(226, 100, 10.000000, 1000.00, 113, 2, 226, 'App\\Models\\Invoices\\PurchaseInvoice'),
(227, 100, 10.000000, 1000.00, 114, 1, 227, 'App\\Models\\Invoices\\PurchaseInvoice'),
(228, 100, 10.000000, 1000.00, 114, 2, 228, 'App\\Models\\Invoices\\PurchaseInvoice'),
(229, 100, 10.000000, 1000.00, 115, 1, 229, 'App\\Models\\Invoices\\PurchaseInvoice'),
(230, 100, 10.000000, 1000.00, 115, 2, 230, 'App\\Models\\Invoices\\PurchaseInvoice'),
(231, 100, 10.000000, 1000.00, 116, 1, 231, 'App\\Models\\Invoices\\PurchaseInvoice'),
(232, 100, 10.000000, 1000.00, 116, 2, 232, 'App\\Models\\Invoices\\PurchaseInvoice'),
(233, 100, 10.000000, 1000.00, 117, 1, 233, 'App\\Models\\Invoices\\PurchaseInvoice'),
(234, 100, 10.000000, 1000.00, 117, 2, 234, 'App\\Models\\Invoices\\PurchaseInvoice'),
(235, 100, 10.000000, 1000.00, 118, 1, 235, 'App\\Models\\Invoices\\PurchaseInvoice'),
(236, 100, 10.000000, 1000.00, 118, 2, 236, 'App\\Models\\Invoices\\PurchaseInvoice'),
(237, 100, 10.000000, 1000.00, 119, 1, 237, 'App\\Models\\Invoices\\PurchaseInvoice'),
(238, 100, 10.000000, 1000.00, 119, 2, 238, 'App\\Models\\Invoices\\PurchaseInvoice'),
(239, 100, 10.000000, 1000.00, 120, 1, 239, 'App\\Models\\Invoices\\PurchaseInvoice'),
(240, 100, 10.000000, 1000.00, 120, 2, 240, 'App\\Models\\Invoices\\PurchaseInvoice'),
(241, 100, 10.000000, 1000.00, 121, 1, 241, 'App\\Models\\Invoices\\PurchaseInvoice'),
(242, 100, 10.000000, 1000.00, 121, 2, 242, 'App\\Models\\Invoices\\PurchaseInvoice'),
(243, 100, 10.000000, 1000.00, 122, 1, 243, 'App\\Models\\Invoices\\PurchaseInvoice'),
(244, 100, 10.000000, 1000.00, 122, 2, 244, 'App\\Models\\Invoices\\PurchaseInvoice'),
(245, 100, 10.000000, 1000.00, 123, 1, 245, 'App\\Models\\Invoices\\PurchaseInvoice'),
(246, 100, 10.000000, 1000.00, 123, 2, 246, 'App\\Models\\Invoices\\PurchaseInvoice'),
(247, 100, 10.000000, 1000.00, 124, 1, 247, 'App\\Models\\Invoices\\PurchaseInvoice'),
(248, 100, 10.000000, 1000.00, 124, 2, 248, 'App\\Models\\Invoices\\PurchaseInvoice'),
(249, 100, 10.000000, 1000.00, 125, 1, 249, 'App\\Models\\Invoices\\PurchaseInvoice'),
(250, 100, 10.000000, 1000.00, 125, 2, 250, 'App\\Models\\Invoices\\PurchaseInvoice'),
(251, 100, 10.000000, 1000.00, 126, 1, 251, 'App\\Models\\Invoices\\PurchaseInvoice'),
(252, 100, 10.000000, 1000.00, 126, 2, 252, 'App\\Models\\Invoices\\PurchaseInvoice'),
(253, 100, 10.000000, 1000.00, 127, 1, 253, 'App\\Models\\Invoices\\PurchaseInvoice'),
(254, 100, 10.000000, 1000.00, 127, 2, 254, 'App\\Models\\Invoices\\PurchaseInvoice'),
(255, 100, 10.000000, 1000.00, 128, 1, 255, 'App\\Models\\Invoices\\PurchaseInvoice'),
(256, 100, 10.000000, 1000.00, 128, 2, 256, 'App\\Models\\Invoices\\PurchaseInvoice'),
(257, 100, 10.000000, 1000.00, 129, 1, 257, 'App\\Models\\Invoices\\PurchaseInvoice'),
(258, 100, 10.000000, 1000.00, 129, 2, 258, 'App\\Models\\Invoices\\PurchaseInvoice'),
(259, 100, 10.000000, 1000.00, 130, 1, 259, 'App\\Models\\Invoices\\PurchaseInvoice'),
(260, 100, 10.000000, 1000.00, 130, 2, 260, 'App\\Models\\Invoices\\PurchaseInvoice'),
(261, 100, 10.000000, 1000.00, 131, 1, 261, 'App\\Models\\Invoices\\PurchaseInvoice'),
(262, 100, 10.000000, 1000.00, 131, 2, 262, 'App\\Models\\Invoices\\PurchaseInvoice'),
(263, 100, 10.000000, 1000.00, 132, 1, 263, 'App\\Models\\Invoices\\PurchaseInvoice'),
(264, 100, 10.000000, 1000.00, 132, 2, 264, 'App\\Models\\Invoices\\PurchaseInvoice'),
(265, 100, 10.000000, 1000.00, 133, 1, 265, 'App\\Models\\Invoices\\PurchaseInvoice'),
(266, 100, 10.000000, 1000.00, 133, 2, 266, 'App\\Models\\Invoices\\PurchaseInvoice'),
(267, 100, 10.000000, 1000.00, 134, 1, 267, 'App\\Models\\Invoices\\PurchaseInvoice'),
(268, 100, 10.000000, 1000.00, 134, 2, 268, 'App\\Models\\Invoices\\PurchaseInvoice'),
(269, 100, 10.000000, 1000.00, 135, 1, 269, 'App\\Models\\Invoices\\PurchaseInvoice'),
(270, 100, 10.000000, 1000.00, 135, 2, 270, 'App\\Models\\Invoices\\PurchaseInvoice'),
(271, 100, 10.000000, 1000.00, 136, 1, 271, 'App\\Models\\Invoices\\PurchaseInvoice'),
(272, 100, 10.000000, 1000.00, 136, 2, 272, 'App\\Models\\Invoices\\PurchaseInvoice'),
(273, 100, 10.000000, 1000.00, 137, 1, 273, 'App\\Models\\Invoices\\PurchaseInvoice'),
(274, 100, 10.000000, 1000.00, 137, 2, 274, 'App\\Models\\Invoices\\PurchaseInvoice'),
(275, 100, 10.000000, 1000.00, 138, 1, 275, 'App\\Models\\Invoices\\PurchaseInvoice'),
(276, 100, 10.000000, 1000.00, 138, 2, 276, 'App\\Models\\Invoices\\PurchaseInvoice'),
(277, 100, 10.000000, 1000.00, 139, 1, 277, 'App\\Models\\Invoices\\PurchaseInvoice'),
(278, 100, 10.000000, 1000.00, 139, 2, 278, 'App\\Models\\Invoices\\PurchaseInvoice'),
(279, 100, 10.000000, 1000.00, 140, 1, 279, 'App\\Models\\Invoices\\PurchaseInvoice'),
(280, 100, 10.000000, 1000.00, 140, 2, 280, 'App\\Models\\Invoices\\PurchaseInvoice'),
(281, 100, 10.000000, 1000.00, 141, 1, 281, 'App\\Models\\Invoices\\PurchaseInvoice'),
(282, 100, 10.000000, 1000.00, 141, 2, 282, 'App\\Models\\Invoices\\PurchaseInvoice'),
(283, 100, 10.000000, 1000.00, 142, 1, 283, 'App\\Models\\Invoices\\PurchaseInvoice'),
(284, 100, 10.000000, 1000.00, 142, 2, 284, 'App\\Models\\Invoices\\PurchaseInvoice'),
(285, 100, 10.000000, 1000.00, 143, 1, 285, 'App\\Models\\Invoices\\PurchaseInvoice'),
(286, 100, 10.000000, 1000.00, 143, 2, 286, 'App\\Models\\Invoices\\PurchaseInvoice'),
(287, 100, 10.000000, 1000.00, 144, 1, 287, 'App\\Models\\Invoices\\PurchaseInvoice'),
(288, 100, 10.000000, 1000.00, 144, 2, 288, 'App\\Models\\Invoices\\PurchaseInvoice'),
(289, 100, 10.000000, 1000.00, 145, 1, 289, 'App\\Models\\Invoices\\PurchaseInvoice'),
(290, 100, 10.000000, 1000.00, 145, 2, 290, 'App\\Models\\Invoices\\PurchaseInvoice'),
(291, 100, 10.000000, 1000.00, 146, 1, 291, 'App\\Models\\Invoices\\PurchaseInvoice'),
(292, 100, 10.000000, 1000.00, 146, 2, 292, 'App\\Models\\Invoices\\PurchaseInvoice'),
(293, 100, 10.000000, 1000.00, 147, 1, 293, 'App\\Models\\Invoices\\PurchaseInvoice'),
(294, 100, 10.000000, 1000.00, 147, 2, 294, 'App\\Models\\Invoices\\PurchaseInvoice'),
(295, 100, 10.000000, 1000.00, 148, 1, 295, 'App\\Models\\Invoices\\PurchaseInvoice'),
(296, 100, 10.000000, 1000.00, 148, 2, 296, 'App\\Models\\Invoices\\PurchaseInvoice'),
(297, 100, 10.000000, 1000.00, 149, 1, 297, 'App\\Models\\Invoices\\PurchaseInvoice'),
(298, 100, 10.000000, 1000.00, 149, 2, 298, 'App\\Models\\Invoices\\PurchaseInvoice'),
(299, 100, 10.000000, 1000.00, 150, 1, 299, 'App\\Models\\Invoices\\PurchaseInvoice'),
(300, 100, 10.000000, 1000.00, 150, 2, 300, 'App\\Models\\Invoices\\PurchaseInvoice'),
(301, 100, 10.000000, 1000.00, 151, 1, 301, 'App\\Models\\Invoices\\PurchaseInvoice'),
(302, 100, 10.000000, 1000.00, 151, 2, 302, 'App\\Models\\Invoices\\PurchaseInvoice'),
(303, 100, 10.000000, 1000.00, 152, 1, 303, 'App\\Models\\Invoices\\PurchaseInvoice'),
(304, 100, 10.000000, 1000.00, 152, 2, 304, 'App\\Models\\Invoices\\PurchaseInvoice'),
(305, 100, 10.000000, 1000.00, 153, 1, 305, 'App\\Models\\Invoices\\PurchaseInvoice'),
(306, 100, 10.000000, 1000.00, 153, 2, 306, 'App\\Models\\Invoices\\PurchaseInvoice'),
(307, 100, 10.000000, 1000.00, 154, 1, 307, 'App\\Models\\Invoices\\PurchaseInvoice'),
(308, 100, 10.000000, 1000.00, 154, 2, 308, 'App\\Models\\Invoices\\PurchaseInvoice'),
(309, 100, 10.000000, 1000.00, 155, 1, 309, 'App\\Models\\Invoices\\PurchaseInvoice'),
(310, 100, 10.000000, 1000.00, 155, 2, 310, 'App\\Models\\Invoices\\PurchaseInvoice'),
(311, 100, 10.000000, 1000.00, 156, 1, 311, 'App\\Models\\Invoices\\PurchaseInvoice'),
(312, 100, 10.000000, 1000.00, 156, 2, 312, 'App\\Models\\Invoices\\PurchaseInvoice'),
(313, 100, 10.000000, 1000.00, 157, 1, 313, 'App\\Models\\Invoices\\PurchaseInvoice'),
(314, 100, 10.000000, 1000.00, 157, 2, 314, 'App\\Models\\Invoices\\PurchaseInvoice'),
(315, 100, 10.000000, 1000.00, 158, 1, 315, 'App\\Models\\Invoices\\PurchaseInvoice'),
(316, 100, 10.000000, 1000.00, 158, 2, 316, 'App\\Models\\Invoices\\PurchaseInvoice'),
(317, 100, 10.000000, 1000.00, 159, 1, 317, 'App\\Models\\Invoices\\PurchaseInvoice'),
(318, 100, 10.000000, 1000.00, 159, 2, 318, 'App\\Models\\Invoices\\PurchaseInvoice'),
(319, 100, 10.000000, 1000.00, 160, 1, 319, 'App\\Models\\Invoices\\PurchaseInvoice'),
(320, 100, 10.000000, 1000.00, 160, 2, 320, 'App\\Models\\Invoices\\PurchaseInvoice'),
(321, 100, 10.000000, 1000.00, 161, 1, 321, 'App\\Models\\Invoices\\PurchaseInvoice'),
(322, 100, 10.000000, 1000.00, 161, 2, 322, 'App\\Models\\Invoices\\PurchaseInvoice'),
(327, 100, 10.000000, 1000.00, 164, 1, 327, 'App\\Models\\Invoices\\PurchaseInvoice'),
(328, 100, 10.000000, 1000.00, 164, 2, 328, 'App\\Models\\Invoices\\PurchaseInvoice'),
(329, 100, 10.000000, 1000.00, 165, 1, 329, 'App\\Models\\Invoices\\PurchaseInvoice'),
(330, 100, 10.000000, 1000.00, 165, 2, 330, 'App\\Models\\Invoices\\PurchaseInvoice'),
(331, 100, 10.000000, 1000.00, 166, 1, 331, 'App\\Models\\Invoices\\PurchaseInvoice'),
(332, 100, 10.000000, 1000.00, 166, 2, 332, 'App\\Models\\Invoices\\PurchaseInvoice'),
(333, 100, 10.000000, 1000.00, 167, 1, 333, 'App\\Models\\Invoices\\PurchaseInvoice'),
(334, 100, 10.000000, 1000.00, 167, 2, 334, 'App\\Models\\Invoices\\PurchaseInvoice'),
(335, 100, 10.000000, 1000.00, 168, 1, 335, 'App\\Models\\Invoices\\PurchaseInvoice'),
(336, 100, 10.000000, 1000.00, 168, 2, 336, 'App\\Models\\Invoices\\PurchaseInvoice'),
(337, 100, 10.000000, 1000.00, 169, 1, 337, 'App\\Models\\Invoices\\PurchaseInvoice'),
(338, 100, 10.000000, 1000.00, 169, 2, 338, 'App\\Models\\Invoices\\PurchaseInvoice'),
(339, 100, 10.000000, 1000.00, 170, 1, 339, 'App\\Models\\Invoices\\PurchaseInvoice'),
(340, 100, 10.000000, 1000.00, 170, 2, 340, 'App\\Models\\Invoices\\PurchaseInvoice'),
(341, 100, 10.000000, 1000.00, 171, 1, 341, 'App\\Models\\Invoices\\PurchaseInvoice'),
(342, 100, 10.000000, 1000.00, 171, 2, 342, 'App\\Models\\Invoices\\PurchaseInvoice'),
(343, 100, 10.000000, 1000.00, 172, 1, 343, 'App\\Models\\Invoices\\PurchaseInvoice'),
(344, 100, 10.000000, 1000.00, 172, 2, 344, 'App\\Models\\Invoices\\PurchaseInvoice'),
(345, 100, 10.000000, 1000.00, 173, 1, 345, 'App\\Models\\Invoices\\PurchaseInvoice'),
(346, 100, 10.000000, 1000.00, 173, 2, 346, 'App\\Models\\Invoices\\PurchaseInvoice'),
(347, 100, 10.000000, 1000.00, 174, 1, 347, 'App\\Models\\Invoices\\PurchaseInvoice'),
(348, 100, 10.000000, 1000.00, 174, 2, 348, 'App\\Models\\Invoices\\PurchaseInvoice'),
(349, 100, 10.000000, 1000.00, 175, 1, 349, 'App\\Models\\Invoices\\PurchaseInvoice'),
(350, 100, 10.000000, 1000.00, 175, 2, 350, 'App\\Models\\Invoices\\PurchaseInvoice'),
(351, 100, 10.000000, 1000.00, 176, 1, 351, 'App\\Models\\Invoices\\PurchaseInvoice'),
(352, 100, 10.000000, 1000.00, 176, 2, 352, 'App\\Models\\Invoices\\PurchaseInvoice'),
(353, 100, 10.000000, 1000.00, 177, 1, 353, 'App\\Models\\Invoices\\PurchaseInvoice'),
(354, 100, 10.000000, 1000.00, 177, 2, 354, 'App\\Models\\Invoices\\PurchaseInvoice'),
(355, 100, 10.000000, 1000.00, 178, 1, 355, 'App\\Models\\Invoices\\PurchaseInvoice'),
(356, 100, 10.000000, 1000.00, 178, 2, 356, 'App\\Models\\Invoices\\PurchaseInvoice'),
(357, 100, 10.000000, 1000.00, 179, 1, 357, 'App\\Models\\Invoices\\PurchaseInvoice'),
(358, 100, 10.000000, 1000.00, 179, 2, 358, 'App\\Models\\Invoices\\PurchaseInvoice'),
(359, 100, 10.000000, 1000.00, 180, 1, 359, 'App\\Models\\Invoices\\PurchaseInvoice'),
(360, 100, 10.000000, 1000.00, 180, 2, 360, 'App\\Models\\Invoices\\PurchaseInvoice'),
(361, 100, 10.000000, 1000.00, 181, 1, 361, 'App\\Models\\Invoices\\PurchaseInvoice'),
(362, 100, 10.000000, 1000.00, 181, 2, 362, 'App\\Models\\Invoices\\PurchaseInvoice'),
(363, 100, 10.000000, 1000.00, 182, 1, 363, 'App\\Models\\Invoices\\PurchaseInvoice'),
(364, 100, 10.000000, 1000.00, 182, 2, 364, 'App\\Models\\Invoices\\PurchaseInvoice'),
(365, 100, 10.000000, 1000.00, 183, 1, 365, 'App\\Models\\Invoices\\PurchaseInvoice'),
(366, 100, 10.000000, 1000.00, 183, 2, 366, 'App\\Models\\Invoices\\PurchaseInvoice'),
(367, 100, 10.000000, 1000.00, 184, 1, 367, 'App\\Models\\Invoices\\PurchaseInvoice'),
(368, 100, 10.000000, 1000.00, 184, 2, 368, 'App\\Models\\Invoices\\PurchaseInvoice'),
(369, 100, 10.000000, 1000.00, 185, 1, 369, 'App\\Models\\Invoices\\PurchaseInvoice'),
(370, 100, 10.000000, 1000.00, 185, 2, 370, 'App\\Models\\Invoices\\PurchaseInvoice'),
(371, 100, 10.000000, 1000.00, 186, 1, 371, 'App\\Models\\Invoices\\PurchaseInvoice'),
(372, 100, 10.000000, 1000.00, 186, 2, 372, 'App\\Models\\Invoices\\PurchaseInvoice'),
(373, 100, 10.000000, 1000.00, 187, 1, 373, 'App\\Models\\Invoices\\PurchaseInvoice'),
(374, 100, 10.000000, 1000.00, 187, 2, 374, 'App\\Models\\Invoices\\PurchaseInvoice'),
(375, 2, 10.000000, 20.00, 164, 3, 1, 'App\\Models\\Invoices\\SaleInvoice'),
(376, 1, 10.000000, 10.00, 9, 3, 2, 'App\\Models\\Invoices\\SaleInvoice'),
(377, 1, 10.000000, 10.00, 104, 3, 3, 'App\\Models\\Invoices\\SaleInvoice'),
(378, 1, 10.000000, 10.00, 155, 3, 4, 'App\\Models\\Invoices\\SaleInvoice'),
(379, 2, 10.000000, 20.00, 124, 3, 5, 'App\\Models\\Invoices\\SaleInvoice'),
(380, 2, 10.000000, 20.00, 104, 3, 6, 'App\\Models\\Invoices\\SaleInvoice'),
(381, 1, 10.000000, 10.00, 103, 3, 7, 'App\\Models\\Invoices\\SaleInvoice'),
(382, 1, 10.000000, 10.00, 75, 3, 8, 'App\\Models\\Invoices\\SaleInvoice'),
(383, 2, 10.000000, 20.00, 75, 3, 9, 'App\\Models\\Invoices\\SaleInvoice'),
(384, 2, 10.000000, 20.00, 124, 3, 10, 'App\\Models\\Invoices\\SaleInvoice'),
(385, 3, 10.000000, 30.00, 124, 3, 11, 'App\\Models\\Invoices\\SaleInvoice'),
(387, 100, 1.000000, 100.00, 188, 1, 375, 'App\\Models\\Invoices\\PurchaseInvoice'),
(388, 100, 1.000000, 100.00, 188, 2, 376, 'App\\Models\\Invoices\\PurchaseInvoice'),
(391, 3, 10.000000, 30.00, 81, 3, 15, 'App\\Models\\Invoices\\SaleInvoice'),
(392, 1, 10.000000, 10.00, 31, 3, 16, 'App\\Models\\Invoices\\SaleInvoice'),
(393, 6, 10.000000, 60.00, 112, 3, 17, 'App\\Models\\Invoices\\SaleInvoice'),
(394, 9, 10.000000, 90.00, 112, 3, 18, 'App\\Models\\Invoices\\SaleInvoice'),
(397, 1, 10.000000, 10.00, 159, 3, 21, 'App\\Models\\Invoices\\SaleInvoice'),
(398, 1, 10.000000, 10.00, 4, 3, 22, 'App\\Models\\Invoices\\SaleInvoice'),
(399, 1, 10.000000, 10.00, 104, 3, 23, 'App\\Models\\Invoices\\SaleInvoice'),
(400, 2, 10.000000, 20.00, 77, 3, 24, 'App\\Models\\Invoices\\SaleInvoice'),
(401, 1, 10.000000, 10.00, 68, 3, 25, 'App\\Models\\Invoices\\SaleInvoice'),
(402, 15, 10.000000, 150.00, 112, 3, 26, 'App\\Models\\Invoices\\SaleInvoice'),
(403, 4, 10.000000, 40.00, 124, 3, 27, 'App\\Models\\Invoices\\SaleInvoice'),
(404, 2, 10.000000, 20.00, 183, 3, 28, 'App\\Models\\Invoices\\SaleInvoice'),
(405, 4, 10.000000, 40.00, 81, 3, 29, 'App\\Models\\Invoices\\SaleInvoice'),
(406, 6, 10.000000, 60.00, 6, 3, 30, 'App\\Models\\Invoices\\SaleInvoice'),
(408, 1, 10.000000, 10.00, 150, 3, 32, 'App\\Models\\Invoices\\SaleInvoice'),
(409, 4, 10.000000, 40.00, 68, 3, 33, 'App\\Models\\Invoices\\SaleInvoice'),
(410, 2, 10.000000, 20.00, 122, 3, 34, 'App\\Models\\Invoices\\SaleInvoice'),
(411, 1, 10.000000, 10.00, 81, 3, 35, 'App\\Models\\Invoices\\SaleInvoice'),
(412, 2, 10.000000, 20.00, 7, 3, 36, 'App\\Models\\Invoices\\SaleInvoice'),
(413, 1, 10.000000, 10.00, 9, 3, 36, 'App\\Models\\Invoices\\SaleInvoice'),
(414, 2, 10.000000, 20.00, 75, 3, 37, 'App\\Models\\Invoices\\SaleInvoice'),
(415, 3, 10.000000, 30.00, 159, 3, 38, 'App\\Models\\Invoices\\SaleInvoice'),
(416, 3, 10.000000, 30.00, 4, 3, 39, 'App\\Models\\Invoices\\SaleInvoice'),
(417, 7, 10.000000, 70.00, 124, 3, 40, 'App\\Models\\Invoices\\SaleInvoice'),
(418, 23, 10.000000, 230.00, 112, 3, 41, 'App\\Models\\Invoices\\SaleInvoice'),
(419, 2, 10.000000, 20.00, 17, 3, 42, 'App\\Models\\Invoices\\SaleInvoice'),
(420, 2, 10.000000, 20.00, 18, 3, 42, 'App\\Models\\Invoices\\SaleInvoice'),
(421, 2, 10.000000, 20.00, 164, 3, 43, 'App\\Models\\Invoices\\SaleInvoice'),
(423, 2, 10.000000, 20.00, 138, 3, 45, 'App\\Models\\Invoices\\SaleInvoice'),
(424, 1, 10.000000, 10.00, 75, 3, 46, 'App\\Models\\Invoices\\SaleInvoice'),
(425, 1, 10.000000, 10.00, 16, 3, 47, 'App\\Models\\Invoices\\SaleInvoice'),
(426, 2, 10.000000, 20.00, 77, 3, 48, 'App\\Models\\Invoices\\SaleInvoice'),
(427, 1, 10.000000, 10.00, 104, 3, 49, 'App\\Models\\Invoices\\SaleInvoice'),
(428, 1, 10.000000, 10.00, 68, 3, 50, 'App\\Models\\Invoices\\SaleInvoice'),
(430, 2, 10.000000, 20.00, 6, 3, 52, 'App\\Models\\Invoices\\SaleInvoice'),
(431, 1, 10.000000, 10.00, 8, 3, 53, 'App\\Models\\Invoices\\SaleInvoice'),
(432, 8, 10.000000, 80.00, 77, 3, 54, 'App\\Models\\Invoices\\SaleInvoice'),
(433, 1, 10.000000, 10.00, 9, 3, 55, 'App\\Models\\Invoices\\SaleInvoice'),
(435, 3, 10.000000, 30.00, 68, 3, 57, 'App\\Models\\Invoices\\SaleInvoice'),
(436, 1, 10.000000, 10.00, 166, 3, 58, 'App\\Models\\Invoices\\SaleInvoice'),
(437, 2, 10.000000, 20.00, 77, 3, 59, 'App\\Models\\Invoices\\SaleInvoice'),
(438, 1, 10.000000, 10.00, 94, 3, 60, 'App\\Models\\Invoices\\SaleInvoice'),
(440, 1, 10.000000, 10.00, 164, 3, 62, 'App\\Models\\Invoices\\SaleInvoice'),
(441, 1, 10.000000, 10.00, 75, 3, 63, 'App\\Models\\Invoices\\SaleInvoice'),
(442, 3, 10.000000, 30.00, 134, 3, 64, 'App\\Models\\Invoices\\SaleInvoice'),
(443, 1, 10.000000, 10.00, 104, 3, 65, 'App\\Models\\Invoices\\SaleInvoice'),
(444, 1, 10.000000, 10.00, 46, 3, 66, 'App\\Models\\Invoices\\SaleInvoice'),
(445, 1, 10.000000, 10.00, 126, 3, 67, 'App\\Models\\Invoices\\SaleInvoice'),
(446, 1, 10.000000, 10.00, 46, 3, 68, 'App\\Models\\Invoices\\SaleInvoice'),
(447, 1, 10.000000, 10.00, 126, 3, 69, 'App\\Models\\Invoices\\SaleInvoice'),
(448, 2, 10.000000, 20.00, 124, 3, 70, 'App\\Models\\Invoices\\SaleInvoice'),
(449, 2, 10.000000, 20.00, 74, 3, 71, 'App\\Models\\Invoices\\SaleInvoice'),
(450, 6, 10.000000, 60.00, 81, 3, 72, 'App\\Models\\Invoices\\SaleInvoice'),
(451, 6, 10.000000, 60.00, 68, 3, 73, 'App\\Models\\Invoices\\SaleInvoice'),
(452, 1, 10.000000, 10.00, 75, 3, 74, 'App\\Models\\Invoices\\SaleInvoice'),
(453, 1, 10.000000, 10.00, 126, 3, 75, 'App\\Models\\Invoices\\SaleInvoice'),
(454, 1, 10.000000, 10.00, 31, 3, 76, 'App\\Models\\Invoices\\SaleInvoice'),
(455, 2, 10.000000, 20.00, 120, 3, 77, 'App\\Models\\Invoices\\SaleInvoice'),
(456, 2, 10.000000, 20.00, 166, 3, 78, 'App\\Models\\Invoices\\SaleInvoice'),
(457, 3, 10.000000, 30.00, 166, 3, 79, 'App\\Models\\Invoices\\SaleInvoice'),
(458, 1, 10.000000, 10.00, 74, 3, 80, 'App\\Models\\Invoices\\SaleInvoice'),
(459, 4, 10.000000, 40.00, 164, 3, 81, 'App\\Models\\Invoices\\SaleInvoice'),
(460, 1, 10.000000, 10.00, 183, 3, 82, 'App\\Models\\Invoices\\SaleInvoice'),
(461, 4, 10.000000, 40.00, 164, 3, 83, 'App\\Models\\Invoices\\SaleInvoice'),
(463, 3, 10.000000, 30.00, 77, 3, 85, 'App\\Models\\Invoices\\SaleInvoice'),
(464, 24, 10.000000, 240.00, 8, 3, 86, 'App\\Models\\Invoices\\SaleInvoice'),
(465, 1, 10.000000, 10.00, 166, 3, 87, 'App\\Models\\Invoices\\SaleInvoice'),
(466, 1, 10.000000, 10.00, 159, 3, 88, 'App\\Models\\Invoices\\SaleInvoice'),
(467, 13, 10.000000, 130.00, 166, 3, 89, 'App\\Models\\Invoices\\SaleInvoice'),
(468, 3, 10.000000, 30.00, 138, 3, 90, 'App\\Models\\Invoices\\SaleInvoice'),
(469, 1, 10.000000, 10.00, 94, 3, 91, 'App\\Models\\Invoices\\SaleInvoice'),
(470, 1, 10.000000, 10.00, 68, 3, 92, 'App\\Models\\Invoices\\SaleInvoice'),
(471, 2, 10.000000, 20.00, 148, 3, 93, 'App\\Models\\Invoices\\SaleInvoice'),
(472, 4, 10.000000, 40.00, 164, 3, 94, 'App\\Models\\Invoices\\SaleInvoice'),
(473, 2, 10.000000, 20.00, 124, 3, 95, 'App\\Models\\Invoices\\SaleInvoice'),
(474, 1, 10.000000, 10.00, 74, 3, 96, 'App\\Models\\Invoices\\SaleInvoice'),
(475, 1, 10.000000, 10.00, 131, 3, 97, 'App\\Models\\Invoices\\SaleInvoice'),
(476, 2, 10.000000, 20.00, 75, 3, 98, 'App\\Models\\Invoices\\SaleInvoice'),
(477, 1, 10.000000, 10.00, 77, 3, 99, 'App\\Models\\Invoices\\SaleInvoice'),
(478, 162, 20.000000, 3240.00, 189, 1, 377, 'App\\Models\\Invoices\\PurchaseInvoice'),
(479, 9, 20.000000, 180.00, 189, 2, 378, 'App\\Models\\Invoices\\PurchaseInvoice'),
(480, 186, 25.000000, 4650.00, 190, 1, 379, 'App\\Models\\Invoices\\PurchaseInvoice'),
(481, 11, 25.000000, 275.00, 190, 2, 380, 'App\\Models\\Invoices\\PurchaseInvoice'),
(482, 1, 10.000000, 10.00, 17, 3, 100, 'App\\Models\\Invoices\\SaleInvoice'),
(483, 1, 10.000000, 10.00, 68, 3, 101, 'App\\Models\\Invoices\\SaleInvoice'),
(484, 2, 10.000000, 20.00, 81, 3, 102, 'App\\Models\\Invoices\\SaleInvoice'),
(485, 2, 10.000000, 20.00, 124, 3, 103, 'App\\Models\\Invoices\\SaleInvoice'),
(486, 2, 10.000000, 20.00, 17, 3, 104, 'App\\Models\\Invoices\\SaleInvoice'),
(487, 1, 10.000000, 10.00, 183, 3, 105, 'App\\Models\\Invoices\\SaleInvoice'),
(488, 1, 10.000000, 10.00, 94, 3, 106, 'App\\Models\\Invoices\\SaleInvoice'),
(489, 1, 10.000000, 10.00, 124, 3, 107, 'App\\Models\\Invoices\\SaleInvoice'),
(490, 1, 10.000000, 10.00, 124, 3, 108, 'App\\Models\\Invoices\\SaleInvoice'),
(491, 12, 10.000000, 120.00, 120, 3, 109, 'App\\Models\\Invoices\\SaleInvoice'),
(492, 1, 10.000000, 10.00, 136, 3, 110, 'App\\Models\\Invoices\\SaleInvoice'),
(493, 1, 10.000000, 10.00, 136, 3, 111, 'App\\Models\\Invoices\\SaleInvoice'),
(494, 2, 10.000000, 20.00, 166, 3, 112, 'App\\Models\\Invoices\\SaleInvoice'),
(495, 1, 10.000000, 10.00, 75, 3, 113, 'App\\Models\\Invoices\\SaleInvoice'),
(496, 1, 10.000000, 10.00, 78, 3, 114, 'App\\Models\\Invoices\\SaleInvoice'),
(497, 1, 10.000000, 10.00, 9, 3, 115, 'App\\Models\\Invoices\\SaleInvoice'),
(498, 2, 10.000000, 20.00, 9, 3, 116, 'App\\Models\\Invoices\\SaleInvoice'),
(499, 2, 10.000000, 20.00, 166, 3, 117, 'App\\Models\\Invoices\\SaleInvoice'),
(500, 1, 10.000000, 10.00, 75, 3, 118, 'App\\Models\\Invoices\\SaleInvoice'),
(501, 1, 10.000000, 10.00, 103, 3, 119, 'App\\Models\\Invoices\\SaleInvoice'),
(502, 1, 10.000000, 10.00, 17, 3, 120, 'App\\Models\\Invoices\\SaleInvoice'),
(503, 1, 10.000000, 10.00, 7, 3, 121, 'App\\Models\\Invoices\\SaleInvoice'),
(504, 3, 10.000000, 30.00, 120, 3, 122, 'App\\Models\\Invoices\\SaleInvoice'),
(505, 1, 10.000000, 10.00, 77, 3, 123, 'App\\Models\\Invoices\\SaleInvoice'),
(506, 1, 10.000000, 10.00, 75, 3, 124, 'App\\Models\\Invoices\\SaleInvoice'),
(507, 1, 10.000000, 10.00, 91, 3, 125, 'App\\Models\\Invoices\\SaleInvoice'),
(508, 2, 10.000000, 20.00, 120, 3, 126, 'App\\Models\\Invoices\\SaleInvoice'),
(509, 2, 10.000000, 20.00, 83, 3, 127, 'App\\Models\\Invoices\\SaleInvoice'),
(510, 1, 10.000000, 10.00, 103, 3, 128, 'App\\Models\\Invoices\\SaleInvoice'),
(511, 2, 10.000000, 20.00, 103, 3, 129, 'App\\Models\\Invoices\\SaleInvoice'),
(512, 6, 10.000000, 60.00, 124, 3, 130, 'App\\Models\\Invoices\\SaleInvoice'),
(513, 2, 10.000000, 20.00, 164, 3, 131, 'App\\Models\\Invoices\\SaleInvoice'),
(514, 1, 25.000000, 25.00, 190, 3, 132, 'App\\Models\\Invoices\\SaleInvoice'),
(515, 4, 10.000000, 40.00, 77, 3, 133, 'App\\Models\\Invoices\\SaleInvoice'),
(516, 4, 10.000000, 40.00, 122, 3, 134, 'App\\Models\\Invoices\\SaleInvoice'),
(517, 1, 10.000000, 10.00, 166, 3, 135, 'App\\Models\\Invoices\\SaleInvoice'),
(518, 1, 20.000000, 20.00, 189, 3, 136, 'App\\Models\\Invoices\\SaleInvoice'),
(519, 1, 10.000000, 10.00, 124, 3, 137, 'App\\Models\\Invoices\\SaleInvoice'),
(520, 1, 10.000000, 10.00, 7, 3, 138, 'App\\Models\\Invoices\\SaleInvoice'),
(521, 2, 10.000000, 20.00, 138, 3, 139, 'App\\Models\\Invoices\\SaleInvoice'),
(522, 2, 10.000000, 20.00, 159, 3, 140, 'App\\Models\\Invoices\\SaleInvoice'),
(523, 3, 10.000000, 30.00, 4, 3, 141, 'App\\Models\\Invoices\\SaleInvoice'),
(524, 8, 10.000000, 80.00, 124, 3, 142, 'App\\Models\\Invoices\\SaleInvoice'),
(525, 3, 10.000000, 30.00, 166, 3, 143, 'App\\Models\\Invoices\\SaleInvoice'),
(526, 1, 10.000000, 10.00, 77, 3, 144, 'App\\Models\\Invoices\\SaleInvoice'),
(527, 1, 10.000000, 10.00, 157, 3, 145, 'App\\Models\\Invoices\\SaleInvoice'),
(528, 4, 10.000000, 40.00, 164, 3, 146, 'App\\Models\\Invoices\\SaleInvoice'),
(529, 2, 10.000000, 20.00, 164, 3, 147, 'App\\Models\\Invoices\\SaleInvoice'),
(530, 1, 10.000000, 10.00, 124, 3, 148, 'App\\Models\\Invoices\\SaleInvoice'),
(531, 1, 10.000000, 10.00, 129, 3, 149, 'App\\Models\\Invoices\\SaleInvoice'),
(532, 1, 10.000000, 10.00, 81, 3, 150, 'App\\Models\\Invoices\\SaleInvoice'),
(533, 1, 10.000000, 10.00, 81, 3, 151, 'App\\Models\\Invoices\\SaleInvoice'),
(534, 2, 10.000000, 20.00, 38, 3, 152, 'App\\Models\\Invoices\\SaleInvoice'),
(535, 1, 20.000000, 20.00, 189, 3, 153, 'App\\Models\\Invoices\\SaleInvoice'),
(536, 8, 10.000000, 80.00, 7, 3, 154, 'App\\Models\\Invoices\\SaleInvoice'),
(537, 9, 10.000000, 90.00, 124, 3, 155, 'App\\Models\\Invoices\\SaleInvoice'),
(538, 2, 10.000000, 20.00, 4, 3, 156, 'App\\Models\\Invoices\\SaleInvoice'),
(539, 2, 10.000000, 20.00, 159, 3, 157, 'App\\Models\\Invoices\\SaleInvoice'),
(540, 7, 10.000000, 70.00, 77, 3, 158, 'App\\Models\\Invoices\\SaleInvoice'),
(541, 4, 10.000000, 40.00, 166, 3, 159, 'App\\Models\\Invoices\\SaleInvoice'),
(542, 1, 10.000000, 10.00, 81, 3, 160, 'App\\Models\\Invoices\\SaleInvoice'),
(543, 2, 10.000000, 20.00, 17, 3, 161, 'App\\Models\\Invoices\\SaleInvoice'),
(544, 1, 10.000000, 10.00, 157, 3, 162, 'App\\Models\\Invoices\\SaleInvoice'),
(545, 1, 25.000000, 25.00, 190, 3, 163, 'App\\Models\\Invoices\\SaleInvoice'),
(546, 2, 10.000000, 20.00, 164, 3, 164, 'App\\Models\\Invoices\\SaleInvoice'),
(547, 1, 10.000000, 10.00, 122, 3, 165, 'App\\Models\\Invoices\\SaleInvoice'),
(548, 1, 10.000000, 10.00, 68, 3, 166, 'App\\Models\\Invoices\\SaleInvoice'),
(549, 1, 10.000000, 10.00, 89, 3, 167, 'App\\Models\\Invoices\\SaleInvoice'),
(550, 2, 10.000000, 20.00, 164, 3, 168, 'App\\Models\\Invoices\\SaleInvoice'),
(551, 1, 10.000000, 10.00, 164, 3, 169, 'App\\Models\\Invoices\\SaleInvoice'),
(552, 1, 10.000000, 10.00, 7, 3, 170, 'App\\Models\\Invoices\\SaleInvoice'),
(553, 2, 10.000000, 20.00, 159, 3, 171, 'App\\Models\\Invoices\\SaleInvoice'),
(554, 1, 10.000000, 10.00, 166, 3, 172, 'App\\Models\\Invoices\\SaleInvoice'),
(555, 4, 10.000000, 40.00, 4, 3, 173, 'App\\Models\\Invoices\\SaleInvoice'),
(556, 1, 10.000000, 10.00, 129, 3, 174, 'App\\Models\\Invoices\\SaleInvoice'),
(557, 4, 10.000000, 40.00, 81, 3, 175, 'App\\Models\\Invoices\\SaleInvoice'),
(558, 7, 10.000000, 70.00, 124, 3, 176, 'App\\Models\\Invoices\\SaleInvoice'),
(559, 2, 10.000000, 20.00, 24, 3, 177, 'App\\Models\\Invoices\\SaleInvoice'),
(560, 3, 10.000000, 30.00, 157, 3, 178, 'App\\Models\\Invoices\\SaleInvoice'),
(561, 4, 10.000000, 40.00, 77, 3, 179, 'App\\Models\\Invoices\\SaleInvoice'),
(562, 7, 10.000000, 70.00, 164, 3, 180, 'App\\Models\\Invoices\\SaleInvoice'),
(563, 1, 10.000000, 10.00, 57, 3, 181, 'App\\Models\\Invoices\\SaleInvoice'),
(564, 2, 10.000000, 20.00, 68, 3, 182, 'App\\Models\\Invoices\\SaleInvoice'),
(565, 12, 10.000000, 120.00, 77, 3, 183, 'App\\Models\\Invoices\\SaleInvoice'),
(566, 1, 10.000000, 10.00, 180, 3, 184, 'App\\Models\\Invoices\\SaleInvoice'),
(567, 4, 10.000000, 40.00, 4, 3, 185, 'App\\Models\\Invoices\\SaleInvoice'),
(568, 1, 25.000000, 25.00, 190, 3, 186, 'App\\Models\\Invoices\\SaleInvoice'),
(569, 1, 10.000000, 10.00, 180, 3, 187, 'App\\Models\\Invoices\\SaleInvoice'),
(570, 1, 10.000000, 10.00, 95, 3, 188, 'App\\Models\\Invoices\\SaleInvoice'),
(571, 1, 10.000000, 10.00, 164, 3, 189, 'App\\Models\\Invoices\\SaleInvoice'),
(572, 2, 10.000000, 20.00, 124, 3, 190, 'App\\Models\\Invoices\\SaleInvoice'),
(573, 2, 10.000000, 20.00, 68, 3, 191, 'App\\Models\\Invoices\\SaleInvoice'),
(574, 1, 10.000000, 10.00, 37, 3, 192, 'App\\Models\\Invoices\\SaleInvoice'),
(575, 1, 10.000000, 10.00, 38, 3, 192, 'App\\Models\\Invoices\\SaleInvoice'),
(576, 6, 10.000000, 60.00, 77, 3, 193, 'App\\Models\\Invoices\\SaleInvoice'),
(577, 2, 10.000000, 20.00, 166, 3, 194, 'App\\Models\\Invoices\\SaleInvoice'),
(578, 1, 10.000000, 10.00, 37, 3, 195, 'App\\Models\\Invoices\\SaleInvoice'),
(579, 7, 10.000000, 70.00, 77, 3, 196, 'App\\Models\\Invoices\\SaleInvoice'),
(580, 3, 10.000000, 30.00, 124, 3, 197, 'App\\Models\\Invoices\\SaleInvoice'),
(581, 1, 10.000000, 10.00, 9, 3, 198, 'App\\Models\\Invoices\\SaleInvoice'),
(582, 2, 10.000000, 20.00, 103, 3, 199, 'App\\Models\\Invoices\\SaleInvoice'),
(583, 1, 10.000000, 10.00, 166, 3, 200, 'App\\Models\\Invoices\\SaleInvoice'),
(584, 6, 10.000000, 60.00, 124, 3, 201, 'App\\Models\\Invoices\\SaleInvoice'),
(585, 2, 10.000000, 20.00, 183, 3, 202, 'App\\Models\\Invoices\\SaleInvoice'),
(586, 1, 10.000000, 10.00, 81, 3, 203, 'App\\Models\\Invoices\\SaleInvoice'),
(587, 6, 10.000000, 60.00, 112, 3, 204, 'App\\Models\\Invoices\\SaleInvoice'),
(588, 7, 10.000000, 70.00, 166, 3, 205, 'App\\Models\\Invoices\\SaleInvoice'),
(589, 2, 10.000000, 20.00, 77, 3, 206, 'App\\Models\\Invoices\\SaleInvoice'),
(590, 1, 10.000000, 10.00, 83, 3, 207, 'App\\Models\\Invoices\\SaleInvoice'),
(591, 1, 10.000000, 10.00, 38, 3, 208, 'App\\Models\\Invoices\\SaleInvoice'),
(592, 1, 10.000000, 10.00, 7, 3, 209, 'App\\Models\\Invoices\\SaleInvoice'),
(593, 2, 10.000000, 20.00, 124, 3, 210, 'App\\Models\\Invoices\\SaleInvoice'),
(594, 1, 25.000000, 25.00, 190, 3, 211, 'App\\Models\\Invoices\\SaleInvoice'),
(595, 1, 10.000000, 10.00, 124, 3, 212, 'App\\Models\\Invoices\\SaleInvoice'),
(596, 1, 10.000000, 10.00, 104, 3, 213, 'App\\Models\\Invoices\\SaleInvoice'),
(597, 1, 10.000000, 10.00, 74, 3, 214, 'App\\Models\\Invoices\\SaleInvoice'),
(598, 2, 10.000000, 20.00, 17, 3, 215, 'App\\Models\\Invoices\\SaleInvoice'),
(599, 1, 10.000000, 10.00, 81, 3, 216, 'App\\Models\\Invoices\\SaleInvoice'),
(600, 10, 10.000000, 100.00, 164, 3, 217, 'App\\Models\\Invoices\\SaleInvoice'),
(601, 1, 20.000000, 20.00, 189, 3, 218, 'App\\Models\\Invoices\\SaleInvoice'),
(602, 1, 10.000000, 10.00, 103, 3, 219, 'App\\Models\\Invoices\\SaleInvoice'),
(603, 1, 10.000000, 10.00, 94, 3, 220, 'App\\Models\\Invoices\\SaleInvoice'),
(604, 1, 10.000000, 10.00, 81, 3, 221, 'App\\Models\\Invoices\\SaleInvoice'),
(605, 6, 10.000000, 60.00, 8, 3, 222, 'App\\Models\\Invoices\\SaleInvoice'),
(606, 1, 10.000000, 10.00, 77, 3, 223, 'App\\Models\\Invoices\\SaleInvoice'),
(607, 1, 10.000000, 10.00, 30, 3, 224, 'App\\Models\\Invoices\\SaleInvoice'),
(608, 1, 10.000000, 10.00, 68, 3, 225, 'App\\Models\\Invoices\\SaleInvoice'),
(609, 2, 10.000000, 20.00, 77, 3, 226, 'App\\Models\\Invoices\\SaleInvoice'),
(610, 6, 10.000000, 60.00, 124, 3, 227, 'App\\Models\\Invoices\\SaleInvoice'),
(611, 1, 10.000000, 10.00, 122, 3, 228, 'App\\Models\\Invoices\\SaleInvoice'),
(612, 1, 10.000000, 10.00, 77, 3, 229, 'App\\Models\\Invoices\\SaleInvoice'),
(613, 1, 10.000000, 10.00, 38, 3, 230, 'App\\Models\\Invoices\\SaleInvoice'),
(614, 1, 10.000000, 10.00, 68, 3, 231, 'App\\Models\\Invoices\\SaleInvoice'),
(615, 2, 10.000000, 20.00, 166, 3, 232, 'App\\Models\\Invoices\\SaleInvoice'),
(616, 1, 10.000000, 10.00, 19, 3, 233, 'App\\Models\\Invoices\\SaleInvoice'),
(617, 1, 10.000000, 10.00, 4, 3, 234, 'App\\Models\\Invoices\\SaleInvoice'),
(618, 2, 10.000000, 20.00, 159, 3, 235, 'App\\Models\\Invoices\\SaleInvoice'),
(619, 1, 10.000000, 10.00, 4, 3, 236, 'App\\Models\\Invoices\\SaleInvoice'),
(620, 1, 10.000000, 10.00, 16, 3, 237, 'App\\Models\\Invoices\\SaleInvoice'),
(621, 1, 10.000000, 10.00, 77, 3, 238, 'App\\Models\\Invoices\\SaleInvoice'),
(622, 1, 10.000000, 10.00, 81, 3, 239, 'App\\Models\\Invoices\\SaleInvoice'),
(623, 1, 20.000000, 20.00, 189, 3, 240, 'App\\Models\\Invoices\\SaleInvoice'),
(624, 11, 10.000000, 110.00, 164, 3, 241, 'App\\Models\\Invoices\\SaleInvoice'),
(625, 1, 10.000000, 10.00, 155, 3, 242, 'App\\Models\\Invoices\\SaleInvoice'),
(626, 2, 10.000000, 20.00, 75, 3, 243, 'App\\Models\\Invoices\\SaleInvoice'),
(627, 2, 10.000000, 20.00, 159, 3, 244, 'App\\Models\\Invoices\\SaleInvoice'),
(628, 2, 10.000000, 20.00, 4, 3, 245, 'App\\Models\\Invoices\\SaleInvoice'),
(629, 9, 10.000000, 90.00, 166, 3, 246, 'App\\Models\\Invoices\\SaleInvoice'),
(630, 3, 10.000000, 30.00, 138, 3, 247, 'App\\Models\\Invoices\\SaleInvoice'),
(631, 1, 25.000000, 25.00, 190, 3, 248, 'App\\Models\\Invoices\\SaleInvoice'),
(632, 5, 10.000000, 50.00, 81, 3, 249, 'App\\Models\\Invoices\\SaleInvoice'),
(633, 1, 10.000000, 10.00, 152, 3, 250, 'App\\Models\\Invoices\\SaleInvoice'),
(634, 1, 10.000000, 10.00, 46, 3, 251, 'App\\Models\\Invoices\\SaleInvoice');
INSERT INTO `movements` (`id`, `amount`, `unitary_purchase_price`, `total_purchase_price`, `product_id`, `type_id`, `invoice_id`, `invoice_type`) VALUES
(635, 2, 10.000000, 20.00, 124, 3, 252, 'App\\Models\\Invoices\\SaleInvoice'),
(636, 1, 10.000000, 10.00, 128, 3, 253, 'App\\Models\\Invoices\\SaleInvoice'),
(637, 1, 10.000000, 10.00, 130, 3, 253, 'App\\Models\\Invoices\\SaleInvoice'),
(638, 1, 10.000000, 10.00, 103, 3, 254, 'App\\Models\\Invoices\\SaleInvoice'),
(639, 1, 10.000000, 10.00, 9, 3, 255, 'App\\Models\\Invoices\\SaleInvoice'),
(640, 2, 10.000000, 20.00, 68, 3, 256, 'App\\Models\\Invoices\\SaleInvoice'),
(641, 1, 10.000000, 10.00, 94, 3, 257, 'App\\Models\\Invoices\\SaleInvoice'),
(642, 1, 10.000000, 10.00, 75, 3, 258, 'App\\Models\\Invoices\\SaleInvoice'),
(643, 1, 10.000000, 10.00, 75, 3, 259, 'App\\Models\\Invoices\\SaleInvoice'),
(644, 1, 25.000000, 25.00, 190, 3, 260, 'App\\Models\\Invoices\\SaleInvoice'),
(645, 1, 10.000000, 10.00, 126, 3, 261, 'App\\Models\\Invoices\\SaleInvoice'),
(646, 1, 10.000000, 10.00, 12, 3, 262, 'App\\Models\\Invoices\\SaleInvoice'),
(647, 4, 10.000000, 40.00, 77, 3, 263, 'App\\Models\\Invoices\\SaleInvoice'),
(648, 18, 10.000000, 180.00, 7, 3, 264, 'App\\Models\\Invoices\\SaleInvoice'),
(649, 3, 10.000000, 30.00, 77, 3, 265, 'App\\Models\\Invoices\\SaleInvoice'),
(650, 3, 10.000000, 30.00, 17, 3, 266, 'App\\Models\\Invoices\\SaleInvoice'),
(651, 1, 10.000000, 10.00, 74, 3, 267, 'App\\Models\\Invoices\\SaleInvoice'),
(652, 5, 10.000000, 50.00, 81, 3, 268, 'App\\Models\\Invoices\\SaleInvoice'),
(653, 1, 10.000000, 10.00, 166, 3, 269, 'App\\Models\\Invoices\\SaleInvoice'),
(654, 1, 10.000000, 10.00, 88, 3, 270, 'App\\Models\\Invoices\\SaleInvoice'),
(655, 1, 10.000000, 10.00, 26, 3, 271, 'App\\Models\\Invoices\\SaleInvoice'),
(656, 1, 10.000000, 10.00, 17, 3, 272, 'App\\Models\\Invoices\\SaleInvoice'),
(657, 3, 10.000000, 30.00, 166, 3, 273, 'App\\Models\\Invoices\\SaleInvoice'),
(658, 2, 10.000000, 20.00, 104, 3, 274, 'App\\Models\\Invoices\\SaleInvoice'),
(659, 1, 10.000000, 10.00, 94, 3, 275, 'App\\Models\\Invoices\\SaleInvoice'),
(660, 1, 10.000000, 10.00, 74, 3, 276, 'App\\Models\\Invoices\\SaleInvoice'),
(661, 1, 25.000000, 25.00, 190, 3, 277, 'App\\Models\\Invoices\\SaleInvoice'),
(662, 1, 10.000000, 10.00, 46, 3, 278, 'App\\Models\\Invoices\\SaleInvoice'),
(663, 1, 10.000000, 10.00, 134, 3, 279, 'App\\Models\\Invoices\\SaleInvoice'),
(664, 1, 10.000000, 10.00, 16, 3, 280, 'App\\Models\\Invoices\\SaleInvoice'),
(665, 5, 10.000000, 50.00, 166, 3, 281, 'App\\Models\\Invoices\\SaleInvoice'),
(666, 1, 10.000000, 10.00, 133, 3, 282, 'App\\Models\\Invoices\\SaleInvoice'),
(667, 1, 10.000000, 10.00, 77, 3, 283, 'App\\Models\\Invoices\\SaleInvoice'),
(668, 1, 10.000000, 10.00, 46, 3, 284, 'App\\Models\\Invoices\\SaleInvoice'),
(669, 2, 10.000000, 20.00, 122, 3, 285, 'App\\Models\\Invoices\\SaleInvoice'),
(670, 3, 10.000000, 30.00, 60, 3, 286, 'App\\Models\\Invoices\\SaleInvoice'),
(671, 2, 10.000000, 20.00, 77, 3, 287, 'App\\Models\\Invoices\\SaleInvoice'),
(672, 1, 10.000000, 10.00, 103, 3, 288, 'App\\Models\\Invoices\\SaleInvoice'),
(673, 1, 10.000000, 10.00, 166, 3, 289, 'App\\Models\\Invoices\\SaleInvoice'),
(674, 1, 10.000000, 10.00, 81, 3, 290, 'App\\Models\\Invoices\\SaleInvoice'),
(675, 2, 10.000000, 20.00, 124, 3, 291, 'App\\Models\\Invoices\\SaleInvoice'),
(676, 1, 10.000000, 10.00, 75, 3, 292, 'App\\Models\\Invoices\\SaleInvoice'),
(677, 3, 10.000000, 30.00, 124, 3, 293, 'App\\Models\\Invoices\\SaleInvoice'),
(678, 1, 10.000000, 10.00, 77, 3, 294, 'App\\Models\\Invoices\\SaleInvoice'),
(679, 1, 10.000000, 10.00, 122, 3, 295, 'App\\Models\\Invoices\\SaleInvoice'),
(680, 1, 10.000000, 10.00, 122, 3, 296, 'App\\Models\\Invoices\\SaleInvoice'),
(681, 1, 10.000000, 10.00, 166, 3, 297, 'App\\Models\\Invoices\\SaleInvoice'),
(682, 1, 10.000000, 10.00, 124, 3, 298, 'App\\Models\\Invoices\\SaleInvoice'),
(683, 7, 10.000000, 70.00, 166, 3, 299, 'App\\Models\\Invoices\\SaleInvoice'),
(684, 1, 10.000000, 10.00, 122, 3, 300, 'App\\Models\\Invoices\\SaleInvoice'),
(685, 3, 10.000000, 30.00, 81, 3, 301, 'App\\Models\\Invoices\\SaleInvoice'),
(686, 1, 10.000000, 10.00, 180, 3, 302, 'App\\Models\\Invoices\\SaleInvoice'),
(687, 3, 10.000000, 30.00, 16, 3, 303, 'App\\Models\\Invoices\\SaleInvoice'),
(688, 4, 10.000000, 40.00, 77, 3, 304, 'App\\Models\\Invoices\\SaleInvoice'),
(689, 1, 10.000000, 10.00, 8, 3, 305, 'App\\Models\\Invoices\\SaleInvoice'),
(690, 2, 10.000000, 20.00, 6, 3, 306, 'App\\Models\\Invoices\\SaleInvoice'),
(691, 4, 10.000000, 40.00, 77, 3, 307, 'App\\Models\\Invoices\\SaleInvoice'),
(692, 1, 10.000000, 10.00, 124, 3, 308, 'App\\Models\\Invoices\\SaleInvoice'),
(693, 6, 10.000000, 60.00, 38, 3, 309, 'App\\Models\\Invoices\\SaleInvoice'),
(694, 1, 10.000000, 10.00, 103, 3, 310, 'App\\Models\\Invoices\\SaleInvoice'),
(695, 6, 10.000000, 60.00, 81, 3, 311, 'App\\Models\\Invoices\\SaleInvoice'),
(696, 5, 10.000000, 50.00, 7, 3, 312, 'App\\Models\\Invoices\\SaleInvoice'),
(697, 5, 10.000000, 50.00, 9, 3, 312, 'App\\Models\\Invoices\\SaleInvoice'),
(698, 1, 10.000000, 10.00, 166, 3, 313, 'App\\Models\\Invoices\\SaleInvoice'),
(699, 3, 10.000000, 30.00, 77, 3, 314, 'App\\Models\\Invoices\\SaleInvoice'),
(700, 1, 10.000000, 10.00, 17, 3, 315, 'App\\Models\\Invoices\\SaleInvoice'),
(701, 2, 25.000000, 50.00, 190, 3, 316, 'App\\Models\\Invoices\\SaleInvoice'),
(702, 1, 10.000000, 10.00, 103, 3, 317, 'App\\Models\\Invoices\\SaleInvoice'),
(703, 2, 10.000000, 20.00, 166, 3, 318, 'App\\Models\\Invoices\\SaleInvoice'),
(704, 1, 10.000000, 10.00, 3, 3, 319, 'App\\Models\\Invoices\\SaleInvoice'),
(705, 1, 10.000000, 10.00, 91, 3, 320, 'App\\Models\\Invoices\\SaleInvoice'),
(706, 2, 10.000000, 20.00, 38, 3, 321, 'App\\Models\\Invoices\\SaleInvoice'),
(707, 1, 10.000000, 10.00, 157, 3, 322, 'App\\Models\\Invoices\\SaleInvoice'),
(708, 6, 10.000000, 60.00, 81, 3, 323, 'App\\Models\\Invoices\\SaleInvoice'),
(709, 2, 10.000000, 20.00, 7, 3, 324, 'App\\Models\\Invoices\\SaleInvoice'),
(710, 1, 10.000000, 10.00, 130, 3, 325, 'App\\Models\\Invoices\\SaleInvoice'),
(711, 1, 10.000000, 10.00, 81, 3, 326, 'App\\Models\\Invoices\\SaleInvoice'),
(712, 1, 25.000000, 25.00, 190, 3, 327, 'App\\Models\\Invoices\\SaleInvoice'),
(713, 1, 10.000000, 10.00, 103, 3, 328, 'App\\Models\\Invoices\\SaleInvoice'),
(714, 1, 25.000000, 25.00, 190, 3, 329, 'App\\Models\\Invoices\\SaleInvoice'),
(715, 1, 10.000000, 10.00, 139, 3, 330, 'App\\Models\\Invoices\\SaleInvoice'),
(716, 1, 10.000000, 10.00, 60, 3, 331, 'App\\Models\\Invoices\\SaleInvoice'),
(717, 1, 10.000000, 10.00, 68, 3, 332, 'App\\Models\\Invoices\\SaleInvoice'),
(718, 1, 10.000000, 10.00, 94, 3, 333, 'App\\Models\\Invoices\\SaleInvoice'),
(719, 3, 10.000000, 30.00, 77, 3, 334, 'App\\Models\\Invoices\\SaleInvoice'),
(720, 1, 10.000000, 10.00, 118, 3, 335, 'App\\Models\\Invoices\\SaleInvoice'),
(721, 2, 10.000000, 20.00, 58, 3, 336, 'App\\Models\\Invoices\\SaleInvoice'),
(722, 2, 25.000000, 50.00, 190, 3, 337, 'App\\Models\\Invoices\\SaleInvoice'),
(723, 1, 20.000000, 20.00, 189, 3, 338, 'App\\Models\\Invoices\\SaleInvoice'),
(724, 1, 10.000000, 10.00, 98, 3, 339, 'App\\Models\\Invoices\\SaleInvoice'),
(725, 1, 10.000000, 10.00, 166, 3, 340, 'App\\Models\\Invoices\\SaleInvoice'),
(726, 1, 10.000000, 10.00, 60, 3, 341, 'App\\Models\\Invoices\\SaleInvoice'),
(727, 1, 25.000000, 25.00, 190, 3, 342, 'App\\Models\\Invoices\\SaleInvoice'),
(728, 1, 10.000000, 10.00, 94, 3, 343, 'App\\Models\\Invoices\\SaleInvoice'),
(729, 1, 10.000000, 10.00, 77, 3, 344, 'App\\Models\\Invoices\\SaleInvoice'),
(730, 2, 10.000000, 20.00, 138, 3, 345, 'App\\Models\\Invoices\\SaleInvoice'),
(731, 1, 10.000000, 10.00, 4, 3, 346, 'App\\Models\\Invoices\\SaleInvoice'),
(732, 1, 10.000000, 10.00, 148, 3, 347, 'App\\Models\\Invoices\\SaleInvoice'),
(733, 3, 10.000000, 30.00, 77, 3, 348, 'App\\Models\\Invoices\\SaleInvoice'),
(734, 1, 10.000000, 10.00, 9, 3, 349, 'App\\Models\\Invoices\\SaleInvoice'),
(735, 2, 53.400000, 106.80, 191, 1, 381, 'App\\Models\\Invoices\\PurchaseInvoice'),
(736, 1, 53.400000, 53.40, 191, 2, 382, 'App\\Models\\Invoices\\PurchaseInvoice'),
(737, 1, 10.000000, 10.00, 75, 3, 350, 'App\\Models\\Invoices\\SaleInvoice'),
(738, 2, 10.000000, 20.00, 77, 3, 351, 'App\\Models\\Invoices\\SaleInvoice'),
(739, 3, 10.000000, 30.00, 77, 3, 352, 'App\\Models\\Invoices\\SaleInvoice'),
(740, 3, 10.000000, 30.00, 81, 3, 353, 'App\\Models\\Invoices\\SaleInvoice'),
(741, 2, 10.000000, 20.00, 124, 3, 354, 'App\\Models\\Invoices\\SaleInvoice'),
(742, 2, 10.000000, 20.00, 68, 3, 355, 'App\\Models\\Invoices\\SaleInvoice'),
(743, 1, 10.000000, 10.00, 103, 3, 356, 'App\\Models\\Invoices\\SaleInvoice'),
(744, 2, 10.000000, 20.00, 122, 3, 357, 'App\\Models\\Invoices\\SaleInvoice'),
(745, 1, 10.000000, 10.00, 81, 3, 358, 'App\\Models\\Invoices\\SaleInvoice'),
(746, 1, 10.000000, 10.00, 17, 3, 359, 'App\\Models\\Invoices\\SaleInvoice'),
(747, 2, 10.000000, 20.00, 46, 3, 360, 'App\\Models\\Invoices\\SaleInvoice'),
(748, 2, 10.000000, 20.00, 124, 3, 361, 'App\\Models\\Invoices\\SaleInvoice'),
(749, 1, 10.000000, 10.00, 81, 3, 362, 'App\\Models\\Invoices\\SaleInvoice'),
(750, 3, 10.000000, 30.00, 166, 3, 363, 'App\\Models\\Invoices\\SaleInvoice'),
(751, 1, 10.000000, 10.00, 81, 3, 364, 'App\\Models\\Invoices\\SaleInvoice'),
(752, 1, 10.000000, 10.00, 124, 3, 365, 'App\\Models\\Invoices\\SaleInvoice'),
(753, 1, 10.000000, 10.00, 159, 3, 366, 'App\\Models\\Invoices\\SaleInvoice'),
(754, 1, 10.000000, 10.00, 4, 3, 367, 'App\\Models\\Invoices\\SaleInvoice'),
(755, 1, 10.000000, 10.00, 75, 3, 368, 'App\\Models\\Invoices\\SaleInvoice'),
(756, 1, 10.000000, 10.00, 183, 3, 369, 'App\\Models\\Invoices\\SaleInvoice'),
(757, 3, 10.000000, 30.00, 77, 3, 370, 'App\\Models\\Invoices\\SaleInvoice'),
(758, 3, 10.000000, 30.00, 81, 3, 371, 'App\\Models\\Invoices\\SaleInvoice'),
(759, 2, 10.000000, 20.00, 134, 3, 372, 'App\\Models\\Invoices\\SaleInvoice'),
(760, 4, 10.000000, 40.00, 7, 3, 373, 'App\\Models\\Invoices\\SaleInvoice'),
(761, 1, 10.000000, 10.00, 159, 3, 374, 'App\\Models\\Invoices\\SaleInvoice'),
(762, 4, 10.000000, 40.00, 77, 3, 375, 'App\\Models\\Invoices\\SaleInvoice'),
(763, 7, 10.000000, 70.00, 124, 3, 376, 'App\\Models\\Invoices\\SaleInvoice'),
(764, 1, 25.000000, 25.00, 190, 3, 377, 'App\\Models\\Invoices\\SaleInvoice'),
(765, 1, 20.000000, 20.00, 189, 3, 378, 'App\\Models\\Invoices\\SaleInvoice'),
(766, 10, 10.000000, 100.00, 81, 3, 379, 'App\\Models\\Invoices\\SaleInvoice'),
(767, 5, 10.000000, 50.00, 166, 3, 380, 'App\\Models\\Invoices\\SaleInvoice'),
(768, 6, 10.000000, 60.00, 68, 3, 381, 'App\\Models\\Invoices\\SaleInvoice'),
(769, 2, 10.000000, 20.00, 104, 3, 382, 'App\\Models\\Invoices\\SaleInvoice'),
(770, 1, 10.000000, 10.00, 32, 3, 383, 'App\\Models\\Invoices\\SaleInvoice'),
(771, 2, 10.000000, 20.00, 37, 3, 384, 'App\\Models\\Invoices\\SaleInvoice'),
(772, 1, 10.000000, 10.00, 19, 3, 385, 'App\\Models\\Invoices\\SaleInvoice'),
(773, 2, 10.000000, 20.00, 124, 3, 386, 'App\\Models\\Invoices\\SaleInvoice'),
(774, 2, 10.000000, 20.00, 77, 3, 387, 'App\\Models\\Invoices\\SaleInvoice'),
(775, 2, 10.000000, 20.00, 164, 3, 388, 'App\\Models\\Invoices\\SaleInvoice'),
(776, 1, 10.000000, 10.00, 88, 3, 389, 'App\\Models\\Invoices\\SaleInvoice'),
(777, 1, 10.000000, 10.00, 159, 3, 390, 'App\\Models\\Invoices\\SaleInvoice'),
(778, 1, 10.000000, 10.00, 4, 3, 391, 'App\\Models\\Invoices\\SaleInvoice'),
(779, 1, 10.000000, 10.00, 4, 3, 392, 'App\\Models\\Invoices\\SaleInvoice'),
(780, 2, 10.000000, 20.00, 124, 3, 393, 'App\\Models\\Invoices\\SaleInvoice'),
(781, 1, 10.000000, 10.00, 77, 3, 394, 'App\\Models\\Invoices\\SaleInvoice'),
(782, 1, 10.000000, 10.00, 9, 3, 395, 'App\\Models\\Invoices\\SaleInvoice'),
(783, 1, 10.000000, 10.00, 164, 3, 396, 'App\\Models\\Invoices\\SaleInvoice'),
(784, 2, 10.000000, 20.00, 68, 3, 397, 'App\\Models\\Invoices\\SaleInvoice'),
(785, 3, 10.000000, 30.00, 12, 3, 398, 'App\\Models\\Invoices\\SaleInvoice'),
(786, 3, 10.000000, 30.00, 31, 3, 399, 'App\\Models\\Invoices\\SaleInvoice'),
(787, 1, 10.000000, 10.00, 61, 3, 400, 'App\\Models\\Invoices\\SaleInvoice'),
(788, 1, 10.000000, 10.00, 74, 3, 401, 'App\\Models\\Invoices\\SaleInvoice'),
(789, 1, 10.000000, 10.00, 124, 3, 402, 'App\\Models\\Invoices\\SaleInvoice'),
(790, 1, 10.000000, 10.00, 104, 3, 403, 'App\\Models\\Invoices\\SaleInvoice'),
(791, 5, 10.000000, 50.00, 77, 3, 404, 'App\\Models\\Invoices\\SaleInvoice'),
(792, 1, 10.000000, 10.00, 37, 3, 405, 'App\\Models\\Invoices\\SaleInvoice'),
(793, 1, 10.000000, 10.00, 166, 3, 406, 'App\\Models\\Invoices\\SaleInvoice'),
(794, 1, 10.000000, 10.00, 9, 3, 407, 'App\\Models\\Invoices\\SaleInvoice'),
(795, 1, 10.000000, 10.00, 81, 3, 408, 'App\\Models\\Invoices\\SaleInvoice'),
(796, 1, 10.000000, 10.00, 124, 3, 409, 'App\\Models\\Invoices\\SaleInvoice'),
(797, 2, 10.000000, 20.00, 77, 3, 410, 'App\\Models\\Invoices\\SaleInvoice'),
(798, 1, 10.000000, 10.00, 138, 3, 411, 'App\\Models\\Invoices\\SaleInvoice'),
(799, 1, 10.000000, 10.00, 68, 3, 412, 'App\\Models\\Invoices\\SaleInvoice'),
(800, 1, 10.000000, 10.00, 164, 3, 413, 'App\\Models\\Invoices\\SaleInvoice'),
(801, 1, 10.000000, 10.00, 17, 3, 414, 'App\\Models\\Invoices\\SaleInvoice'),
(802, 1, 10.000000, 10.00, 37, 3, 415, 'App\\Models\\Invoices\\SaleInvoice'),
(803, 1, 20.000000, 20.00, 189, 3, 416, 'App\\Models\\Invoices\\SaleInvoice'),
(804, 1, 10.000000, 10.00, 94, 3, 417, 'App\\Models\\Invoices\\SaleInvoice'),
(805, 2, 10.000000, 20.00, 164, 3, 418, 'App\\Models\\Invoices\\SaleInvoice'),
(806, 4, 10.000000, 40.00, 12, 3, 419, 'App\\Models\\Invoices\\SaleInvoice'),
(807, 2, 10.000000, 20.00, 15, 3, 420, 'App\\Models\\Invoices\\SaleInvoice'),
(808, 2, 10.000000, 20.00, 164, 3, 421, 'App\\Models\\Invoices\\SaleInvoice'),
(809, 1, 10.000000, 10.00, 134, 3, 422, 'App\\Models\\Invoices\\SaleInvoice'),
(810, 1, 10.000000, 10.00, 134, 3, 423, 'App\\Models\\Invoices\\SaleInvoice'),
(811, 1, 10.000000, 10.00, 111, 3, 424, 'App\\Models\\Invoices\\SaleInvoice'),
(812, 2, 10.000000, 20.00, 110, 3, 425, 'App\\Models\\Invoices\\SaleInvoice'),
(813, 3, 10.000000, 30.00, 124, 3, 426, 'App\\Models\\Invoices\\SaleInvoice'),
(814, 3, 10.000000, 30.00, 68, 3, 427, 'App\\Models\\Invoices\\SaleInvoice'),
(815, 6, 6.170000, 37.02, 192, 1, 383, 'App\\Models\\Invoices\\PurchaseInvoice'),
(816, 6, 6.170000, 37.02, 192, 2, 384, 'App\\Models\\Invoices\\PurchaseInvoice'),
(817, 6, 6.170000, 37.02, 192, 2, 385, 'App\\Models\\Invoices\\PurchaseInvoice'),
(818, 6, 6.170000, 37.02, 192, 2, 386, 'App\\Models\\Invoices\\PurchaseInvoice'),
(819, 2, 10.000000, 20.00, 110, 3, 428, 'App\\Models\\Invoices\\SaleInvoice'),
(820, 1, 10.000000, 10.00, 4, 3, 429, 'App\\Models\\Invoices\\SaleInvoice'),
(821, 1, 10.000000, 10.00, 159, 3, 430, 'App\\Models\\Invoices\\SaleInvoice'),
(822, 1, 10.000000, 10.00, 4, 3, 431, 'App\\Models\\Invoices\\SaleInvoice'),
(823, 1, 10.000000, 10.00, 110, 3, 432, 'App\\Models\\Invoices\\SaleInvoice'),
(824, 1, 10.000000, 10.00, 111, 3, 433, 'App\\Models\\Invoices\\SaleInvoice'),
(825, 36, 3.750000, 135.00, 193, 1, 387, 'App\\Models\\Invoices\\PurchaseInvoice'),
(826, 24, 3.500000, 84.00, 81, 2, 387, 'App\\Models\\Invoices\\PurchaseInvoice'),
(827, 12, 1.620000, 19.44, 194, 1, 387, 'App\\Models\\Invoices\\PurchaseInvoice'),
(828, 3, 4.150000, 12.45, 195, 1, 387, 'App\\Models\\Invoices\\PurchaseInvoice'),
(829, 108, 3.750000, 405.00, 193, 2, 388, 'App\\Models\\Invoices\\PurchaseInvoice'),
(830, 12, 3.500000, 42.00, 81, 2, 388, 'App\\Models\\Invoices\\PurchaseInvoice'),
(831, 23, 1.620000, 37.26, 194, 2, 388, 'App\\Models\\Invoices\\PurchaseInvoice'),
(832, 10, 4.150000, 41.50, 195, 2, 388, 'App\\Models\\Invoices\\PurchaseInvoice'),
(833, 1, 10.000000, 10.00, 17, 3, 434, 'App\\Models\\Invoices\\SaleInvoice'),
(834, 1, 10.000000, 10.00, 159, 3, 435, 'App\\Models\\Invoices\\SaleInvoice'),
(835, 1, 10.000000, 10.00, 4, 3, 436, 'App\\Models\\Invoices\\SaleInvoice'),
(839, 1, 10.000000, 10.00, 68, 3, 439, 'App\\Models\\Invoices\\SaleInvoice'),
(840, 1, 10.000000, 10.00, 103, 3, 440, 'App\\Models\\Invoices\\SaleInvoice'),
(841, 1, 10.000000, 10.00, 78, 3, 441, 'App\\Models\\Invoices\\SaleInvoice'),
(842, 2, 10.000000, 20.00, 77, 3, 442, 'App\\Models\\Invoices\\SaleInvoice'),
(843, 2, 10.000000, 20.00, 68, 3, 443, 'App\\Models\\Invoices\\SaleInvoice'),
(844, 1, 10.000000, 10.00, 158, 3, 444, 'App\\Models\\Invoices\\SaleInvoice'),
(845, 1, 10.000000, 10.00, 4, 3, 445, 'App\\Models\\Invoices\\SaleInvoice'),
(846, 1, 10.000000, 10.00, 14, 3, 446, 'App\\Models\\Invoices\\SaleInvoice'),
(847, 1, 10.000000, 10.00, 12, 3, 447, 'App\\Models\\Invoices\\SaleInvoice'),
(848, 2, 10.000000, 20.00, 77, 3, 448, 'App\\Models\\Invoices\\SaleInvoice'),
(849, 2, 10.000000, 20.00, 77, 3, 449, 'App\\Models\\Invoices\\SaleInvoice'),
(850, 1, 10.000000, 10.00, 38, 3, 450, 'App\\Models\\Invoices\\SaleInvoice'),
(851, 1, 10.000000, 10.00, 166, 3, 451, 'App\\Models\\Invoices\\SaleInvoice'),
(852, 13, 10.000000, 130.00, 124, 3, 452, 'App\\Models\\Invoices\\SaleInvoice'),
(853, 1, 10.000000, 10.00, 94, 3, 453, 'App\\Models\\Invoices\\SaleInvoice'),
(854, 1, 10.000000, 10.00, 60, 3, 454, 'App\\Models\\Invoices\\SaleInvoice'),
(855, 1, 10.000000, 10.00, 183, 3, 455, 'App\\Models\\Invoices\\SaleInvoice'),
(856, 1, 10.000000, 10.00, 124, 3, 456, 'App\\Models\\Invoices\\SaleInvoice'),
(857, 2, 10.000000, 20.00, 164, 3, 457, 'App\\Models\\Invoices\\SaleInvoice'),
(858, 1, 10.000000, 10.00, 74, 3, 458, 'App\\Models\\Invoices\\SaleInvoice'),
(859, 1, 10.000000, 10.00, 164, 3, 459, 'App\\Models\\Invoices\\SaleInvoice'),
(860, 1, 25.000000, 25.00, 190, 3, 460, 'App\\Models\\Invoices\\SaleInvoice'),
(861, 1, 10.000000, 10.00, 164, 3, 461, 'App\\Models\\Invoices\\SaleInvoice'),
(862, 1, 10.000000, 10.00, 104, 3, 462, 'App\\Models\\Invoices\\SaleInvoice'),
(863, 1, 20.000000, 20.00, 189, 3, 463, 'App\\Models\\Invoices\\SaleInvoice'),
(864, 11, 10.000000, 110.00, 166, 5, 464, 'App\\Models\\Invoices\\SaleInvoice'),
(865, 1, 10.000000, 10.00, 166, 3, 465, 'App\\Models\\Invoices\\SaleInvoice'),
(866, 63, 10.000000, 630.00, 4, 5, 465, 'App\\Models\\Invoices\\SaleInvoice'),
(867, 10, 18.000000, 180.00, 190, 2, 390, 'App\\Models\\Invoices\\PurchaseInvoice'),
(868, 97, 10.000000, 970.00, 177, 5, 466, 'App\\Models\\Invoices\\SaleInvoice'),
(869, 97, 10.000000, 970.00, 86, 5, 467, 'App\\Models\\Invoices\\SaleInvoice'),
(870, 5, 6.000000, 30.00, 86, 2, 391, 'App\\Models\\Invoices\\PurchaseInvoice'),
(871, 1, 9.810000, 9.81, 86, 4, 468, 'App\\Models\\Invoices\\SaleInvoice'),
(872, 86, 10.000000, 860.00, 7, 4, 469, 'App\\Models\\Invoices\\SaleInvoice'),
(873, 29, 10.000000, 290.00, 124, 4, 470, 'App\\Models\\Invoices\\SaleInvoice'),
(874, 37, 10.000000, 370.00, 164, 4, 471, 'App\\Models\\Invoices\\SaleInvoice'),
(875, 83, 10.000000, 830.00, 17, 4, 472, 'App\\Models\\Invoices\\SaleInvoice'),
(876, 83, 10.000000, 830.00, 148, 4, 473, 'App\\Models\\Invoices\\SaleInvoice'),
(877, 88, 10.000000, 880.00, 88, 4, 474, 'App\\Models\\Invoices\\SaleInvoice'),
(878, 85, 10.000000, 850.00, 74, 4, 475, 'App\\Models\\Invoices\\SaleInvoice'),
(879, 4, 1.250000, 5.00, 166, 2, 392, 'App\\Models\\Invoices\\PurchaseInvoice'),
(880, 96, 10.000000, 960.00, 155, 4, 476, 'App\\Models\\Invoices\\SaleInvoice'),
(881, 96, 10.000000, 960.00, 152, 4, 476, 'App\\Models\\Invoices\\SaleInvoice'),
(882, 1, 20.000000, 20.00, 189, 3, 477, 'App\\Models\\Invoices\\SaleInvoice'),
(883, 1, 10.000000, 10.00, 56, 3, 478, 'App\\Models\\Invoices\\SaleInvoice'),
(884, 5, 10.000000, 50.00, 77, 3, 479, 'App\\Models\\Invoices\\SaleInvoice'),
(885, 6, 3.740000, 22.44, 81, 3, 480, 'App\\Models\\Invoices\\SaleInvoice'),
(886, 2, 10.000000, 20.00, 124, 3, 481, 'App\\Models\\Invoices\\SaleInvoice'),
(887, 1, 9.680000, 9.68, 166, 3, 482, 'App\\Models\\Invoices\\SaleInvoice'),
(888, 1, 10.000000, 10.00, 183, 3, 483, 'App\\Models\\Invoices\\SaleInvoice'),
(889, 1, 9.680000, 9.68, 166, 3, 484, 'App\\Models\\Invoices\\SaleInvoice'),
(890, 1, 10.000000, 10.00, 77, 3, 485, 'App\\Models\\Invoices\\SaleInvoice'),
(891, 1, 10.000000, 10.00, 164, 3, 486, 'App\\Models\\Invoices\\SaleInvoice'),
(892, 1, 10.000000, 10.00, 77, 3, 487, 'App\\Models\\Invoices\\SaleInvoice'),
(893, 1, 10.000000, 10.00, 124, 3, 488, 'App\\Models\\Invoices\\SaleInvoice'),
(894, 1, 10.680000, 10.68, 190, 3, 489, 'App\\Models\\Invoices\\SaleInvoice'),
(895, 1, 10.000000, 10.00, 68, 3, 490, 'App\\Models\\Invoices\\SaleInvoice'),
(896, 8, 10.000000, 80.00, 124, 3, 491, 'App\\Models\\Invoices\\SaleInvoice'),
(897, 1, 10.000000, 10.00, 122, 3, 492, 'App\\Models\\Invoices\\SaleInvoice'),
(898, 1, 10.000000, 10.00, 72, 3, 493, 'App\\Models\\Invoices\\SaleInvoice'),
(899, 1, 10.000000, 10.00, 4, 3, 494, 'App\\Models\\Invoices\\SaleInvoice'),
(900, 2, 10.000000, 20.00, 15, 3, 495, 'App\\Models\\Invoices\\SaleInvoice'),
(901, 1, 10.000000, 10.00, 109, 3, 496, 'App\\Models\\Invoices\\SaleInvoice'),
(902, 1, 10.000000, 10.00, 16, 3, 497, 'App\\Models\\Invoices\\SaleInvoice'),
(903, 2, 10.000000, 20.00, 164, 3, 498, 'App\\Models\\Invoices\\SaleInvoice'),
(904, 5, 9.680000, 48.40, 166, 3, 499, 'App\\Models\\Invoices\\SaleInvoice'),
(905, 1, 10.000000, 10.00, 75, 3, 500, 'App\\Models\\Invoices\\SaleInvoice'),
(906, 1, 10.000000, 10.00, 126, 3, 501, 'App\\Models\\Invoices\\SaleInvoice'),
(907, 2, 10.000000, 20.00, 157, 3, 502, 'App\\Models\\Invoices\\SaleInvoice'),
(908, 2, 3.760000, 7.52, 193, 3, 503, 'App\\Models\\Invoices\\SaleInvoice'),
(909, 1, 10.000000, 10.00, 38, 3, 504, 'App\\Models\\Invoices\\SaleInvoice'),
(910, 1, 10.000000, 10.00, 37, 3, 505, 'App\\Models\\Invoices\\SaleInvoice'),
(911, 1, 10.000000, 10.00, 101, 3, 506, 'App\\Models\\Invoices\\SaleInvoice'),
(912, 1, 1.000000, 1.00, 188, 3, 507, 'App\\Models\\Invoices\\SaleInvoice'),
(913, 2, 10.000000, 20.00, 104, 3, 508, 'App\\Models\\Invoices\\SaleInvoice'),
(914, 1, 10.000000, 10.00, 68, 3, 509, 'App\\Models\\Invoices\\SaleInvoice'),
(915, 3, 10.000000, 30.00, 16, 3, 510, 'App\\Models\\Invoices\\SaleInvoice'),
(916, 1, 10.680000, 10.68, 190, 3, 511, 'App\\Models\\Invoices\\SaleInvoice'),
(917, 1, 10.000000, 10.00, 157, 3, 512, 'App\\Models\\Invoices\\SaleInvoice'),
(918, 1, 10.000000, 10.00, 159, 3, 513, 'App\\Models\\Invoices\\SaleInvoice'),
(919, 1, 10.000000, 10.00, 74, 3, 514, 'App\\Models\\Invoices\\SaleInvoice'),
(920, 2, 10.000000, 20.00, 101, 3, 515, 'App\\Models\\Invoices\\SaleInvoice'),
(921, 3, 10.000000, 30.00, 77, 3, 516, 'App\\Models\\Invoices\\SaleInvoice'),
(922, 1, 3.760000, 3.76, 193, 3, 517, 'App\\Models\\Invoices\\SaleInvoice'),
(923, 1, 10.000000, 10.00, 3, 3, 518, 'App\\Models\\Invoices\\SaleInvoice'),
(924, 2, 10.000000, 20.00, 185, 3, 519, 'App\\Models\\Invoices\\SaleInvoice'),
(925, 1, 10.000000, 10.00, 94, 3, 520, 'App\\Models\\Invoices\\SaleInvoice'),
(926, 1, 10.000000, 10.00, 60, 3, 521, 'App\\Models\\Invoices\\SaleInvoice'),
(927, 1, 10.000000, 10.00, 68, 3, 522, 'App\\Models\\Invoices\\SaleInvoice'),
(928, 15, 10.000000, 150.00, 77, 3, 523, 'App\\Models\\Invoices\\SaleInvoice'),
(929, 2, 10.000000, 20.00, 124, 3, 524, 'App\\Models\\Invoices\\SaleInvoice'),
(930, 1, 10.000000, 10.00, 164, 3, 525, 'App\\Models\\Invoices\\SaleInvoice'),
(931, 3, 20.000000, 60.00, 189, 3, 526, 'App\\Models\\Invoices\\SaleInvoice'),
(932, 4, 9.680000, 38.72, 166, 3, 527, 'App\\Models\\Invoices\\SaleInvoice'),
(933, 4, 10.000000, 40.00, 183, 3, 528, 'App\\Models\\Invoices\\SaleInvoice'),
(934, 2, 3.760000, 7.52, 193, 3, 529, 'App\\Models\\Invoices\\SaleInvoice'),
(935, 1, 10.000000, 10.00, 104, 3, 530, 'App\\Models\\Invoices\\SaleInvoice'),
(936, 1, 10.680000, 10.68, 190, 3, 531, 'App\\Models\\Invoices\\SaleInvoice'),
(937, 1, 10.000000, 10.00, 139, 3, 532, 'App\\Models\\Invoices\\SaleInvoice'),
(938, 1, 3.760000, 3.76, 193, 3, 533, 'App\\Models\\Invoices\\SaleInvoice'),
(939, 5, 10.000000, 50.00, 77, 3, 534, 'App\\Models\\Invoices\\SaleInvoice'),
(940, 1, 10.000000, 10.00, 138, 3, 535, 'App\\Models\\Invoices\\SaleInvoice'),
(941, 1, 3.760000, 3.76, 193, 3, 536, 'App\\Models\\Invoices\\SaleInvoice'),
(942, 1, 10.000000, 10.00, 60, 3, 537, 'App\\Models\\Invoices\\SaleInvoice'),
(943, 1, 10.000000, 10.00, 68, 3, 538, 'App\\Models\\Invoices\\SaleInvoice'),
(944, 1, 10.000000, 10.00, 77, 3, 539, 'App\\Models\\Invoices\\SaleInvoice'),
(945, 5, 9.680000, 48.40, 166, 3, 540, 'App\\Models\\Invoices\\SaleInvoice'),
(946, 1, 10.000000, 10.00, 124, 3, 541, 'App\\Models\\Invoices\\SaleInvoice'),
(947, 1, 10.000000, 10.00, 16, 3, 542, 'App\\Models\\Invoices\\SaleInvoice'),
(948, 1, 3.760000, 3.76, 193, 3, 543, 'App\\Models\\Invoices\\SaleInvoice'),
(949, 1, 3.760000, 3.76, 193, 3, 544, 'App\\Models\\Invoices\\SaleInvoice'),
(950, 4, 10.000000, 40.00, 110, 3, 545, 'App\\Models\\Invoices\\SaleInvoice'),
(951, 4, 10.000000, 40.00, 38, 3, 546, 'App\\Models\\Invoices\\SaleInvoice'),
(952, 2, 10.000000, 20.00, 85, 3, 547, 'App\\Models\\Invoices\\SaleInvoice'),
(953, 4, 9.680000, 38.72, 166, 3, 548, 'App\\Models\\Invoices\\SaleInvoice'),
(954, 1, 10.000000, 10.00, 77, 3, 549, 'App\\Models\\Invoices\\SaleInvoice'),
(955, 1, 10.000000, 10.00, 124, 3, 550, 'App\\Models\\Invoices\\SaleInvoice'),
(956, 1, 6.170000, 6.17, 192, 3, 551, 'App\\Models\\Invoices\\SaleInvoice'),
(957, 1, 6.170000, 6.17, 192, 3, 552, 'App\\Models\\Invoices\\SaleInvoice'),
(958, 2, 10.000000, 20.00, 122, 3, 553, 'App\\Models\\Invoices\\SaleInvoice'),
(959, 1, 10.000000, 10.00, 164, 3, 554, 'App\\Models\\Invoices\\SaleInvoice'),
(960, 2, 10.000000, 20.00, 98, 3, 555, 'App\\Models\\Invoices\\SaleInvoice'),
(961, 3, 10.000000, 30.00, 17, 3, 556, 'App\\Models\\Invoices\\SaleInvoice'),
(962, 2, 10.000000, 20.00, 12, 3, 557, 'App\\Models\\Invoices\\SaleInvoice'),
(963, 1, 3.760000, 3.76, 193, 3, 558, 'App\\Models\\Invoices\\SaleInvoice'),
(964, 2, 3.760000, 7.52, 193, 3, 559, 'App\\Models\\Invoices\\SaleInvoice'),
(965, 2, 10.000000, 20.00, 122, 3, 560, 'App\\Models\\Invoices\\SaleInvoice'),
(966, 1, 10.000000, 10.00, 183, 3, 561, 'App\\Models\\Invoices\\SaleInvoice'),
(967, 2, 10.000000, 20.00, 138, 3, 562, 'App\\Models\\Invoices\\SaleInvoice'),
(968, 1, 10.000000, 10.00, 103, 3, 563, 'App\\Models\\Invoices\\SaleInvoice'),
(969, 2, 10.000000, 20.00, 77, 3, 564, 'App\\Models\\Invoices\\SaleInvoice'),
(970, 1, 10.000000, 10.00, 7, 3, 565, 'App\\Models\\Invoices\\SaleInvoice'),
(971, 2, 10.000000, 20.00, 77, 3, 566, 'App\\Models\\Invoices\\SaleInvoice'),
(972, 1, 3.760000, 3.76, 193, 3, 567, 'App\\Models\\Invoices\\SaleInvoice'),
(973, 1, 10.000000, 10.00, 124, 3, 568, 'App\\Models\\Invoices\\SaleInvoice'),
(974, 1, 10.000000, 10.00, 159, 3, 569, 'App\\Models\\Invoices\\SaleInvoice'),
(975, 1, 10.000000, 10.00, 77, 3, 570, 'App\\Models\\Invoices\\SaleInvoice'),
(976, 1, 3.760000, 3.76, 193, 3, 571, 'App\\Models\\Invoices\\SaleInvoice'),
(977, 1, 10.000000, 10.00, 77, 3, 572, 'App\\Models\\Invoices\\SaleInvoice'),
(978, 1, 10.000000, 10.00, 148, 3, 573, 'App\\Models\\Invoices\\SaleInvoice'),
(979, 1, 10.000000, 10.00, 120, 3, 574, 'App\\Models\\Invoices\\SaleInvoice'),
(980, 1, 10.000000, 10.00, 77, 3, 575, 'App\\Models\\Invoices\\SaleInvoice'),
(981, 1, 20.000000, 20.00, 189, 3, 576, 'App\\Models\\Invoices\\SaleInvoice'),
(982, 2, 10.000000, 20.00, 104, 3, 577, 'App\\Models\\Invoices\\SaleInvoice'),
(983, 8, 3.760000, 30.08, 193, 3, 578, 'App\\Models\\Invoices\\SaleInvoice'),
(984, 1, 10.000000, 10.00, 68, 3, 579, 'App\\Models\\Invoices\\SaleInvoice'),
(985, 13, 10.000000, 130.00, 124, 3, 580, 'App\\Models\\Invoices\\SaleInvoice'),
(986, 2, 10.000000, 20.00, 74, 3, 581, 'App\\Models\\Invoices\\SaleInvoice'),
(987, 5, 10.000000, 50.00, 6, 3, 582, 'App\\Models\\Invoices\\SaleInvoice'),
(988, 4, 10.000000, 40.00, 8, 3, 583, 'App\\Models\\Invoices\\SaleInvoice'),
(989, 21, 20.000000, 420.00, 189, 3, 584, 'App\\Models\\Invoices\\SaleInvoice'),
(990, 1, 10.000000, 10.00, 7, 3, 585, 'App\\Models\\Invoices\\SaleInvoice'),
(991, 3, 10.000000, 30.00, 12, 3, 586, 'App\\Models\\Invoices\\SaleInvoice'),
(992, 2, 10.000000, 20.00, 126, 3, 587, 'App\\Models\\Invoices\\SaleInvoice'),
(993, 4, 10.000000, 40.00, 164, 3, 588, 'App\\Models\\Invoices\\SaleInvoice'),
(994, 2, 10.000000, 20.00, 77, 3, 589, 'App\\Models\\Invoices\\SaleInvoice'),
(995, 1, 10.000000, 10.00, 164, 3, 590, 'App\\Models\\Invoices\\SaleInvoice'),
(996, 1, 10.680000, 10.68, 190, 3, 591, 'App\\Models\\Invoices\\SaleInvoice'),
(997, 3, 10.000000, 30.00, 124, 3, 592, 'App\\Models\\Invoices\\SaleInvoice'),
(998, 2, 10.000000, 20.00, 68, 3, 593, 'App\\Models\\Invoices\\SaleInvoice'),
(999, 1, 10.000000, 10.00, 129, 3, 594, 'App\\Models\\Invoices\\SaleInvoice'),
(1000, 1, 10.680000, 10.68, 190, 3, 595, 'App\\Models\\Invoices\\SaleInvoice'),
(1001, 1, 10.000000, 10.00, 77, 3, 596, 'App\\Models\\Invoices\\SaleInvoice'),
(1002, 1, 10.000000, 10.00, 17, 3, 597, 'App\\Models\\Invoices\\SaleInvoice'),
(1003, 1, 10.000000, 10.00, 95, 3, 598, 'App\\Models\\Invoices\\SaleInvoice'),
(1004, 1, 10.000000, 10.00, 164, 3, 599, 'App\\Models\\Invoices\\SaleInvoice'),
(1005, 2, 10.000000, 20.00, 68, 3, 600, 'App\\Models\\Invoices\\SaleInvoice'),
(1006, 1, 10.000000, 10.00, 164, 3, 601, 'App\\Models\\Invoices\\SaleInvoice'),
(1007, 2, 10.000000, 20.00, 103, 3, 602, 'App\\Models\\Invoices\\SaleInvoice'),
(1008, 9, 3.760000, 33.84, 193, 3, 603, 'App\\Models\\Invoices\\SaleInvoice'),
(1009, 1, 10.680000, 10.68, 190, 3, 604, 'App\\Models\\Invoices\\SaleInvoice'),
(1010, 9, 10.000000, 90.00, 164, 3, 605, 'App\\Models\\Invoices\\SaleInvoice'),
(1011, 7, 10.000000, 70.00, 124, 3, 606, 'App\\Models\\Invoices\\SaleInvoice'),
(1012, 1, 20.000000, 20.00, 189, 3, 607, 'App\\Models\\Invoices\\SaleInvoice'),
(1013, 5, 10.000000, 50.00, 68, 3, 608, 'App\\Models\\Invoices\\SaleInvoice'),
(1014, 2, 10.000000, 20.00, 104, 3, 609, 'App\\Models\\Invoices\\SaleInvoice'),
(1015, 1, 10.000000, 10.00, 77, 3, 610, 'App\\Models\\Invoices\\SaleInvoice'),
(1016, 1, 10.000000, 10.00, 31, 3, 611, 'App\\Models\\Invoices\\SaleInvoice'),
(1017, 1, 10.000000, 10.00, 104, 3, 612, 'App\\Models\\Invoices\\SaleInvoice'),
(1018, 10, 9.680000, 96.80, 166, 3, 613, 'App\\Models\\Invoices\\SaleInvoice'),
(1019, 2, 10.000000, 20.00, 122, 3, 614, 'App\\Models\\Invoices\\SaleInvoice'),
(1020, 1, 10.000000, 10.00, 60, 3, 615, 'App\\Models\\Invoices\\SaleInvoice'),
(1021, 5, 9.680000, 48.40, 166, 3, 616, 'App\\Models\\Invoices\\SaleInvoice'),
(1022, 1, 10.000000, 10.00, 148, 3, 617, 'App\\Models\\Invoices\\SaleInvoice'),
(1023, 1, 10.000000, 10.00, 94, 3, 618, 'App\\Models\\Invoices\\SaleInvoice'),
(1024, 1, 10.000000, 10.00, 103, 3, 619, 'App\\Models\\Invoices\\SaleInvoice'),
(1025, 1, 10.000000, 10.00, 3, 3, 620, 'App\\Models\\Invoices\\SaleInvoice'),
(1026, 2, 10.000000, 20.00, 68, 3, 621, 'App\\Models\\Invoices\\SaleInvoice'),
(1027, 6, 10.000000, 60.00, 164, 3, 622, 'App\\Models\\Invoices\\SaleInvoice'),
(1028, 2, 10.000000, 20.00, 164, 3, 623, 'App\\Models\\Invoices\\SaleInvoice'),
(1029, 1, 10.000000, 10.00, 124, 3, 624, 'App\\Models\\Invoices\\SaleInvoice'),
(1030, 1, 9.680000, 9.68, 166, 3, 625, 'App\\Models\\Invoices\\SaleInvoice'),
(1031, 1, 10.000000, 10.00, 77, 3, 626, 'App\\Models\\Invoices\\SaleInvoice'),
(1032, 1, 10.000000, 10.00, 159, 3, 627, 'App\\Models\\Invoices\\SaleInvoice'),
(1033, 1, 9.680000, 9.68, 166, 3, 628, 'App\\Models\\Invoices\\SaleInvoice'),
(1034, 1, 10.000000, 10.00, 37, 3, 629, 'App\\Models\\Invoices\\SaleInvoice'),
(1035, 1, 10.000000, 10.00, 110, 3, 630, 'App\\Models\\Invoices\\SaleInvoice'),
(1036, 1, 10.000000, 10.00, 75, 3, 631, 'App\\Models\\Invoices\\SaleInvoice'),
(1037, 1, 10.000000, 10.00, 68, 3, 632, 'App\\Models\\Invoices\\SaleInvoice'),
(1038, 1, 10.000000, 10.00, 157, 3, 633, 'App\\Models\\Invoices\\SaleInvoice'),
(1039, 1, 10.000000, 10.00, 110, 3, 634, 'App\\Models\\Invoices\\SaleInvoice'),
(1040, 1, 10.000000, 10.00, 94, 3, 635, 'App\\Models\\Invoices\\SaleInvoice'),
(1041, 1, 3.400000, 3.40, 194, 3, 636, 'App\\Models\\Invoices\\SaleInvoice'),
(1042, 1, 10.000000, 10.00, 6, 3, 637, 'App\\Models\\Invoices\\SaleInvoice'),
(1043, 2, 10.000000, 20.00, 8, 3, 638, 'App\\Models\\Invoices\\SaleInvoice'),
(1044, 1, 10.000000, 10.00, 164, 3, 639, 'App\\Models\\Invoices\\SaleInvoice'),
(1045, 2, 9.680000, 19.36, 166, 3, 640, 'App\\Models\\Invoices\\SaleInvoice'),
(1046, 1, 3.760000, 3.76, 193, 3, 641, 'App\\Models\\Invoices\\SaleInvoice'),
(1047, 2, 10.000000, 20.00, 7, 3, 642, 'App\\Models\\Invoices\\SaleInvoice'),
(1048, 1, 3.760000, 3.76, 193, 3, 643, 'App\\Models\\Invoices\\SaleInvoice'),
(1049, 1, 10.000000, 10.00, 164, 3, 644, 'App\\Models\\Invoices\\SaleInvoice'),
(1050, 1, 10.000000, 10.00, 103, 3, 645, 'App\\Models\\Invoices\\SaleInvoice'),
(1051, 2, 10.000000, 20.00, 12, 3, 646, 'App\\Models\\Invoices\\SaleInvoice'),
(1052, 2, 10.000000, 20.00, 74, 3, 647, 'App\\Models\\Invoices\\SaleInvoice'),
(1053, 2, 9.680000, 19.36, 166, 3, 648, 'App\\Models\\Invoices\\SaleInvoice'),
(1054, 3, 10.000000, 30.00, 7, 3, 649, 'App\\Models\\Invoices\\SaleInvoice'),
(1055, 1, 10.000000, 10.00, 17, 3, 650, 'App\\Models\\Invoices\\SaleInvoice'),
(1056, 1, 3.760000, 3.76, 193, 3, 651, 'App\\Models\\Invoices\\SaleInvoice'),
(1057, 1, 10.000000, 10.00, 17, 3, 652, 'App\\Models\\Invoices\\SaleInvoice'),
(1058, 1, 10.000000, 10.00, 7, 3, 653, 'App\\Models\\Invoices\\SaleInvoice'),
(1059, 2, 10.000000, 20.00, 124, 3, 654, 'App\\Models\\Invoices\\SaleInvoice'),
(1060, 3, 9.680000, 29.04, 166, 3, 655, 'App\\Models\\Invoices\\SaleInvoice'),
(1061, 5, 10.000000, 50.00, 137, 3, 656, 'App\\Models\\Invoices\\SaleInvoice'),
(1062, 4, 10.000000, 40.00, 68, 3, 657, 'App\\Models\\Invoices\\SaleInvoice'),
(1063, 2, 10.000000, 20.00, 110, 3, 658, 'App\\Models\\Invoices\\SaleInvoice'),
(1064, 1, 3.760000, 3.76, 193, 3, 659, 'App\\Models\\Invoices\\SaleInvoice'),
(1065, 1, 10.000000, 10.00, 17, 3, 660, 'App\\Models\\Invoices\\SaleInvoice'),
(1066, 1, 10.680000, 10.68, 190, 3, 661, 'App\\Models\\Invoices\\SaleInvoice'),
(1067, 1, 10.000000, 10.00, 164, 3, 662, 'App\\Models\\Invoices\\SaleInvoice'),
(1068, 7, 10.000000, 70.00, 77, 3, 663, 'App\\Models\\Invoices\\SaleInvoice'),
(1069, 2, 10.000000, 20.00, 104, 3, 664, 'App\\Models\\Invoices\\SaleInvoice'),
(1070, 1, 10.000000, 10.00, 152, 3, 665, 'App\\Models\\Invoices\\SaleInvoice'),
(1071, 3, 3.760000, 11.28, 193, 3, 666, 'App\\Models\\Invoices\\SaleInvoice'),
(1072, 1, 10.000000, 10.00, 23, 3, 667, 'App\\Models\\Invoices\\SaleInvoice'),
(1073, 2, 10.000000, 20.00, 159, 3, 668, 'App\\Models\\Invoices\\SaleInvoice'),
(1074, 1, 10.000000, 10.00, 4, 3, 669, 'App\\Models\\Invoices\\SaleInvoice'),
(1075, 1, 10.000000, 10.00, 68, 3, 670, 'App\\Models\\Invoices\\SaleInvoice'),
(1076, 1, 10.000000, 10.00, 103, 3, 671, 'App\\Models\\Invoices\\SaleInvoice'),
(1077, 1, 10.000000, 10.00, 103, 3, 672, 'App\\Models\\Invoices\\SaleInvoice'),
(1078, 2, 10.000000, 20.00, 159, 3, 673, 'App\\Models\\Invoices\\SaleInvoice'),
(1079, 1, 10.000000, 10.00, 159, 3, 674, 'App\\Models\\Invoices\\SaleInvoice'),
(1080, 1, 10.000000, 10.00, 4, 3, 675, 'App\\Models\\Invoices\\SaleInvoice'),
(1081, 3, 10.000000, 30.00, 8, 3, 676, 'App\\Models\\Invoices\\SaleInvoice'),
(1082, 1, 10.000000, 10.00, 77, 3, 677, 'App\\Models\\Invoices\\SaleInvoice'),
(1083, 1, 3.760000, 3.76, 193, 3, 678, 'App\\Models\\Invoices\\SaleInvoice'),
(1084, 1, 10.000000, 10.00, 128, 3, 678, 'App\\Models\\Invoices\\SaleInvoice'),
(1085, 3, 3.760000, 11.28, 193, 3, 679, 'App\\Models\\Invoices\\SaleInvoice'),
(1086, 1, 9.680000, 9.68, 166, 3, 680, 'App\\Models\\Invoices\\SaleInvoice'),
(1087, 6, 10.000000, 60.00, 77, 3, 681, 'App\\Models\\Invoices\\SaleInvoice'),
(1088, 4, 10.000000, 40.00, 75, 3, 682, 'App\\Models\\Invoices\\SaleInvoice'),
(1089, 1, 3.760000, 3.76, 193, 3, 683, 'App\\Models\\Invoices\\SaleInvoice'),
(1090, 3, 10.000000, 30.00, 68, 3, 684, 'App\\Models\\Invoices\\SaleInvoice'),
(1091, 1, 10.000000, 10.00, 16, 3, 685, 'App\\Models\\Invoices\\SaleInvoice'),
(1092, 1, 10.000000, 10.00, 164, 3, 686, 'App\\Models\\Invoices\\SaleInvoice'),
(1093, 1, 10.000000, 10.00, 164, 3, 687, 'App\\Models\\Invoices\\SaleInvoice'),
(1094, 1, 10.000000, 10.00, 37, 3, 688, 'App\\Models\\Invoices\\SaleInvoice'),
(1095, 1, 10.000000, 10.00, 94, 3, 689, 'App\\Models\\Invoices\\SaleInvoice'),
(1096, 2, 9.680000, 19.36, 166, 3, 690, 'App\\Models\\Invoices\\SaleInvoice'),
(1097, 1, 10.000000, 10.00, 175, 3, 691, 'App\\Models\\Invoices\\SaleInvoice'),
(1098, 1, 10.000000, 10.00, 130, 3, 692, 'App\\Models\\Invoices\\SaleInvoice'),
(1099, 2, 10.000000, 20.00, 157, 3, 693, 'App\\Models\\Invoices\\SaleInvoice'),
(1100, 2, 10.000000, 20.00, 4, 3, 694, 'App\\Models\\Invoices\\SaleInvoice'),
(1101, 3, 10.000000, 30.00, 112, 3, 695, 'App\\Models\\Invoices\\SaleInvoice'),
(1102, 3, 10.000000, 30.00, 6, 3, 696, 'App\\Models\\Invoices\\SaleInvoice'),
(1103, 2, 10.000000, 20.00, 124, 3, 697, 'App\\Models\\Invoices\\SaleInvoice'),
(1104, 1, 10.000000, 10.00, 68, 3, 698, 'App\\Models\\Invoices\\SaleInvoice'),
(1105, 4, 10.000000, 40.00, 110, 3, 699, 'App\\Models\\Invoices\\SaleInvoice'),
(1106, 1, 10.000000, 10.00, 159, 3, 700, 'App\\Models\\Invoices\\SaleInvoice'),
(1107, 1, 10.000000, 10.00, 4, 3, 701, 'App\\Models\\Invoices\\SaleInvoice'),
(1108, 1, 10.000000, 10.00, 110, 3, 702, 'App\\Models\\Invoices\\SaleInvoice'),
(1109, 1, 3.760000, 3.76, 193, 3, 703, 'App\\Models\\Invoices\\SaleInvoice'),
(1110, 7, 10.000000, 70.00, 110, 3, 704, 'App\\Models\\Invoices\\SaleInvoice'),
(1111, 4, 10.000000, 40.00, 110, 3, 705, 'App\\Models\\Invoices\\SaleInvoice'),
(1112, 1, 6.170000, 6.17, 192, 3, 706, 'App\\Models\\Invoices\\SaleInvoice'),
(1113, 7, 10.000000, 70.00, 77, 3, 707, 'App\\Models\\Invoices\\SaleInvoice'),
(1114, 1, 10.000000, 10.00, 68, 3, 708, 'App\\Models\\Invoices\\SaleInvoice'),
(1115, 4, 6.170000, 24.68, 192, 3, 709, 'App\\Models\\Invoices\\SaleInvoice'),
(1116, 1, 10.000000, 10.00, 124, 3, 710, 'App\\Models\\Invoices\\SaleInvoice'),
(1117, 1, 10.000000, 10.00, 17, 3, 711, 'App\\Models\\Invoices\\SaleInvoice'),
(1118, 1, 10.000000, 10.00, 129, 3, 712, 'App\\Models\\Invoices\\SaleInvoice'),
(1119, 1, 10.000000, 10.00, 185, 3, 713, 'App\\Models\\Invoices\\SaleInvoice'),
(1120, 1, 10.000000, 10.00, 103, 3, 714, 'App\\Models\\Invoices\\SaleInvoice'),
(1121, 1, 10.000000, 10.00, 152, 3, 715, 'App\\Models\\Invoices\\SaleInvoice'),
(1122, 4, 10.000000, 40.00, 7, 3, 716, 'App\\Models\\Invoices\\SaleInvoice'),
(1123, 6, 10.000000, 60.00, 8, 3, 717, 'App\\Models\\Invoices\\SaleInvoice'),
(1124, 2, 10.000000, 20.00, 29, 3, 718, 'App\\Models\\Invoices\\SaleInvoice'),
(1125, 2, 10.000000, 20.00, 159, 3, 719, 'App\\Models\\Invoices\\SaleInvoice'),
(1126, 2, 10.000000, 20.00, 4, 3, 720, 'App\\Models\\Invoices\\SaleInvoice'),
(1127, 1, 10.680000, 10.68, 190, 3, 721, 'App\\Models\\Invoices\\SaleInvoice'),
(1128, 3, 3.760000, 11.28, 193, 3, 722, 'App\\Models\\Invoices\\SaleInvoice'),
(1129, 1, 3.760000, 3.76, 193, 3, 723, 'App\\Models\\Invoices\\SaleInvoice'),
(1130, 7, 10.000000, 70.00, 77, 3, 724, 'App\\Models\\Invoices\\SaleInvoice'),
(1131, 1, 10.000000, 10.00, 68, 3, 725, 'App\\Models\\Invoices\\SaleInvoice'),
(1132, 1, 6.170000, 6.17, 192, 3, 726, 'App\\Models\\Invoices\\SaleInvoice'),
(1133, 1, 10.000000, 10.00, 124, 3, 727, 'App\\Models\\Invoices\\SaleInvoice'),
(1134, 1, 10.000000, 10.00, 17, 3, 728, 'App\\Models\\Invoices\\SaleInvoice'),
(1135, 1, 10.000000, 10.00, 129, 3, 729, 'App\\Models\\Invoices\\SaleInvoice'),
(1136, 1, 10.000000, 10.00, 185, 3, 730, 'App\\Models\\Invoices\\SaleInvoice'),
(1137, 1, 10.000000, 10.00, 103, 3, 731, 'App\\Models\\Invoices\\SaleInvoice'),
(1138, 4, 10.000000, 40.00, 8, 3, 732, 'App\\Models\\Invoices\\SaleInvoice'),
(1139, 1, 10.000000, 10.00, 152, 3, 733, 'App\\Models\\Invoices\\SaleInvoice'),
(1140, 6, 10.000000, 60.00, 8, 3, 734, 'App\\Models\\Invoices\\SaleInvoice'),
(1141, 2, 10.000000, 20.00, 29, 3, 735, 'App\\Models\\Invoices\\SaleInvoice'),
(1142, 2, 10.000000, 20.00, 159, 3, 736, 'App\\Models\\Invoices\\SaleInvoice'),
(1143, 2, 10.000000, 20.00, 4, 3, 737, 'App\\Models\\Invoices\\SaleInvoice'),
(1144, 1, 10.680000, 10.68, 190, 3, 738, 'App\\Models\\Invoices\\SaleInvoice'),
(1145, 1, 10.000000, 10.00, 120, 3, 739, 'App\\Models\\Invoices\\SaleInvoice'),
(1146, 1, 10.000000, 10.00, 120, 3, 740, 'App\\Models\\Invoices\\SaleInvoice'),
(1147, 1, 10.000000, 10.00, 31, 3, 741, 'App\\Models\\Invoices\\SaleInvoice'),
(1148, 2, 3.760000, 7.52, 193, 3, 742, 'App\\Models\\Invoices\\SaleInvoice'),
(1149, 3, 10.000000, 30.00, 12, 3, 743, 'App\\Models\\Invoices\\SaleInvoice'),
(1150, 2, 6.000000, 12.00, 197, 1, 393, 'App\\Models\\Invoices\\PurchaseInvoice'),
(1151, 2, 6.000000, 12.00, 198, 1, 393, 'App\\Models\\Invoices\\PurchaseInvoice'),
(1152, 2, 3.350000, 6.70, 200, 1, 393, 'App\\Models\\Invoices\\PurchaseInvoice'),
(1153, 2, 3.350000, 6.70, 199, 1, 393, 'App\\Models\\Invoices\\PurchaseInvoice'),
(1154, 1, 6.000000, 6.00, 197, 2, 394, 'App\\Models\\Invoices\\PurchaseInvoice'),
(1155, 1, 6.000000, 6.00, 198, 2, 394, 'App\\Models\\Invoices\\PurchaseInvoice'),
(1156, 1, 3.350000, 3.35, 200, 2, 394, 'App\\Models\\Invoices\\PurchaseInvoice'),
(1157, 1, 3.350000, 3.35, 199, 2, 394, 'App\\Models\\Invoices\\PurchaseInvoice'),
(1158, 9, 5.405000, 48.64, 201, 1, 395, 'App\\Models\\Invoices\\PurchaseInvoice'),
(1159, 3, 5.405000, 16.21, 201, 2, 396, 'App\\Models\\Invoices\\PurchaseInvoice'),
(1160, 12, 4.554000, 54.64, 124, 2, 397, 'App\\Models\\Invoices\\PurchaseInvoice'),
(1161, 12, 4.559960, 54.71, 164, 2, 397, 'App\\Models\\Invoices\\PurchaseInvoice'),
(1162, 63, 10.000000, 630.00, 68, 3, 744, 'App\\Models\\Invoices\\SaleInvoice'),
(1163, 21, 4.554000, 95.63, 124, 2, 398, 'App\\Models\\Invoices\\PurchaseInvoice'),
(1164, 46, 4.840000, 222.64, 164, 3, 745, 'App\\Models\\Invoices\\SaleInvoice'),
(1165, 46, 4.840000, 222.64, 164, 3, 746, 'App\\Models\\Invoices\\SaleInvoice'),
(1166, 46, 4.840000, 222.64, 164, 3, 747, 'App\\Models\\Invoices\\SaleInvoice'),
(1167, 29, 10.000000, 290.00, 68, 3, 748, 'App\\Models\\Invoices\\SaleInvoice'),
(1168, 46, 4.840000, 222.64, 164, 3, 748, 'App\\Models\\Invoices\\SaleInvoice'),
(1169, 46, 4.840000, 222.64, 164, 3, 749, 'App\\Models\\Invoices\\SaleInvoice'),
(1170, 46, 4.840000, 222.64, 164, 3, 750, 'App\\Models\\Invoices\\SaleInvoice'),
(1171, 46, 4.840000, 222.64, 164, 3, 751, 'App\\Models\\Invoices\\SaleInvoice'),
(1172, 46, 4.840000, 222.64, 164, 3, 752, 'App\\Models\\Invoices\\SaleInvoice'),
(1173, 46, 4.840000, 222.64, 164, 3, 753, 'App\\Models\\Invoices\\SaleInvoice'),
(1174, 46, 4.840000, 222.64, 164, 3, 754, 'App\\Models\\Invoices\\SaleInvoice'),
(1175, 46, 4.840000, 222.64, 164, 3, 755, 'App\\Models\\Invoices\\SaleInvoice'),
(1176, 5, 8.670000, 43.35, 124, 3, 756, 'App\\Models\\Invoices\\SaleInvoice'),
(1177, 1, 10.000000, 10.00, 83, 3, 757, 'App\\Models\\Invoices\\SaleInvoice'),
(1178, 1, 10.000000, 10.00, 68, 3, 758, 'App\\Models\\Invoices\\SaleInvoice'),
(1179, 1, 10.000000, 10.00, 5, 3, 759, 'App\\Models\\Invoices\\SaleInvoice'),
(1180, 1, 6.170000, 6.17, 192, 3, 760, 'App\\Models\\Invoices\\SaleInvoice');

-- --------------------------------------------------------

--
-- Table structure for table `movement_types`
--

CREATE TABLE `movement_types` (
  `id` smallint(5) UNSIGNED NOT NULL,
  `name` varchar(255) NOT NULL,
  `category` char(1) NOT NULL
) ENGINE=InnoDB DEFAULT CHARSET=utf8mb4 COLLATE=utf8mb4_unicode_ci;

--
-- Dumping data for table `movement_types`
--

INSERT INTO `movement_types` (`id`, `name`, `category`) VALUES
(1, 'Inventario Inicial', 'e'),
(2, 'Compra', 'e'),
(3, 'Venta', 'i'),
(4, 'Donación', 'i'),
(5, 'Publicidad', 'i');

-- --------------------------------------------------------

--
-- Table structure for table `password_reset_tokens`
--

CREATE TABLE `password_reset_tokens` (
  `email` varchar(255) NOT NULL,
  `token` varchar(255) NOT NULL,
  `created_at` timestamp NULL DEFAULT NULL
) ENGINE=InnoDB DEFAULT CHARSET=utf8mb4 COLLATE=utf8mb4_unicode_ci;

-- --------------------------------------------------------

--
-- Table structure for table `permissions`
--

CREATE TABLE `permissions` (
  `id` bigint(20) UNSIGNED NOT NULL,
  `name` varchar(125) NOT NULL,
  `guard_name` varchar(125) NOT NULL,
  `created_at` timestamp NULL DEFAULT NULL,
  `updated_at` timestamp NULL DEFAULT NULL
) ENGINE=InnoDB DEFAULT CHARSET=utf8mb4 COLLATE=utf8mb4_unicode_ci;

--
-- Dumping data for table `permissions`
--

INSERT INTO `permissions` (`id`, `name`, `guard_name`, `created_at`, `updated_at`) VALUES
(1, 'products', 'web', '2024-04-16 19:41:56', '2024-04-16 19:41:56'),
(2, 'providers', 'web', '2024-04-16 19:41:56', '2024-04-16 19:41:56'),
(3, 'clients', 'web', '2024-04-16 19:41:56', '2024-04-16 19:41:56'),
(4, 'users', 'web', '2024-04-16 19:41:56', '2024-04-16 19:41:56'),
(5, 'roles', 'web', '2024-04-16 19:41:56', '2024-04-16 19:41:56'),
(6, 'create-purchases', 'web', '2024-04-16 19:41:56', '2024-04-16 19:41:56'),
(7, 'kardex', 'web', '2024-04-16 19:41:56', '2024-04-16 19:41:56'),
(8, 'purchases-report', 'web', '2024-04-16 19:41:56', '2024-04-16 19:41:56'),
(9, 'create-sales', 'web', '2024-04-16 19:41:56', '2024-04-16 19:41:56'),
(10, 'cash-closing', 'web', '2024-04-16 19:41:56', '2024-04-16 19:41:56'),
(11, 'see-all-incomes', 'web', '2024-04-16 19:41:56', '2024-04-16 19:41:56'),
(12, 'sales-report', 'web', '2024-04-16 19:41:56', '2024-04-16 19:41:56'),
(13, 'see-all-sales', 'web', '2024-04-16 19:41:56', '2024-04-16 19:41:56'),
(14, 'edit-all-sales', 'web', '2024-04-16 19:41:56', '2024-04-16 19:41:56'),
(15, 'inventory', 'web', '2024-04-16 19:41:56', '2024-04-16 19:41:56');

-- --------------------------------------------------------

--
-- Table structure for table `products`
--

CREATE TABLE `products` (
  `id` int(10) UNSIGNED NOT NULL,
  `name` varchar(255) NOT NULL,
  `started_inventory` tinyint(4) NOT NULL DEFAULT 0,
  `min_stock` smallint(5) UNSIGNED NOT NULL DEFAULT 1,
  `created_at` timestamp NULL DEFAULT NULL,
  `updated_at` timestamp NULL DEFAULT NULL,
  `presentation_id` mediumint(8) UNSIGNED DEFAULT NULL,
  `type_id` mediumint(8) UNSIGNED DEFAULT NULL
) ENGINE=InnoDB DEFAULT CHARSET=utf8mb4 COLLATE=utf8mb4_unicode_ci;

--
-- Dumping data for table `products`
--

INSERT INTO `products` (`id`, `name`, `started_inventory`, `min_stock`, `created_at`, `updated_at`, `presentation_id`, `type_id`) VALUES
(1, '100 FUEGOS', 1, 1, '2024-04-16 19:41:57', '2024-04-16 19:41:57', 3, 3),
(2, 'ABSOLUT', 1, 1, '2024-04-16 19:41:57', '2024-04-16 19:41:57', 3, 9),
(3, 'ABUELO AÑEJO', 1, 1, '2024-04-16 19:41:57', '2024-04-16 19:41:57', 3, 3),
(4, 'AGUA TONICA', 1, 1, '2024-04-16 19:41:57', '2024-04-16 19:41:57', 4, 11),
(5, 'ALTA GAMMA', 1, 1, '2024-04-16 19:41:57', '2024-04-16 19:41:57', 3, 2),
(6, 'ANTHONY FRAMBUESA LATA', 1, 1, '2024-04-16 19:41:57', '2024-04-16 19:41:57', 2, 2),
(7, 'ANTHONY MORA', 1, 1, '2024-04-16 19:41:57', '2024-04-16 19:41:57', 3, 2),
(8, 'ANTHONY MORA LATA', 1, 1, '2024-04-16 19:41:57', '2024-04-16 19:41:57', 2, 2),
(9, 'ANTHONY ROSE', 1, 1, '2024-04-16 19:41:57', '2024-04-16 19:41:57', 3, 2),
(10, 'ANTIOQUEÑO AZUL', 1, 1, '2024-04-16 19:41:57', '2024-04-16 19:41:57', 2, 4),
(11, 'ANTIOQUEÑO AZUL', 1, 1, '2024-04-16 19:41:57', '2024-04-16 19:41:57', 3, 4),
(12, 'ANTIOQUEÑO AZUL', 1, 1, '2024-04-16 19:41:57', '2024-04-16 19:41:57', 4, 4),
(13, 'ANTIOQUEÑO ROJO', 1, 1, '2024-04-16 19:41:57', '2024-04-16 19:41:57', 2, 4),
(14, 'ANTIOQUEÑO ROJO', 1, 1, '2024-04-16 19:41:57', '2024-04-16 19:41:57', 3, 4),
(15, 'ANTIOQUEÑO VERDE', 1, 1, '2024-04-16 19:41:57', '2024-04-16 19:41:57', 3, 4),
(16, 'ASTILLA DE ROBLE', 1, 1, '2024-04-16 19:41:57', '2024-04-16 19:41:57', 3, 1),
(17, 'AZTECA BLANCO', 1, 1, '2024-04-16 19:41:58', '2024-06-06 19:53:00', 3, 5),
(18, 'AZTECA ORO', 1, 1, '2024-04-16 19:41:58', '2024-04-16 19:41:58', 3, 5),
(19, 'BACARDI CARTA BLANCA', 1, 1, '2024-04-16 19:41:58', '2024-04-16 19:41:58', 3, 1),
(20, 'BACARDI CARTA ORO', 1, 1, '2024-04-16 19:41:58', '2024-04-16 19:41:58', 3, 1),
(21, 'BELLOW', 1, 1, '2024-04-16 19:41:58', '2024-04-16 19:41:58', 3, 1),
(22, 'BLACK AND WHITE', 1, 1, '2024-04-16 19:41:58', '2024-04-16 19:41:58', 3, 1),
(23, 'BLACK OWL', 1, 1, '2024-04-16 19:41:58', '2024-04-16 19:41:58', 3, 1),
(24, 'BLACK WILLIAMS', 1, 1, '2024-04-16 19:41:58', '2024-04-16 19:41:58', 3, 1),
(25, 'BLANCO TOCORNAL', 1, 1, '2024-04-16 19:41:58', '2024-04-16 19:41:58', 3, 2),
(26, 'BLUE NUN 22K GOLD', 1, 1, '2024-04-16 19:41:58', '2024-04-16 19:41:58', 3, 7),
(27, 'BLUE NUN 24K ROSE', 1, 1, '2024-04-16 19:41:58', '2024-04-16 19:41:58', 3, 7),
(28, 'BLUE NUN RIVANER', 1, 1, '2024-04-16 19:41:58', '2024-04-16 19:41:58', 3, 2),
(29, 'BOONES APPLE', 1, 1, '2024-04-16 19:41:58', '2024-04-16 19:41:58', 3, 2),
(30, 'BUCHANANS DELUXE', 1, 1, '2024-04-16 19:41:58', '2024-04-16 19:41:58', 3, 1),
(31, 'BUCHANANS MASTER', 1, 1, '2024-04-16 19:41:58', '2024-04-16 19:41:58', 3, 1),
(32, 'CABALLO VIEJO', 1, 1, '2024-04-16 19:41:58', '2024-04-16 19:41:58', 3, 3),
(33, 'CALVET BORDEAUX', 1, 1, '2024-04-16 19:41:58', '2024-04-16 19:41:58', 3, 2),
(34, 'CALVET BORDEAUX RESERVE', 1, 1, '2024-04-16 19:41:58', '2024-04-16 19:41:58', 3, 2),
(35, 'CALVET CABERNET SAUVIGNON', 1, 1, '2024-04-16 19:41:58', '2024-04-16 19:41:58', 3, 2),
(36, 'CALVET VARIETALS MERLOT', 1, 1, '2024-04-16 19:41:58', '2024-04-16 19:41:58', 3, 2),
(37, 'CAÑA MANABITA NEGRA', 1, 1, '2024-04-16 19:41:58', '2024-04-16 19:41:58', 2, 4),
(38, 'CAÑA MANABITA NEGRA', 1, 1, '2024-04-16 19:41:58', '2024-04-16 19:41:58', 3, 4),
(39, 'CAÑA MANABITA NEGRA ESPECIAL', 1, 1, '2024-04-16 19:41:58', '2024-04-16 19:41:58', 3, 4),
(40, 'CAÑA MANABITA ROJA', 1, 1, '2024-04-16 19:41:58', '2024-04-16 19:41:58', 2, 4),
(41, 'CAÑA MANABITA ROJA', 1, 1, '2024-04-16 19:41:58', '2024-04-16 19:41:58', 3, 4),
(42, 'CAÑA MANABITA ROJA ESPECIAL', 1, 1, '2024-04-16 19:41:58', '2024-04-16 19:41:58', 3, 4),
(43, 'CAÑA MANABITA VERDE', 1, 1, '2024-04-16 19:41:58', '2024-04-16 19:41:58', 3, 4),
(44, 'CAÑA ROSE', 1, 1, '2024-04-16 19:41:58', '2024-04-16 19:41:58', 6, 4),
(45, 'CAPRICCIO NOVECENTO (DORADO)', 1, 1, '2024-04-16 19:41:58', '2024-04-16 19:41:58', 3, 7),
(46, 'CARTAGO', 1, 1, '2024-04-16 19:41:59', '2024-04-16 19:41:59', 4, 1),
(47, 'CARTAVIO BLACK', 1, 1, '2024-04-16 19:41:59', '2024-04-16 19:41:59', 3, 3),
(48, 'CARTAVIO BLANCO', 1, 1, '2024-04-16 19:41:59', '2024-04-16 19:41:59', 4, 5),
(49, 'CARTAVIO BLANCO', 1, 1, '2024-04-16 19:41:59', '2024-04-16 19:41:59', 3, 3),
(50, 'CASILLERO DEL DIABLO', 1, 1, '2024-04-16 19:41:59', '2024-04-16 19:41:59', 3, 2),
(51, 'CASTILLO BLANCO', 1, 1, '2024-04-16 19:41:59', '2024-04-16 19:41:59', 3, 3),
(52, 'CATADOR', 1, 1, '2024-04-16 19:41:59', '2024-04-16 19:41:59', 3, 2),
(53, 'CHIARLI MIO BLANCO', 1, 1, '2024-04-16 19:41:59', '2024-04-16 19:41:59', 3, 7),
(54, 'CHIARLI MIO ROSADO', 1, 1, '2024-04-16 19:41:59', '2024-04-16 19:41:59', 3, 7),
(55, 'CHIARLIL MIO ROJO', 1, 1, '2024-04-16 19:41:59', '2024-04-16 19:41:59', 3, 7),
(56, 'CHIVAS REGAL ROJO', 1, 1, '2024-04-16 19:41:59', '2024-04-16 19:41:59', 3, 1),
(57, 'CLAN MACGREGOR', 1, 1, '2024-04-16 19:41:59', '2024-04-16 19:41:59', 3, 1),
(58, 'CREMA SABOR A WHISKY COLDS', 1, 1, '2024-04-16 19:41:59', '2024-04-16 19:41:59', 3, 6),
(59, 'CRISTAL', 1, 1, '2024-04-16 19:41:59', '2024-04-16 19:41:59', 2, 4),
(60, 'CRISTAL', 1, 1, '2024-04-16 19:41:59', '2024-04-16 19:41:59', 3, 4),
(61, 'CRISTAL SECO', 1, 1, '2024-04-16 19:41:59', '2024-04-16 19:41:59', 2, 4),
(62, 'CRISTAL SECO', 1, 1, '2024-04-16 19:41:59', '2024-04-16 19:41:59', 3, 4),
(63, 'CRUZARES', 1, 1, '2024-04-16 19:41:59', '2024-04-16 19:41:59', 3, 2),
(64, 'CUBANERO ORO', 1, 1, '2024-04-16 19:41:59', '2024-04-16 19:41:59', 3, 3),
(65, 'DIABLO', 1, 1, '2024-04-16 19:41:59', '2024-04-16 19:41:59', 3, 2),
(66, 'DIXONS AZUL', 1, 1, '2024-04-16 19:41:59', '2024-04-16 19:41:59', 3, 1),
(67, 'DIXONS VERDE', 1, 1, '2024-04-16 19:41:59', '2024-04-16 19:41:59', 3, 1),
(68, 'DON CASTELO', 1, 1, '2024-04-16 19:41:59', '2024-07-02 15:28:13', 4, 1),
(69, 'EL CHARRO AGUIJON', 1, 1, '2024-04-16 19:41:59', '2024-04-16 19:41:59', 3, 5),
(70, 'EL CHARRO MARGARITA FRESA', 1, 1, '2024-04-16 19:41:59', '2024-04-16 19:41:59', 3, 5),
(71, 'EL CHARRO MARGARITA LIMON', 1, 1, '2024-04-16 19:41:59', '2024-04-16 19:41:59', 3, 5),
(72, 'EL CHARRO ORO', 1, 1, '2024-04-16 19:41:59', '2024-04-16 19:41:59', 3, 5),
(73, 'EL CHARRO REPOSADO', 1, 1, '2024-04-16 19:41:59', '2024-04-16 19:42:00', 3, 5),
(74, 'EL CHARRO SILVER', 1, 1, '2024-04-16 19:42:00', '2024-04-16 19:42:00', 3, 5),
(75, 'ESTELAR', 1, 1, '2024-04-16 19:42:00', '2024-04-16 19:42:00', 3, 3),
(76, 'FIESTA BRAVA', 1, 1, '2024-04-16 19:42:00', '2024-04-16 19:42:00', 4, 8),
(77, 'FRAILE', 1, 1, '2024-04-16 19:42:00', '2024-06-06 19:42:51', 3, 2),
(78, 'FRONTERA', 1, 1, '2024-04-16 19:42:00', '2024-04-16 19:42:00', 3, 2),
(79, 'FRONTERA', 1, 1, '2024-04-16 19:42:00', '2024-04-16 19:42:00', 3, 4),
(80, 'GATO NEGRO', 1, 1, '2024-04-16 19:42:00', '2024-04-16 19:42:00', 3, 2),
(81, 'GENIO', 1, 1, '2024-04-16 19:42:00', '2024-06-06 22:53:21', 3, 1),
(82, 'GRAND DUVAL', 1, 1, '2024-04-16 19:42:00', '2024-04-16 19:42:00', 3, 7),
(83, 'GRAND OLD PAR', 1, 1, '2024-04-16 19:42:00', '2024-04-16 19:42:00', 3, 1),
(84, 'GRAND OLD PAR', 1, 1, '2024-04-16 19:42:00', '2024-04-16 19:42:00', 4, 1),
(85, 'GRAND VAN DUSH AZUL', 1, 1, '2024-04-16 19:42:00', '2024-04-16 19:42:00', 3, 7),
(86, 'GRAND VAN DUSH ROSADO', 1, 1, '2024-04-16 19:42:00', '2024-04-16 19:42:00', 3, 7),
(87, 'GRANTS AZUL', 1, 1, '2024-04-16 19:42:00', '2024-04-16 19:42:00', 3, 1),
(88, 'GRANTS ROJO', 1, 1, '2024-04-16 19:42:00', '2024-04-16 19:42:00', 3, 1),
(89, 'GRANTS VERDE', 1, 1, '2024-04-16 19:42:00', '2024-04-16 19:42:00', 3, 1),
(90, 'HIGHLAND LEGEND', 1, 1, '2024-04-16 19:42:00', '2024-04-16 19:42:00', 3, 1),
(91, 'JACK DANIELS HONEY', 1, 1, '2024-04-16 19:42:00', '2024-06-06 20:48:37', 3, 1),
(92, 'JAGERMEITER', 1, 1, '2024-04-16 19:42:00', '2024-04-16 19:42:00', 3, 1),
(93, 'JAMES KING', 1, 1, '2024-04-16 19:42:00', '2024-04-16 19:42:00', 7, 1),
(94, 'JOHN MORRIS BLACK', 1, 1, '2024-04-16 19:42:00', '2024-06-25 01:04:00', 4, 1),
(95, 'JOHN MORRIS BLACK', 1, 1, '2024-04-16 19:42:00', '2024-06-25 01:06:07', 3, 1),
(96, 'JOHN MORRIS BLUE', 1, 1, '2024-04-16 19:42:00', '2024-06-25 01:06:50', 3, 1),
(97, 'JOHN MORRIS BLUE', 1, 1, '2024-04-16 19:42:00', '2024-06-25 01:07:21', 4, 1),
(98, 'JHONNIE DORADO', 1, 1, '2024-04-16 19:42:00', '2024-04-16 19:42:00', 4, 1),
(99, 'JHONNIE DOUBLE BLACK', 1, 1, '2024-04-16 19:42:00', '2024-04-16 19:42:00', 3, 1),
(100, 'JHONNIE GREEN LABEL', 1, 1, '2024-04-16 19:42:00', '2024-04-16 19:42:00', 3, 1),
(101, 'JHONNIE NEGRO', 1, 1, '2024-04-16 19:42:01', '2024-04-16 19:42:01', 3, 1),
(103, 'JHONNIE ROJO', 1, 1, '2024-04-16 19:42:01', '2024-04-16 19:42:01', 3, 1),
(104, 'JHONNIE ROJO', 1, 1, '2024-04-16 19:42:01', '2024-04-16 19:42:01', 4, 1),
(105, 'JOHN BARR NEGRO', 1, 1, '2024-04-16 19:42:01', '2024-04-16 19:42:01', 3, 1),
(106, 'JOHN BARR ROJO', 1, 1, '2024-04-16 19:42:01', '2024-04-16 19:42:01', 3, 1),
(107, 'JOSE CUERVO BLANCO', 1, 1, '2024-04-16 19:42:01', '2024-04-16 19:42:01', 3, 5),
(108, 'JOSE CUERVO ORO', 1, 1, '2024-04-16 19:42:01', '2024-04-16 19:42:01', 3, 5),
(109, 'JP CHENET', 1, 1, '2024-04-16 19:42:01', '2024-04-16 19:42:01', 3, 2),
(110, 'KATRINA CANNABIS', 1, 1, '2024-04-16 19:42:01', '2024-06-06 18:32:37', 3, 5),
(111, 'KATRINA PINK', 1, 1, '2024-04-16 19:42:01', '2024-06-06 18:34:40', 3, 5),
(112, 'KLAUS LANGHOFF', 1, 1, '2024-04-16 19:42:01', '2024-04-16 19:42:01', 3, 2),
(113, 'LA CATEDRA', 1, 1, '2024-04-16 19:42:01', '2024-04-16 19:42:01', 3, 2),
(114, 'LA PARRA', 1, 1, '2024-04-16 19:42:01', '2024-04-16 19:42:01', 3, 2),
(115, 'LA VID BLEND', 1, 1, '2024-04-16 19:42:01', '2024-04-16 19:42:01', 3, 2),
(116, 'LABEL 5', 1, 1, '2024-04-16 19:42:01', '2024-04-16 19:42:01', 3, 1),
(117, 'LABEL 5', 1, 1, '2024-04-16 19:42:01', '2024-04-16 19:42:01', 4, 1),
(118, 'LAMBRUSCO ANTONIO MACCIERI', 1, 1, '2024-04-16 19:42:01', '2024-04-16 19:42:01', 3, 7),
(119, 'LAMBRUSCO ROJO CASSETA MARIA', 1, 1, '2024-04-16 19:42:01', '2024-04-16 19:42:01', 3, 7),
(120, 'LAMBRUSCO ROSATO ANTONIO MACCIERI', 1, 1, '2024-04-16 19:42:01', '2024-04-16 19:42:01', 3, 7),
(121, 'LAMBRUSCO ROSATO CASSETA MARIA', 1, 1, '2024-04-16 19:42:01', '2024-04-16 19:42:01', 3, 7),
(122, 'MIRAFLORES', 1, 1, '2024-04-16 19:42:01', '2024-06-06 19:28:25', 3, 2),
(123, 'MONTAÑITA', 1, 1, '2024-04-16 19:42:01', '2024-04-16 19:42:01', 3, 3),
(124, 'MR ALLEN', 1, 1, '2024-04-16 19:42:01', '2024-07-02 15:27:32', 4, 1),
(125, 'NORTEÑO ESPECIAL', 1, 1, '2024-04-16 19:42:01', '2024-04-16 19:42:01', 2, 4),
(126, 'NORTEÑO ESPECIAL', 1, 1, '2024-04-16 19:42:01', '2024-04-16 19:42:01', 3, 4),
(127, 'NOVECENTO NIGHT', 1, 1, '2024-04-16 19:42:01', '2024-04-16 19:42:01', 3, 2),
(128, 'OLD TIMES BLACK', 1, 1, '2024-04-16 19:42:01', '2024-04-16 19:42:01', 3, 1),
(129, 'OLD TIMES RED', 1, 1, '2024-04-16 19:42:01', '2024-04-16 19:42:01', 3, 1),
(130, 'OLD TIMES RED', 1, 1, '2024-04-16 19:42:01', '2024-04-16 19:42:01', 4, 1),
(131, 'PASSPORT SCOTCH', 1, 1, '2024-04-16 19:42:01', '2024-04-16 19:42:01', 3, 1),
(132, 'PIÑA COLADA COLDS', 1, 1, '2024-04-16 19:42:02', '2024-04-16 19:42:02', 3, 6),
(133, 'PIÑA COLADA ZHUMIR', 1, 1, '2024-04-16 19:42:02', '2024-04-16 19:42:02', 3, 6),
(134, 'RED WILLIAMS', 1, 1, '2024-04-16 19:42:02', '2024-04-16 19:42:02', 3, 1),
(135, 'RESERVADO AZUL (MALBEC)', 1, 1, '2024-04-16 19:42:02', '2024-04-16 19:42:02', 3, 2),
(136, 'RESERVADO MORADO (MERLOT)', 1, 1, '2024-04-16 19:42:02', '2024-04-16 19:42:02', 3, 2),
(137, 'RESERVADO ROJO (CABERNET SAUVIGNON)', 1, 1, '2024-04-16 19:42:02', '2024-04-16 19:42:02', 3, 2),
(138, 'ROMANOSKY AZUL', 1, 1, '2024-04-16 19:42:02', '2024-04-16 19:42:02', 3, 6),
(139, 'ROMANOSKY ROSA', 1, 1, '2024-04-16 19:42:02', '2024-04-16 19:42:02', 3, 6),
(140, 'ROYAL BLEND', 1, 1, '2024-04-16 19:42:02', '2024-04-16 19:42:02', 3, 1),
(141, 'RUSS KAYA AZUL', 1, 1, '2024-04-16 19:42:02', '2024-04-16 19:42:02', 3, 1),
(142, 'RUSS KAYA BLANCO', 1, 1, '2024-04-16 19:42:02', '2024-04-16 19:42:02', 3, 1),
(143, 'RUSS KAYA NARANJA', 1, 1, '2024-04-16 19:42:02', '2024-04-16 19:42:02', 3, 1),
(144, 'RUSS KAYA PINK', 1, 1, '2024-04-16 19:42:02', '2024-04-16 19:42:02', 3, 1),
(145, 'RUSS KAYA ROJO', 1, 1, '2024-04-16 19:42:02', '2024-04-16 19:42:02', 3, 1),
(146, 'RUSS KAYA TRICOLOR', 1, 1, '2024-04-16 19:42:02', '2024-04-16 19:42:02', 3, 1),
(147, 'RUSS KAYA VERDE', 1, 1, '2024-04-16 19:42:02', '2024-04-16 19:42:02', 3, 1),
(148, 'RUSSOCK AZUL', 1, 1, '2024-04-16 19:42:02', '2024-04-16 19:42:02', 4, 9),
(149, 'RUSSOCK BLANCO', 1, 1, '2024-04-16 19:42:02', '2024-04-16 19:42:02', 4, 9),
(150, 'RUSSOCK ROSA', 1, 1, '2024-04-16 19:42:02', '2024-04-16 19:42:02', 4, 9),
(151, 'SAN MIGUEL DAIQUIRI ROJO', 1, 1, '2024-04-16 19:42:02', '2024-04-16 19:42:02', 3, 6),
(152, 'SAN MIGUEL GOLD', 1, 1, '2024-04-16 19:42:02', '2024-04-16 19:42:02', 3, 3),
(153, 'SAN MIGUEL MOJITO VERDE', 1, 1, '2024-04-16 19:42:02', '2024-04-16 19:42:02', 3, 6),
(154, 'SAN MIGUEL PEACH NARANJA', 1, 1, '2024-04-16 19:42:02', '2024-04-16 19:42:02', 3, 6),
(155, 'SAN MIGUEL SILVER', 1, 1, '2024-04-16 19:42:02', '2024-04-16 19:42:02', 3, 3),
(156, 'SANDY MAC', 1, 1, '2024-04-16 19:42:02', '2024-04-16 19:42:02', 3, 1),
(157, 'SIBERIAN AZUL', 1, 1, '2024-04-16 19:42:02', '2024-06-06 19:20:03', 3, 9),
(158, 'SIBERIAN ROJO', 1, 1, '2024-04-16 19:42:02', '2024-04-16 19:42:02', 3, 9),
(159, 'SIBERIAN VERDE', 1, 1, '2024-04-16 19:42:02', '2024-04-16 19:42:02', 3, 9),
(160, 'SKYY', 1, 1, '2024-04-16 19:42:02', '2024-04-16 19:42:02', 2, 9),
(161, 'SMIRNOFF', 1, 1, '2024-04-16 19:42:02', '2024-04-16 19:42:02', 3, 2),
(164, 'SPECIAL QUEEN', 1, 1, '2024-04-16 19:42:03', '2024-07-02 15:26:55', 3, 1),
(165, 'JHONNY SWING', 1, 1, '2024-04-16 19:42:03', '2024-06-06 20:46:58', 3, 1),
(166, 'SWITCH', 1, 1, '2024-04-16 19:42:03', '2024-06-06 19:44:11', 4, 11),
(167, 'TAPA ROJA', 1, 1, '2024-04-16 19:42:03', '2024-04-16 19:42:03', 3, 4),
(168, 'TINTO TOCORNAL CARMENERE (NARANJA)', 1, 1, '2024-04-16 19:42:03', '2024-04-16 19:42:03', 3, 2),
(169, 'TOCORNAL CABERNET SAUVIGNON', 1, 1, '2024-04-16 19:42:03', '2024-04-16 19:42:03', 3, 2),
(170, 'TOCORNAL MERLOT', 1, 1, '2024-04-16 19:42:03', '2024-04-16 19:42:03', 3, 2),
(171, 'TOCORNAL MERLOT MORADO', 1, 1, '2024-04-16 19:42:03', '2024-04-16 19:42:03', 3, 2),
(172, 'TROPICO SECO', 1, 1, '2024-04-16 19:42:03', '2024-04-16 19:42:03', 2, 4),
(173, 'TROPICO SECO', 1, 1, '2024-04-16 19:42:03', '2024-04-16 19:42:03', 3, 4),
(174, 'UNDURRAGA', 1, 1, '2024-04-16 19:42:03', '2024-04-16 19:42:03', 3, 2),
(175, 'VAT 69', 1, 1, '2024-04-16 19:42:03', '2024-04-16 19:42:03', 3, 1),
(176, 'VENETTO 1500ML', 1, 1, '2024-04-16 19:42:03', '2024-04-16 19:42:03', 5, 6),
(177, 'VIEJO DE CALDAS', 1, 1, '2024-04-16 19:42:03', '2024-04-16 19:42:03', 3, 3),
(178, 'VIÑA DEL MAR', 1, 1, '2024-04-16 19:42:03', '2024-04-16 19:42:03', 3, 7),
(179, 'VIÑA MAIPO', 1, 1, '2024-04-16 19:42:03', '2024-04-16 19:42:03', 3, 2),
(180, 'WILLIAM LAWSONS', 1, 1, '2024-04-16 19:42:03', '2024-04-16 19:42:03', 3, 1),
(181, 'YACHTING AFRICAN CREAM', 1, 1, '2024-04-16 19:42:03', '2024-04-16 19:42:03', 7, 6),
(182, 'YACHTING PIÑA COLADA', 1, 1, '2024-04-16 19:42:03', '2024-04-16 19:42:03', 7, 6),
(183, 'ZANDER', 1, 1, '2024-04-16 19:42:03', '2024-04-16 19:42:03', 3, 1),
(184, 'ZHUMIR CRANBERRY', 1, 1, '2024-04-16 19:42:03', '2024-04-16 19:42:03', 3, 4),
(185, 'ZHUMIR DURAZNO', 1, 1, '2024-04-16 19:42:03', '2024-04-16 19:42:03', 3, 4),
(186, 'ZHUMIR PINK', 1, 1, '2024-04-16 19:42:03', '2024-04-16 19:42:03', 3, 4),
(187, 'ZHUMIR SECA SUAVE', 1, 1, '2024-04-16 19:42:03', '2024-04-16 19:42:03', 3, 4),
(188, 'JHONNIE NEGRO', 1, 1, '2024-04-26 21:19:39', '2024-04-26 21:20:20', 4, 1),
(189, 'SOMETHING SPECIAL', 1, 1, '2024-05-06 22:10:12', '2024-05-06 22:12:20', 3, 1),
(190, 'SOMETHING SPECIAL', 1, 1, '2024-05-06 22:15:54', '2024-05-06 22:16:35', 4, 1),
(191, 'JACK DANIEL\'S OLD N ° 7', 1, 3, '2024-06-01 05:36:05', '2024-06-01 05:38:13', 3, 1),
(192, 'ANTHONY FRAMBUESA', 1, 6, '2024-06-06 18:38:42', '2024-06-06 18:53:40', 3, 2),
(193, 'GENIO', 1, 12, '2024-06-06 22:55:45', '2024-06-06 23:12:21', 4, 1),
(194, 'GENIO', 1, 12, '2024-06-06 23:06:04', '2024-06-06 23:12:21', 2, 1),
(195, 'BLACK KING GREEN APPLE', 1, 3, '2024-06-06 23:07:20', '2024-06-06 23:14:02', 3, 1),
(197, 'GLENGOLD GREEN APPLE', 1, 1, '2024-07-02 14:33:23', '2024-07-02 14:39:48', 4, 1),
(198, 'GLENGOLD PINEAPPLE', 1, 1, '2024-07-02 14:34:35', '2024-07-02 14:39:48', 4, 1),
(199, 'RUSSOK SANDÍA', 1, 1, '2024-07-02 14:36:14', '2024-07-02 14:39:48', 3, 9),
(200, 'RUSSOK NARANJILLA', 1, 1, '2024-07-02 14:37:14', '2024-07-02 14:39:48', 3, 9),
(201, 'BLANCO LIEBFRAUMILCH PETER METER', 1, 1, '2024-07-02 15:45:30', '2024-07-02 15:47:26', 3, 2);

-- --------------------------------------------------------

--
-- Table structure for table `product_presentations`
--

CREATE TABLE `product_presentations` (
  `id` mediumint(8) UNSIGNED NOT NULL,
  `content` smallint(5) UNSIGNED NOT NULL
) ENGINE=InnoDB DEFAULT CHARSET=utf8mb4 COLLATE=utf8mb4_unicode_ci;

--
-- Dumping data for table `product_presentations`
--

INSERT INTO `product_presentations` (`id`, `content`) VALUES
(1, 200),
(2, 375),
(6, 600),
(7, 700),
(3, 750),
(4, 1000),
(5, 1500);

-- --------------------------------------------------------

--
-- Table structure for table `product_sale_prices`
--

CREATE TABLE `product_sale_prices` (
  `id` int(10) UNSIGNED NOT NULL,
  `price` decimal(10,6) NOT NULL,
  `units_number` smallint(5) UNSIGNED NOT NULL,
  `product_id` int(10) UNSIGNED NOT NULL
) ENGINE=InnoDB DEFAULT CHARSET=utf8mb4 COLLATE=utf8mb4_unicode_ci;

--
-- Dumping data for table `product_sale_prices`
--

INSERT INTO `product_sale_prices` (`id`, `price`, `units_number`, `product_id`) VALUES
(6, 2.000000, 1, 6),
(8, 2.000000, 1, 8),
(221, 2.000000, 6, 194),
(4, 2.500000, 1, 4),
(220, 2.500000, 1, 194),
(203, 2.750000, 6, 166),
(202, 3.000000, 1, 166),
(138, 3.500000, 1, 138),
(139, 3.500000, 1, 139),
(176, 3.500000, 1, 176),
(217, 3.500000, 6, 81),
(37, 3.750000, 1, 37),
(216, 3.750000, 1, 81),
(201, 3.880000, 6, 77),
(59, 4.000000, 1, 59),
(61, 4.000000, 1, 61),
(200, 4.000000, 1, 77),
(125, 4.000000, 1, 125),
(172, 4.000000, 1, 172),
(178, 4.000000, 1, 178),
(239, 4.000000, 2, 200),
(40, 4.250000, 1, 40),
(236, 4.250000, 1, 199),
(238, 4.250000, 1, 200),
(52, 4.500000, 1, 52),
(63, 4.500000, 1, 63),
(113, 4.500000, 1, 113),
(115, 4.500000, 1, 115),
(184, 4.500000, 1, 184),
(185, 4.500000, 1, 185),
(187, 4.500000, 1, 187),
(245, 4.500000, 2, 68),
(237, 4.500000, 2, 199),
(219, 4.500000, 6, 193),
(114, 4.750000, 1, 114),
(199, 4.750000, 6, 122),
(5, 5.000000, 1, 5),
(244, 5.000000, 1, 68),
(198, 5.000000, 1, 122),
(148, 5.000000, 1, 148),
(149, 5.000000, 1, 149),
(150, 5.000000, 1, 150),
(183, 5.000000, 1, 183),
(218, 5.000000, 1, 193),
(225, 5.000000, 6, 195),
(76, 5.500000, 1, 76),
(224, 5.500000, 1, 195),
(243, 5.500000, 2, 124),
(241, 5.500000, 2, 164),
(242, 5.750000, 1, 124),
(240, 5.750000, 1, 164),
(16, 6.000000, 1, 16),
(43, 6.000000, 1, 43),
(44, 6.000000, 1, 44),
(123, 6.000000, 1, 123),
(82, 6.500000, 1, 82),
(247, 6.500000, 2, 201),
(46, 6.600000, 1, 46),
(25, 7.000000, 1, 25),
(38, 7.000000, 1, 38),
(48, 7.000000, 1, 48),
(53, 7.000000, 1, 53),
(54, 7.000000, 1, 54),
(55, 7.000000, 1, 55),
(64, 7.000000, 1, 64),
(112, 7.000000, 1, 112),
(126, 7.000000, 1, 126),
(132, 7.000000, 1, 132),
(151, 7.000000, 1, 151),
(158, 7.000000, 1, 158),
(159, 7.000000, 1, 159),
(168, 7.000000, 1, 168),
(169, 7.000000, 1, 169),
(170, 7.000000, 1, 170),
(246, 7.000000, 1, 201),
(85, 7.250000, 1, 85),
(86, 7.250000, 1, 86),
(233, 7.250000, 2, 197),
(235, 7.250000, 2, 198),
(7, 7.500000, 1, 7),
(9, 7.500000, 1, 9),
(62, 7.500000, 1, 62),
(197, 7.500000, 1, 157),
(173, 7.500000, 1, 173),
(196, 7.500000, 1, 192),
(232, 7.500000, 1, 197),
(234, 7.500000, 1, 198),
(29, 8.000000, 1, 29),
(33, 8.000000, 1, 33),
(35, 8.000000, 1, 35),
(60, 8.000000, 1, 60),
(67, 8.000000, 1, 67),
(79, 8.000000, 1, 79),
(90, 8.000000, 1, 90),
(119, 8.000000, 1, 119),
(121, 8.000000, 1, 121),
(135, 8.000000, 1, 135),
(136, 8.000000, 1, 136),
(179, 8.000000, 1, 179),
(182, 8.000000, 1, 182),
(41, 8.250000, 1, 41),
(47, 8.500000, 1, 47),
(49, 8.500000, 1, 49),
(75, 8.500000, 1, 75),
(10, 9.000000, 1, 10),
(13, 9.000000, 1, 13),
(36, 9.000000, 1, 36),
(51, 9.000000, 1, 51),
(58, 9.000000, 1, 58),
(109, 9.000000, 1, 109),
(152, 9.000000, 1, 152),
(154, 9.000000, 1, 154),
(155, 9.000000, 1, 155),
(186, 9.000000, 1, 186),
(78, 9.500000, 1, 78),
(140, 9.500000, 1, 140),
(57, 10.000000, 1, 57),
(70, 10.000000, 1, 70),
(71, 10.000000, 1, 71),
(93, 10.000000, 1, 93),
(118, 10.000000, 1, 118),
(127, 10.000000, 1, 127),
(129, 10.000000, 1, 129),
(133, 10.000000, 1, 133),
(134, 10.000000, 1, 134),
(137, 10.000000, 1, 137),
(141, 10.000000, 1, 141),
(142, 10.000000, 1, 142),
(143, 10.000000, 1, 143),
(144, 10.000000, 1, 144),
(145, 10.000000, 1, 145),
(146, 10.000000, 1, 146),
(147, 10.000000, 1, 147),
(153, 10.000000, 1, 153),
(171, 10.000000, 1, 171),
(174, 10.000000, 1, 174),
(80, 10.500000, 1, 80),
(192, 10.500000, 1, 110),
(193, 10.500000, 1, 111),
(116, 11.000000, 1, 116),
(120, 11.500000, 1, 120),
(3, 12.000000, 1, 3),
(21, 12.000000, 1, 21),
(32, 12.000000, 1, 32),
(39, 12.000000, 1, 39),
(42, 12.000000, 1, 42),
(45, 12.000000, 1, 45),
(229, 12.000000, 1, 95),
(106, 12.000000, 1, 106),
(130, 12.000000, 1, 130),
(161, 12.000000, 1, 161),
(1, 13.000000, 1, 1),
(24, 13.000000, 1, 24),
(34, 13.000000, 1, 34),
(66, 13.000000, 1, 66),
(69, 13.000000, 1, 69),
(131, 13.500000, 1, 131),
(14, 14.000000, 1, 14),
(15, 14.000000, 1, 15),
(28, 14.000000, 1, 28),
(227, 14.000000, 1, 94),
(230, 14.000000, 1, 96),
(117, 14.000000, 1, 117),
(160, 14.000000, 1, 160),
(167, 14.000000, 1, 167),
(177, 14.000000, 1, 177),
(181, 14.000000, 1, 181),
(128, 14.500000, 1, 128),
(11, 15.000000, 1, 11),
(23, 15.000000, 1, 23),
(26, 15.000000, 1, 26),
(27, 15.000000, 1, 27),
(231, 15.000000, 1, 97),
(105, 15.000000, 1, 105),
(175, 15.000000, 1, 175),
(180, 15.000000, 1, 180),
(18, 15.500000, 1, 18),
(206, 15.750000, 6, 17),
(205, 16.000000, 1, 17),
(20, 17.000000, 1, 20),
(72, 17.000000, 1, 72),
(74, 17.000000, 1, 74),
(19, 17.500000, 1, 19),
(22, 17.500000, 1, 22),
(50, 18.000000, 1, 50),
(12, 18.500000, 1, 12),
(156, 19.000000, 1, 156),
(88, 19.500000, 1, 88),
(189, 21.500000, 1, 189),
(73, 24.000000, 1, 73),
(87, 24.000000, 1, 87),
(2, 25.000000, 1, 2),
(65, 26.000000, 1, 65),
(103, 26.000000, 1, 103),
(190, 27.000000, 1, 190),
(92, 30.000000, 1, 92),
(104, 32.000000, 1, 104),
(89, 38.500000, 1, 89),
(56, 49.000000, 1, 56),
(107, 50.000000, 1, 107),
(108, 50.000000, 1, 108),
(83, 51.000000, 1, 83),
(30, 56.000000, 1, 30),
(101, 60.000000, 1, 101),
(84, 62.000000, 1, 84),
(31, 65.000000, 1, 31),
(215, 65.000000, 1, 91),
(191, 65.000000, 1, 191),
(99, 69.000000, 1, 99),
(188, 75.000000, 1, 188),
(214, 83.000000, 1, 165),
(98, 95.000000, 1, 98),
(100, 107.000000, 1, 100);

-- --------------------------------------------------------

--
-- Table structure for table `product_types`
--

CREATE TABLE `product_types` (
  `id` mediumint(8) UNSIGNED NOT NULL,
  `name` varchar(50) NOT NULL
) ENGINE=InnoDB DEFAULT CHARSET=utf8mb4 COLLATE=utf8mb4_unicode_ci;

--
-- Dumping data for table `product_types`
--

INSERT INTO `product_types` (`id`, `name`) VALUES
(11, '(OTRO TIPO)'),
(4, 'AGUARDIENTE'),
(6, 'COCKTAIL'),
(7, 'ESPUMANTE'),
(10, 'LICOR'),
(3, 'RON'),
(8, 'SANGRIA'),
(5, 'TEQUILA'),
(2, 'VINO'),
(9, 'VODKA'),
(1, 'WHISKY');

-- --------------------------------------------------------

--
-- Table structure for table `product_warehouse`
--

CREATE TABLE `product_warehouse` (
  `id` bigint(20) UNSIGNED NOT NULL,
  `amount` bigint(20) UNSIGNED NOT NULL,
  `product_id` int(10) UNSIGNED NOT NULL,
  `warehouse_id` mediumint(8) UNSIGNED NOT NULL,
  `balance_id` bigint(20) UNSIGNED NOT NULL
) ENGINE=InnoDB DEFAULT CHARSET=utf8mb4 COLLATE=utf8mb4_unicode_ci;

--
-- Dumping data for table `product_warehouse`
--

INSERT INTO `product_warehouse` (`id`, `amount`, `product_id`, `warehouse_id`, `balance_id`) VALUES
(1, 100, 1, 1, 1),
(2, 100, 1, 2, 2),
(3, 100, 2, 1, 3),
(4, 100, 2, 2, 4),
(5, 98, 3, 1, 923),
(6, 99, 3, 2, 1025),
(7, 86, 4, 1, 1143),
(8, 12, 4, 2, 1107),
(9, 99, 5, 1, 1168),
(10, 100, 5, 2, 10),
(11, 82, 6, 1, 1102),
(12, 99, 6, 2, 1042),
(13, 57, 7, 1, 1122),
(14, 2, 7, 2, 1047),
(15, 45, 8, 1, 1140),
(16, 98, 8, 2, 1043),
(17, 100, 9, 1, 17),
(18, 84, 9, 2, 794),
(19, 100, 10, 1, 19),
(20, 100, 10, 2, 20),
(21, 100, 11, 1, 21),
(22, 100, 11, 2, 22),
(23, 81, 12, 1, 1149),
(24, 100, 12, 2, 24),
(25, 100, 13, 1, 25),
(26, 100, 13, 2, 26),
(27, 99, 14, 1, 846),
(28, 100, 14, 2, 28),
(29, 96, 15, 1, 900),
(30, 100, 15, 2, 30),
(31, 89, 16, 1, 1091),
(32, 99, 16, 2, 947),
(33, 82, 17, 1, 1134),
(34, 8, 17, 2, 1057),
(35, 100, 18, 1, 35),
(36, 98, 18, 2, 420),
(37, 99, 19, 1, 616),
(38, 99, 19, 2, 772),
(39, 100, 20, 1, 39),
(40, 100, 20, 2, 40),
(41, 100, 21, 1, 41),
(42, 100, 21, 2, 42),
(43, 100, 22, 1, 43),
(44, 100, 22, 2, 44),
(45, 100, 23, 1, 45),
(46, 99, 23, 2, 1072),
(47, 100, 24, 1, 47),
(48, 98, 24, 2, 559),
(49, 100, 25, 1, 49),
(50, 100, 25, 2, 50),
(51, 100, 26, 1, 51),
(52, 99, 26, 2, 655),
(53, 100, 27, 1, 53),
(54, 100, 27, 2, 54),
(55, 100, 28, 1, 55),
(56, 100, 28, 2, 56),
(57, 96, 29, 1, 1141),
(58, 100, 29, 2, 58),
(59, 99, 30, 1, 607),
(60, 100, 30, 2, 60),
(61, 96, 31, 1, 786),
(62, 97, 31, 2, 1147),
(63, 99, 32, 1, 770),
(64, 100, 32, 2, 64),
(65, 100, 33, 1, 65),
(66, 100, 33, 2, 66),
(67, 100, 34, 1, 67),
(68, 100, 34, 2, 68),
(69, 100, 35, 1, 69),
(70, 100, 35, 2, 70),
(71, 100, 36, 1, 71),
(72, 100, 36, 2, 72),
(73, 91, 37, 1, 1094),
(74, 100, 37, 2, 74),
(75, 85, 38, 1, 909),
(76, 96, 38, 2, 951),
(77, 100, 39, 1, 77),
(78, 100, 39, 2, 78),
(79, 100, 40, 1, 79),
(80, 100, 40, 2, 80),
(81, 100, 41, 1, 81),
(82, 100, 41, 2, 82),
(83, 100, 42, 1, 83),
(84, 100, 42, 2, 84),
(85, 100, 43, 1, 85),
(86, 100, 43, 2, 86),
(87, 100, 44, 1, 87),
(88, 100, 44, 2, 88),
(89, 100, 45, 1, 89),
(90, 100, 45, 2, 90),
(91, 98, 46, 1, 668),
(92, 95, 46, 2, 747),
(93, 100, 47, 1, 93),
(94, 100, 47, 2, 94),
(95, 100, 48, 1, 95),
(96, 100, 48, 2, 96),
(97, 100, 49, 1, 97),
(98, 100, 49, 2, 98),
(99, 100, 50, 1, 99),
(100, 100, 50, 2, 100),
(101, 100, 51, 1, 101),
(102, 100, 51, 2, 102),
(103, 100, 52, 1, 103),
(104, 100, 52, 2, 104),
(105, 100, 53, 1, 105),
(106, 100, 53, 2, 106),
(107, 100, 54, 1, 107),
(108, 100, 54, 2, 108),
(109, 100, 55, 1, 109),
(110, 100, 55, 2, 110),
(111, 100, 56, 1, 111),
(112, 99, 56, 2, 883),
(113, 100, 57, 1, 113),
(114, 99, 57, 2, 563),
(115, 98, 58, 1, 721),
(116, 100, 58, 2, 116),
(117, 100, 59, 1, 117),
(118, 100, 59, 2, 118),
(119, 92, 60, 1, 942),
(120, 99, 60, 2, 1020),
(121, 99, 61, 1, 787),
(122, 100, 61, 2, 122),
(123, 100, 62, 1, 123),
(124, 100, 62, 2, 124),
(125, 100, 63, 1, 125),
(126, 100, 63, 2, 126),
(127, 100, 64, 1, 127),
(128, 100, 64, 2, 128),
(129, 100, 65, 1, 129),
(130, 100, 65, 2, 130),
(131, 100, 66, 1, 131),
(132, 100, 66, 2, 132),
(133, 100, 67, 1, 133),
(134, 100, 67, 2, 134),
(135, 23, 68, 1, 1167),
(136, 12, 68, 2, 1162),
(137, 100, 69, 1, 137),
(138, 100, 69, 2, 138),
(139, 100, 70, 1, 139),
(140, 100, 70, 2, 140),
(141, 100, 71, 1, 141),
(142, 100, 71, 2, 142),
(143, 99, 72, 1, 898),
(144, 100, 72, 2, 144),
(145, 100, 73, 1, 145),
(146, 100, 73, 2, 146),
(147, 89, 74, 1, 1052),
(148, 12, 74, 2, 878),
(149, 94, 75, 1, 1088),
(150, 80, 75, 2, 1036),
(151, 100, 76, 1, 151),
(152, 100, 76, 2, 152),
(153, 4, 77, 1, 1130),
(154, 0, 77, 2, 1015),
(155, 100, 78, 1, 155),
(156, 98, 78, 2, 841),
(157, 100, 79, 1, 157),
(158, 100, 79, 2, 158),
(159, 100, 80, 1, 159),
(160, 100, 80, 2, 160),
(161, 66, 81, 1, 830),
(162, 90, 81, 2, 885),
(163, 100, 82, 1, 163),
(164, 100, 82, 2, 164),
(165, 96, 83, 1, 1166),
(166, 100, 83, 2, 166),
(167, 100, 84, 1, 167),
(168, 100, 84, 2, 168),
(169, 100, 85, 1, 169),
(170, 98, 85, 2, 952),
(171, 100, 86, 1, 171),
(172, 7, 86, 2, 871),
(173, 100, 87, 1, 173),
(174, 100, 87, 2, 174),
(175, 100, 88, 1, 175),
(176, 10, 88, 2, 877),
(177, 99, 89, 1, 549),
(178, 100, 89, 2, 178),
(179, 100, 90, 1, 179),
(180, 100, 90, 2, 180),
(181, 98, 91, 1, 705),
(182, 100, 91, 2, 182),
(183, 100, 92, 1, 183),
(184, 100, 92, 2, 184),
(185, 100, 93, 1, 185),
(186, 100, 93, 2, 186),
(187, 93, 94, 1, 925),
(188, 93, 94, 2, 1095),
(189, 100, 95, 1, 189),
(190, 98, 95, 2, 1003),
(191, 100, 96, 1, 191),
(192, 100, 96, 2, 192),
(193, 100, 97, 1, 193),
(194, 100, 97, 2, 194),
(195, 97, 98, 1, 960),
(196, 100, 98, 2, 196),
(197, 100, 99, 1, 197),
(198, 100, 99, 2, 198),
(199, 100, 100, 1, 199),
(200, 100, 100, 2, 200),
(201, 97, 101, 1, 920),
(202, 100, 101, 2, 202),
(205, 89, 103, 1, 1137),
(206, 87, 103, 2, 1077),
(207, 89, 104, 1, 1069),
(208, 88, 104, 2, 1017),
(209, 100, 105, 1, 209),
(210, 100, 105, 2, 210),
(211, 100, 106, 1, 211),
(212, 100, 106, 2, 212),
(213, 100, 107, 1, 213),
(214, 100, 107, 2, 214),
(215, 100, 108, 1, 215),
(216, 100, 108, 2, 216),
(217, 99, 109, 1, 901),
(218, 100, 109, 2, 218),
(219, 91, 110, 1, 1105),
(220, 80, 110, 2, 1111),
(221, 99, 111, 1, 824),
(222, 99, 111, 2, 811),
(223, 76, 112, 1, 1101),
(224, 62, 112, 2, 418),
(225, 100, 113, 1, 225),
(226, 100, 113, 2, 226),
(227, 100, 114, 1, 227),
(228, 100, 114, 2, 228),
(229, 100, 115, 1, 229),
(230, 100, 115, 2, 230),
(231, 100, 116, 1, 231),
(232, 100, 116, 2, 232),
(233, 100, 117, 1, 233),
(234, 100, 117, 2, 234),
(235, 99, 118, 1, 720),
(236, 100, 118, 2, 236),
(237, 100, 119, 1, 237),
(238, 100, 119, 2, 238),
(239, 79, 120, 1, 1146),
(240, 99, 120, 2, 979),
(241, 100, 121, 1, 241),
(242, 100, 121, 2, 242),
(243, 86, 122, 1, 965),
(244, 92, 122, 2, 1019),
(245, 100, 123, 1, 245),
(246, 100, 123, 2, 246),
(247, 19, 124, 1, 1165),
(248, 12, 124, 2, 1160),
(249, 100, 125, 1, 249),
(250, 100, 125, 2, 250),
(251, 93, 126, 1, 992),
(252, 100, 126, 2, 252),
(253, 100, 127, 1, 253),
(254, 100, 127, 2, 254),
(255, 99, 128, 1, 1084),
(256, 99, 128, 2, 636),
(257, 98, 129, 1, 1135),
(258, 97, 129, 2, 999),
(259, 100, 130, 1, 259),
(260, 97, 130, 2, 1098),
(261, 100, 131, 1, 261),
(262, 99, 131, 2, 475),
(263, 100, 132, 1, 263),
(264, 100, 132, 2, 264),
(265, 99, 133, 1, 666),
(266, 100, 133, 2, 266),
(267, 97, 134, 1, 759),
(268, 95, 134, 2, 810),
(269, 100, 135, 1, 269),
(270, 100, 135, 2, 270),
(271, 98, 136, 1, 493),
(272, 100, 136, 2, 272),
(273, 95, 137, 1, 1061),
(274, 100, 137, 2, 274),
(275, 99, 138, 1, 798),
(276, 85, 138, 2, 967),
(277, 98, 139, 1, 937),
(278, 100, 139, 2, 278),
(279, 100, 140, 1, 279),
(280, 100, 140, 2, 280),
(281, 100, 141, 1, 281),
(282, 100, 141, 2, 282),
(283, 100, 142, 1, 283),
(284, 100, 142, 2, 284),
(285, 100, 143, 1, 285),
(286, 100, 143, 2, 286),
(287, 100, 144, 1, 287),
(288, 100, 144, 2, 288),
(289, 100, 145, 1, 289),
(290, 100, 145, 2, 290),
(291, 100, 146, 1, 291),
(292, 100, 146, 2, 292),
(293, 100, 147, 1, 293),
(294, 100, 147, 2, 294),
(295, 100, 148, 1, 295),
(296, 12, 148, 2, 1022),
(297, 100, 149, 1, 297),
(298, 100, 149, 2, 298),
(299, 100, 150, 1, 299),
(300, 99, 150, 2, 408),
(301, 100, 151, 1, 301),
(302, 100, 151, 2, 302),
(303, 98, 152, 1, 1139),
(304, 2, 152, 2, 1070),
(305, 100, 153, 1, 305),
(306, 100, 153, 2, 306),
(307, 100, 154, 1, 307),
(308, 100, 154, 2, 308),
(309, 100, 155, 1, 309),
(310, 2, 155, 2, 880),
(311, 100, 156, 1, 311),
(312, 100, 156, 2, 312),
(313, 93, 157, 1, 1099),
(314, 95, 157, 2, 1038),
(315, 99, 158, 1, 844),
(316, 100, 158, 2, 316),
(317, 85, 159, 1, 1142),
(318, 82, 159, 2, 1106),
(319, 100, 160, 1, 319),
(320, 100, 160, 2, 320),
(321, 100, 161, 1, 321),
(322, 100, 161, 2, 322),
(327, 58, 164, 1, 1093),
(328, 12, 164, 2, 1161),
(329, 100, 165, 1, 329),
(330, 100, 165, 2, 330),
(331, 35, 166, 1, 1086),
(332, 24, 166, 2, 1096),
(333, 100, 167, 1, 333),
(334, 100, 167, 2, 334),
(335, 100, 168, 1, 335),
(336, 100, 168, 2, 336),
(337, 100, 169, 1, 337),
(338, 100, 169, 2, 338),
(339, 100, 170, 1, 339),
(340, 100, 170, 2, 340),
(341, 100, 171, 1, 341),
(342, 100, 171, 2, 342),
(343, 100, 172, 1, 343),
(344, 100, 172, 2, 344),
(345, 100, 173, 1, 345),
(346, 100, 173, 2, 346),
(347, 100, 174, 1, 347),
(348, 100, 174, 2, 348),
(349, 100, 175, 1, 349),
(350, 99, 175, 2, 1097),
(351, 100, 176, 1, 351),
(352, 100, 176, 2, 352),
(353, 100, 177, 1, 353),
(354, 3, 177, 2, 868),
(355, 100, 178, 1, 355),
(356, 100, 178, 2, 356),
(357, 100, 179, 1, 357),
(358, 100, 179, 2, 358),
(359, 99, 180, 1, 686),
(360, 98, 180, 2, 569),
(361, 100, 181, 1, 361),
(362, 100, 181, 2, 362),
(363, 100, 182, 1, 363),
(364, 100, 182, 2, 364),
(365, 94, 183, 1, 585),
(366, 92, 183, 2, 966),
(367, 100, 184, 1, 367),
(368, 100, 184, 2, 368),
(369, 96, 185, 1, 1136),
(370, 100, 185, 2, 370),
(371, 100, 186, 1, 371),
(372, 100, 186, 2, 372),
(373, 100, 187, 1, 373),
(374, 100, 187, 2, 374),
(375, 99, 188, 1, 912),
(376, 100, 188, 2, 388),
(377, 136, 189, 1, 989),
(378, 0, 189, 2, 1012),
(379, 173, 190, 1, 1144),
(380, 9, 190, 2, 1009),
(381, 2, 191, 1, 735),
(382, 1, 191, 2, 736),
(383, 7, 192, 1, 1132),
(384, 8, 192, 2, 1169),
(385, 8, 193, 2, 1148),
(386, 11, 194, 2, 1041),
(387, 3, 195, 2, 828),
(388, 86, 193, 1, 1089),
(389, 23, 194, 1, 831),
(390, 10, 195, 1, 832),
(392, 2, 197, 1, 1150),
(393, 2, 198, 1, 1151),
(394, 2, 200, 1, 1152),
(395, 2, 199, 1, 1153),
(396, 1, 197, 2, 1154),
(397, 1, 198, 2, 1155),
(398, 1, 200, 2, 1156),
(399, 1, 199, 2, 1157),
(400, 9, 201, 1, 1158),
(401, 3, 201, 2, 1159);

-- --------------------------------------------------------

--
-- Table structure for table `providers`
--

CREATE TABLE `providers` (
  `id` int(10) UNSIGNED NOT NULL,
  `name` varchar(255) NOT NULL,
  `phone` varchar(20) DEFAULT NULL,
  `email` varchar(400) DEFAULT NULL,
  `ruc` varchar(20) DEFAULT NULL,
  `address` varchar(255) DEFAULT NULL,
  `social_reason` varchar(255) DEFAULT NULL,
  `created_at` timestamp NULL DEFAULT NULL,
  `updated_at` timestamp NULL DEFAULT NULL
) ENGINE=InnoDB DEFAULT CHARSET=utf8mb4 COLLATE=utf8mb4_unicode_ci;

-- --------------------------------------------------------

--
-- Table structure for table `purchase_invoices`
--

CREATE TABLE `purchase_invoices` (
  `id` int(10) UNSIGNED NOT NULL,
  `number` varchar(17) DEFAULT NULL,
  `comment` varchar(1000) DEFAULT NULL,
  `due_payment_date` date DEFAULT NULL,
  `paid` tinyint(4) NOT NULL DEFAULT 1,
  `paid_date` date DEFAULT NULL,
  `created_at` timestamp NULL DEFAULT NULL,
  `updated_at` timestamp NULL DEFAULT NULL,
  `user_id` bigint(20) UNSIGNED DEFAULT NULL,
  `warehouse_id` mediumint(8) UNSIGNED NOT NULL,
  `provider_id` int(10) UNSIGNED DEFAULT NULL
) ENGINE=InnoDB DEFAULT CHARSET=utf8mb4 COLLATE=utf8mb4_unicode_ci;

--
-- Dumping data for table `purchase_invoices`
--

INSERT INTO `purchase_invoices` (`id`, `number`, `comment`, `due_payment_date`, `paid`, `paid_date`, `created_at`, `updated_at`, `user_id`, `warehouse_id`, `provider_id`) VALUES
(1, NULL, NULL, NULL, 1, NULL, '2024-04-16 19:41:57', '2024-04-16 19:41:57', 1, 1, NULL),
(2, NULL, NULL, NULL, 1, NULL, '2024-04-16 19:41:57', '2024-04-16 19:41:57', 1, 2, NULL),
(3, NULL, NULL, NULL, 1, NULL, '2024-04-16 19:41:57', '2024-04-16 19:41:57', 1, 1, NULL),
(4, NULL, NULL, NULL, 1, NULL, '2024-04-16 19:41:57', '2024-04-16 19:41:57', 1, 2, NULL),
(5, NULL, NULL, NULL, 1, NULL, '2024-04-16 19:41:57', '2024-04-16 19:41:57', 1, 1, NULL),
(6, NULL, NULL, NULL, 1, NULL, '2024-04-16 19:41:57', '2024-04-16 19:41:57', 1, 2, NULL),
(7, NULL, NULL, NULL, 1, NULL, '2024-04-16 19:41:57', '2024-04-16 19:41:57', 1, 1, NULL),
(8, NULL, NULL, NULL, 1, NULL, '2024-04-16 19:41:57', '2024-04-16 19:41:57', 1, 2, NULL),
(9, NULL, NULL, NULL, 1, NULL, '2024-04-16 19:41:57', '2024-04-16 19:41:57', 1, 1, NULL),
(10, NULL, NULL, NULL, 1, NULL, '2024-04-16 19:41:57', '2024-04-16 19:41:57', 1, 2, NULL),
(11, NULL, NULL, NULL, 1, NULL, '2024-04-16 19:41:57', '2024-04-16 19:41:57', 1, 1, NULL),
(12, NULL, NULL, NULL, 1, NULL, '2024-04-16 19:41:57', '2024-04-16 19:41:57', 1, 2, NULL),
(13, NULL, NULL, NULL, 1, NULL, '2024-04-16 19:41:57', '2024-04-16 19:41:57', 1, 1, NULL),
(14, NULL, NULL, NULL, 1, NULL, '2024-04-16 19:41:57', '2024-04-16 19:41:57', 1, 2, NULL),
(15, NULL, NULL, NULL, 1, NULL, '2024-04-16 19:41:57', '2024-04-16 19:41:57', 1, 1, NULL),
(16, NULL, NULL, NULL, 1, NULL, '2024-04-16 19:41:57', '2024-04-16 19:41:57', 1, 2, NULL),
(17, NULL, NULL, NULL, 1, NULL, '2024-04-16 19:41:57', '2024-04-16 19:41:57', 1, 1, NULL),
(18, NULL, NULL, NULL, 1, NULL, '2024-04-16 19:41:57', '2024-04-16 19:41:57', 1, 2, NULL),
(19, NULL, NULL, NULL, 1, NULL, '2024-04-16 19:41:57', '2024-04-16 19:41:57', 1, 1, NULL),
(20, NULL, NULL, NULL, 1, NULL, '2024-04-16 19:41:57', '2024-04-16 19:41:57', 1, 2, NULL),
(21, NULL, NULL, NULL, 1, NULL, '2024-04-16 19:41:57', '2024-04-16 19:41:57', 1, 1, NULL),
(22, NULL, NULL, NULL, 1, NULL, '2024-04-16 19:41:57', '2024-04-16 19:41:57', 1, 2, NULL),
(23, NULL, NULL, NULL, 1, NULL, '2024-04-16 19:41:57', '2024-04-16 19:41:57', 1, 1, NULL),
(24, NULL, NULL, NULL, 1, NULL, '2024-04-16 19:41:57', '2024-04-16 19:41:57', 1, 2, NULL),
(25, NULL, NULL, NULL, 1, NULL, '2024-04-16 19:41:57', '2024-04-16 19:41:57', 1, 1, NULL),
(26, NULL, NULL, NULL, 1, NULL, '2024-04-16 19:41:57', '2024-04-16 19:41:57', 1, 2, NULL),
(27, NULL, NULL, NULL, 1, NULL, '2024-04-16 19:41:57', '2024-04-16 19:41:57', 1, 1, NULL),
(28, NULL, NULL, NULL, 1, NULL, '2024-04-16 19:41:57', '2024-04-16 19:41:57', 1, 2, NULL),
(29, NULL, NULL, NULL, 1, NULL, '2024-04-16 19:41:57', '2024-04-16 19:41:57', 1, 1, NULL),
(30, NULL, NULL, NULL, 1, NULL, '2024-04-16 19:41:57', '2024-04-16 19:41:57', 1, 2, NULL),
(31, NULL, NULL, NULL, 1, NULL, '2024-04-16 19:41:57', '2024-04-16 19:41:57', 1, 1, NULL),
(32, NULL, NULL, NULL, 1, NULL, '2024-04-16 19:41:57', '2024-04-16 19:41:57', 1, 2, NULL),
(33, NULL, NULL, NULL, 1, NULL, '2024-04-16 19:41:58', '2024-04-16 19:41:58', 1, 1, NULL),
(34, NULL, NULL, NULL, 1, NULL, '2024-04-16 19:41:58', '2024-04-16 19:41:58', 1, 2, NULL),
(35, NULL, NULL, NULL, 1, NULL, '2024-04-16 19:41:58', '2024-04-16 19:41:58', 1, 1, NULL),
(36, NULL, NULL, NULL, 1, NULL, '2024-04-16 19:41:58', '2024-04-16 19:41:58', 1, 2, NULL),
(37, NULL, NULL, NULL, 1, NULL, '2024-04-16 19:41:58', '2024-04-16 19:41:58', 1, 1, NULL),
(38, NULL, NULL, NULL, 1, NULL, '2024-04-16 19:41:58', '2024-04-16 19:41:58', 1, 2, NULL),
(39, NULL, NULL, NULL, 1, NULL, '2024-04-16 19:41:58', '2024-04-16 19:41:58', 1, 1, NULL),
(40, NULL, NULL, NULL, 1, NULL, '2024-04-16 19:41:58', '2024-04-16 19:41:58', 1, 2, NULL),
(41, NULL, NULL, NULL, 1, NULL, '2024-04-16 19:41:58', '2024-04-16 19:41:58', 1, 1, NULL),
(42, NULL, NULL, NULL, 1, NULL, '2024-04-16 19:41:58', '2024-04-16 19:41:58', 1, 2, NULL),
(43, NULL, NULL, NULL, 1, NULL, '2024-04-16 19:41:58', '2024-04-16 19:41:58', 1, 1, NULL),
(44, NULL, NULL, NULL, 1, NULL, '2024-04-16 19:41:58', '2024-04-16 19:41:58', 1, 2, NULL),
(45, NULL, NULL, NULL, 1, NULL, '2024-04-16 19:41:58', '2024-04-16 19:41:58', 1, 1, NULL),
(46, NULL, NULL, NULL, 1, NULL, '2024-04-16 19:41:58', '2024-04-16 19:41:58', 1, 2, NULL),
(47, NULL, NULL, NULL, 1, NULL, '2024-04-16 19:41:58', '2024-04-16 19:41:58', 1, 1, NULL),
(48, NULL, NULL, NULL, 1, NULL, '2024-04-16 19:41:58', '2024-04-16 19:41:58', 1, 2, NULL),
(49, NULL, NULL, NULL, 1, NULL, '2024-04-16 19:41:58', '2024-04-16 19:41:58', 1, 1, NULL),
(50, NULL, NULL, NULL, 1, NULL, '2024-04-16 19:41:58', '2024-04-16 19:41:58', 1, 2, NULL),
(51, NULL, NULL, NULL, 1, NULL, '2024-04-16 19:41:58', '2024-04-16 19:41:58', 1, 1, NULL),
(52, NULL, NULL, NULL, 1, NULL, '2024-04-16 19:41:58', '2024-04-16 19:41:58', 1, 2, NULL),
(53, NULL, NULL, NULL, 1, NULL, '2024-04-16 19:41:58', '2024-04-16 19:41:58', 1, 1, NULL),
(54, NULL, NULL, NULL, 1, NULL, '2024-04-16 19:41:58', '2024-04-16 19:41:58', 1, 2, NULL),
(55, NULL, NULL, NULL, 1, NULL, '2024-04-16 19:41:58', '2024-04-16 19:41:58', 1, 1, NULL),
(56, NULL, NULL, NULL, 1, NULL, '2024-04-16 19:41:58', '2024-04-16 19:41:58', 1, 2, NULL),
(57, NULL, NULL, NULL, 1, NULL, '2024-04-16 19:41:58', '2024-04-16 19:41:58', 1, 1, NULL),
(58, NULL, NULL, NULL, 1, NULL, '2024-04-16 19:41:58', '2024-04-16 19:41:58', 1, 2, NULL),
(59, NULL, NULL, NULL, 1, NULL, '2024-04-16 19:41:58', '2024-04-16 19:41:58', 1, 1, NULL),
(60, NULL, NULL, NULL, 1, NULL, '2024-04-16 19:41:58', '2024-04-16 19:41:58', 1, 2, NULL),
(61, NULL, NULL, NULL, 1, NULL, '2024-04-16 19:41:58', '2024-04-16 19:41:58', 1, 1, NULL),
(62, NULL, NULL, NULL, 1, NULL, '2024-04-16 19:41:58', '2024-04-16 19:41:58', 1, 2, NULL),
(63, NULL, NULL, NULL, 1, NULL, '2024-04-16 19:41:58', '2024-04-16 19:41:58', 1, 1, NULL),
(64, NULL, NULL, NULL, 1, NULL, '2024-04-16 19:41:58', '2024-04-16 19:41:58', 1, 2, NULL),
(65, NULL, NULL, NULL, 1, NULL, '2024-04-16 19:41:58', '2024-04-16 19:41:58', 1, 1, NULL),
(66, NULL, NULL, NULL, 1, NULL, '2024-04-16 19:41:58', '2024-04-16 19:41:58', 1, 2, NULL),
(67, NULL, NULL, NULL, 1, NULL, '2024-04-16 19:41:58', '2024-04-16 19:41:58', 1, 1, NULL),
(68, NULL, NULL, NULL, 1, NULL, '2024-04-16 19:41:58', '2024-04-16 19:41:58', 1, 2, NULL),
(69, NULL, NULL, NULL, 1, NULL, '2024-04-16 19:41:58', '2024-04-16 19:41:58', 1, 1, NULL),
(70, NULL, NULL, NULL, 1, NULL, '2024-04-16 19:41:58', '2024-04-16 19:41:58', 1, 2, NULL),
(71, NULL, NULL, NULL, 1, NULL, '2024-04-16 19:41:58', '2024-04-16 19:41:58', 1, 1, NULL),
(72, NULL, NULL, NULL, 1, NULL, '2024-04-16 19:41:58', '2024-04-16 19:41:58', 1, 2, NULL),
(73, NULL, NULL, NULL, 1, NULL, '2024-04-16 19:41:58', '2024-04-16 19:41:58', 1, 1, NULL),
(74, NULL, NULL, NULL, 1, NULL, '2024-04-16 19:41:58', '2024-04-16 19:41:58', 1, 2, NULL),
(75, NULL, NULL, NULL, 1, NULL, '2024-04-16 19:41:58', '2024-04-16 19:41:58', 1, 1, NULL),
(76, NULL, NULL, NULL, 1, NULL, '2024-04-16 19:41:58', '2024-04-16 19:41:58', 1, 2, NULL),
(77, NULL, NULL, NULL, 1, NULL, '2024-04-16 19:41:58', '2024-04-16 19:41:58', 1, 1, NULL),
(78, NULL, NULL, NULL, 1, NULL, '2024-04-16 19:41:58', '2024-04-16 19:41:58', 1, 2, NULL),
(79, NULL, NULL, NULL, 1, NULL, '2024-04-16 19:41:58', '2024-04-16 19:41:58', 1, 1, NULL),
(80, NULL, NULL, NULL, 1, NULL, '2024-04-16 19:41:58', '2024-04-16 19:41:58', 1, 2, NULL),
(81, NULL, NULL, NULL, 1, NULL, '2024-04-16 19:41:58', '2024-04-16 19:41:58', 1, 1, NULL),
(82, NULL, NULL, NULL, 1, NULL, '2024-04-16 19:41:58', '2024-04-16 19:41:58', 1, 2, NULL),
(83, NULL, NULL, NULL, 1, NULL, '2024-04-16 19:41:58', '2024-04-16 19:41:58', 1, 1, NULL),
(84, NULL, NULL, NULL, 1, NULL, '2024-04-16 19:41:58', '2024-04-16 19:41:58', 1, 2, NULL),
(85, NULL, NULL, NULL, 1, NULL, '2024-04-16 19:41:58', '2024-04-16 19:41:58', 1, 1, NULL),
(86, NULL, NULL, NULL, 1, NULL, '2024-04-16 19:41:58', '2024-04-16 19:41:58', 1, 2, NULL),
(87, NULL, NULL, NULL, 1, NULL, '2024-04-16 19:41:58', '2024-04-16 19:41:58', 1, 1, NULL),
(88, NULL, NULL, NULL, 1, NULL, '2024-04-16 19:41:58', '2024-04-16 19:41:58', 1, 2, NULL),
(89, NULL, NULL, NULL, 1, NULL, '2024-04-16 19:41:58', '2024-04-16 19:41:58', 1, 1, NULL),
(90, NULL, NULL, NULL, 1, NULL, '2024-04-16 19:41:58', '2024-04-16 19:41:58', 1, 2, NULL),
(91, NULL, NULL, NULL, 1, NULL, '2024-04-16 19:41:59', '2024-04-16 19:41:59', 1, 1, NULL),
(92, NULL, NULL, NULL, 1, NULL, '2024-04-16 19:41:59', '2024-04-16 19:41:59', 1, 2, NULL),
(93, NULL, NULL, NULL, 1, NULL, '2024-04-16 19:41:59', '2024-04-16 19:41:59', 1, 1, NULL),
(94, NULL, NULL, NULL, 1, NULL, '2024-04-16 19:41:59', '2024-04-16 19:41:59', 1, 2, NULL),
(95, NULL, NULL, NULL, 1, NULL, '2024-04-16 19:41:59', '2024-04-16 19:41:59', 1, 1, NULL),
(96, NULL, NULL, NULL, 1, NULL, '2024-04-16 19:41:59', '2024-04-16 19:41:59', 1, 2, NULL),
(97, NULL, NULL, NULL, 1, NULL, '2024-04-16 19:41:59', '2024-04-16 19:41:59', 1, 1, NULL),
(98, NULL, NULL, NULL, 1, NULL, '2024-04-16 19:41:59', '2024-04-16 19:41:59', 1, 2, NULL),
(99, NULL, NULL, NULL, 1, NULL, '2024-04-16 19:41:59', '2024-04-16 19:41:59', 1, 1, NULL),
(100, NULL, NULL, NULL, 1, NULL, '2024-04-16 19:41:59', '2024-04-16 19:41:59', 1, 2, NULL),
(101, NULL, NULL, NULL, 1, NULL, '2024-04-16 19:41:59', '2024-04-16 19:41:59', 1, 1, NULL),
(102, NULL, NULL, NULL, 1, NULL, '2024-04-16 19:41:59', '2024-04-16 19:41:59', 1, 2, NULL),
(103, NULL, NULL, NULL, 1, NULL, '2024-04-16 19:41:59', '2024-04-16 19:41:59', 1, 1, NULL),
(104, NULL, NULL, NULL, 1, NULL, '2024-04-16 19:41:59', '2024-04-16 19:41:59', 1, 2, NULL),
(105, NULL, NULL, NULL, 1, NULL, '2024-04-16 19:41:59', '2024-04-16 19:41:59', 1, 1, NULL),
(106, NULL, NULL, NULL, 1, NULL, '2024-04-16 19:41:59', '2024-04-16 19:41:59', 1, 2, NULL),
(107, NULL, NULL, NULL, 1, NULL, '2024-04-16 19:41:59', '2024-04-16 19:41:59', 1, 1, NULL),
(108, NULL, NULL, NULL, 1, NULL, '2024-04-16 19:41:59', '2024-04-16 19:41:59', 1, 2, NULL),
(109, NULL, NULL, NULL, 1, NULL, '2024-04-16 19:41:59', '2024-04-16 19:41:59', 1, 1, NULL),
(110, NULL, NULL, NULL, 1, NULL, '2024-04-16 19:41:59', '2024-04-16 19:41:59', 1, 2, NULL),
(111, NULL, NULL, NULL, 1, NULL, '2024-04-16 19:41:59', '2024-04-16 19:41:59', 1, 1, NULL),
(112, NULL, NULL, NULL, 1, NULL, '2024-04-16 19:41:59', '2024-04-16 19:41:59', 1, 2, NULL),
(113, NULL, NULL, NULL, 1, NULL, '2024-04-16 19:41:59', '2024-04-16 19:41:59', 1, 1, NULL),
(114, NULL, NULL, NULL, 1, NULL, '2024-04-16 19:41:59', '2024-04-16 19:41:59', 1, 2, NULL),
(115, NULL, NULL, NULL, 1, NULL, '2024-04-16 19:41:59', '2024-04-16 19:41:59', 1, 1, NULL),
(116, NULL, NULL, NULL, 1, NULL, '2024-04-16 19:41:59', '2024-04-16 19:41:59', 1, 2, NULL),
(117, NULL, NULL, NULL, 1, NULL, '2024-04-16 19:41:59', '2024-04-16 19:41:59', 1, 1, NULL),
(118, NULL, NULL, NULL, 1, NULL, '2024-04-16 19:41:59', '2024-04-16 19:41:59', 1, 2, NULL),
(119, NULL, NULL, NULL, 1, NULL, '2024-04-16 19:41:59', '2024-04-16 19:41:59', 1, 1, NULL),
(120, NULL, NULL, NULL, 1, NULL, '2024-04-16 19:41:59', '2024-04-16 19:41:59', 1, 2, NULL),
(121, NULL, NULL, NULL, 1, NULL, '2024-04-16 19:41:59', '2024-04-16 19:41:59', 1, 1, NULL),
(122, NULL, NULL, NULL, 1, NULL, '2024-04-16 19:41:59', '2024-04-16 19:41:59', 1, 2, NULL),
(123, NULL, NULL, NULL, 1, NULL, '2024-04-16 19:41:59', '2024-04-16 19:41:59', 1, 1, NULL),
(124, NULL, NULL, NULL, 1, NULL, '2024-04-16 19:41:59', '2024-04-16 19:41:59', 1, 2, NULL),
(125, NULL, NULL, NULL, 1, NULL, '2024-04-16 19:41:59', '2024-04-16 19:41:59', 1, 1, NULL),
(126, NULL, NULL, NULL, 1, NULL, '2024-04-16 19:41:59', '2024-04-16 19:41:59', 1, 2, NULL),
(127, NULL, NULL, NULL, 1, NULL, '2024-04-16 19:41:59', '2024-04-16 19:41:59', 1, 1, NULL),
(128, NULL, NULL, NULL, 1, NULL, '2024-04-16 19:41:59', '2024-04-16 19:41:59', 1, 2, NULL),
(129, NULL, NULL, NULL, 1, NULL, '2024-04-16 19:41:59', '2024-04-16 19:41:59', 1, 1, NULL),
(130, NULL, NULL, NULL, 1, NULL, '2024-04-16 19:41:59', '2024-04-16 19:41:59', 1, 2, NULL),
(131, NULL, NULL, NULL, 1, NULL, '2024-04-16 19:41:59', '2024-04-16 19:41:59', 1, 1, NULL),
(132, NULL, NULL, NULL, 1, NULL, '2024-04-16 19:41:59', '2024-04-16 19:41:59', 1, 2, NULL),
(133, NULL, NULL, NULL, 1, NULL, '2024-04-16 19:41:59', '2024-04-16 19:41:59', 1, 1, NULL),
(134, NULL, NULL, NULL, 1, NULL, '2024-04-16 19:41:59', '2024-04-16 19:41:59', 1, 2, NULL),
(135, NULL, NULL, NULL, 1, NULL, '2024-04-16 19:41:59', '2024-04-16 19:41:59', 1, 1, NULL),
(136, NULL, NULL, NULL, 1, NULL, '2024-04-16 19:41:59', '2024-04-16 19:41:59', 1, 2, NULL),
(137, NULL, NULL, NULL, 1, NULL, '2024-04-16 19:41:59', '2024-04-16 19:41:59', 1, 1, NULL),
(138, NULL, NULL, NULL, 1, NULL, '2024-04-16 19:41:59', '2024-04-16 19:41:59', 1, 2, NULL),
(139, NULL, NULL, NULL, 1, NULL, '2024-04-16 19:41:59', '2024-04-16 19:41:59', 1, 1, NULL),
(140, NULL, NULL, NULL, 1, NULL, '2024-04-16 19:41:59', '2024-04-16 19:41:59', 1, 2, NULL),
(141, NULL, NULL, NULL, 1, NULL, '2024-04-16 19:41:59', '2024-04-16 19:41:59', 1, 1, NULL),
(142, NULL, NULL, NULL, 1, NULL, '2024-04-16 19:41:59', '2024-04-16 19:41:59', 1, 2, NULL),
(143, NULL, NULL, NULL, 1, NULL, '2024-04-16 19:41:59', '2024-04-16 19:41:59', 1, 1, NULL),
(144, NULL, NULL, NULL, 1, NULL, '2024-04-16 19:41:59', '2024-04-16 19:41:59', 1, 2, NULL),
(145, NULL, NULL, NULL, 1, NULL, '2024-04-16 19:41:59', '2024-04-16 19:41:59', 1, 1, NULL),
(146, NULL, NULL, NULL, 1, NULL, '2024-04-16 19:42:00', '2024-04-16 19:42:00', 1, 2, NULL),
(147, NULL, NULL, NULL, 1, NULL, '2024-04-16 19:42:00', '2024-04-16 19:42:00', 1, 1, NULL),
(148, NULL, NULL, NULL, 1, NULL, '2024-04-16 19:42:00', '2024-04-16 19:42:00', 1, 2, NULL),
(149, NULL, NULL, NULL, 1, NULL, '2024-04-16 19:42:00', '2024-04-16 19:42:00', 1, 1, NULL),
(150, NULL, NULL, NULL, 1, NULL, '2024-04-16 19:42:00', '2024-04-16 19:42:00', 1, 2, NULL),
(151, NULL, NULL, NULL, 1, NULL, '2024-04-16 19:42:00', '2024-04-16 19:42:00', 1, 1, NULL),
(152, NULL, NULL, NULL, 1, NULL, '2024-04-16 19:42:00', '2024-04-16 19:42:00', 1, 2, NULL),
(153, NULL, NULL, NULL, 1, NULL, '2024-04-16 19:42:00', '2024-04-16 19:42:00', 1, 1, NULL),
(154, NULL, NULL, NULL, 1, NULL, '2024-04-16 19:42:00', '2024-04-16 19:42:00', 1, 2, NULL),
(155, NULL, NULL, NULL, 1, NULL, '2024-04-16 19:42:00', '2024-04-16 19:42:00', 1, 1, NULL),
(156, NULL, NULL, NULL, 1, NULL, '2024-04-16 19:42:00', '2024-04-16 19:42:00', 1, 2, NULL),
(157, NULL, NULL, NULL, 1, NULL, '2024-04-16 19:42:00', '2024-04-16 19:42:00', 1, 1, NULL),
(158, NULL, NULL, NULL, 1, NULL, '2024-04-16 19:42:00', '2024-04-16 19:42:00', 1, 2, NULL),
(159, NULL, NULL, NULL, 1, NULL, '2024-04-16 19:42:00', '2024-04-16 19:42:00', 1, 1, NULL),
(160, NULL, NULL, NULL, 1, NULL, '2024-04-16 19:42:00', '2024-04-16 19:42:00', 1, 2, NULL),
(161, NULL, NULL, NULL, 1, NULL, '2024-04-16 19:42:00', '2024-04-16 19:42:00', 1, 1, NULL),
(162, NULL, NULL, NULL, 1, NULL, '2024-04-16 19:42:00', '2024-04-16 19:42:00', 1, 2, NULL),
(163, NULL, NULL, NULL, 1, NULL, '2024-04-16 19:42:00', '2024-04-16 19:42:00', 1, 1, NULL),
(164, NULL, NULL, NULL, 1, NULL, '2024-04-16 19:42:00', '2024-04-16 19:42:00', 1, 2, NULL),
(165, NULL, NULL, NULL, 1, NULL, '2024-04-16 19:42:00', '2024-04-16 19:42:00', 1, 1, NULL),
(166, NULL, NULL, NULL, 1, NULL, '2024-04-16 19:42:00', '2024-04-16 19:42:00', 1, 2, NULL),
(167, NULL, NULL, NULL, 1, NULL, '2024-04-16 19:42:00', '2024-04-16 19:42:00', 1, 1, NULL),
(168, NULL, NULL, NULL, 1, NULL, '2024-04-16 19:42:00', '2024-04-16 19:42:00', 1, 2, NULL),
(169, NULL, NULL, NULL, 1, NULL, '2024-04-16 19:42:00', '2024-04-16 19:42:00', 1, 1, NULL),
(170, NULL, NULL, NULL, 1, NULL, '2024-04-16 19:42:00', '2024-04-16 19:42:00', 1, 2, NULL),
(171, NULL, NULL, NULL, 1, NULL, '2024-04-16 19:42:00', '2024-04-16 19:42:00', 1, 1, NULL),
(172, NULL, NULL, NULL, 1, NULL, '2024-04-16 19:42:00', '2024-04-16 19:42:00', 1, 2, NULL),
(173, NULL, NULL, NULL, 1, NULL, '2024-04-16 19:42:00', '2024-04-16 19:42:00', 1, 1, NULL),
(174, NULL, NULL, NULL, 1, NULL, '2024-04-16 19:42:00', '2024-04-16 19:42:00', 1, 2, NULL),
(175, NULL, NULL, NULL, 1, NULL, '2024-04-16 19:42:00', '2024-04-16 19:42:00', 1, 1, NULL),
(176, NULL, NULL, NULL, 1, NULL, '2024-04-16 19:42:00', '2024-04-16 19:42:00', 1, 2, NULL),
(177, NULL, NULL, NULL, 1, NULL, '2024-04-16 19:42:00', '2024-04-16 19:42:00', 1, 1, NULL),
(178, NULL, NULL, NULL, 1, NULL, '2024-04-16 19:42:00', '2024-04-16 19:42:00', 1, 2, NULL),
(179, NULL, NULL, NULL, 1, NULL, '2024-04-16 19:42:00', '2024-04-16 19:42:00', 1, 1, NULL),
(180, NULL, NULL, NULL, 1, NULL, '2024-04-16 19:42:00', '2024-04-16 19:42:00', 1, 2, NULL),
(181, NULL, NULL, NULL, 1, NULL, '2024-04-16 19:42:00', '2024-04-16 19:42:00', 1, 1, NULL),
(182, NULL, NULL, NULL, 1, NULL, '2024-04-16 19:42:00', '2024-04-16 19:42:00', 1, 2, NULL),
(183, NULL, NULL, NULL, 1, NULL, '2024-04-16 19:42:00', '2024-04-16 19:42:00', 1, 1, NULL),
(184, NULL, NULL, NULL, 1, NULL, '2024-04-16 19:42:00', '2024-04-16 19:42:00', 1, 2, NULL),
(185, NULL, NULL, NULL, 1, NULL, '2024-04-16 19:42:00', '2024-04-16 19:42:00', 1, 1, NULL),
(186, NULL, NULL, NULL, 1, NULL, '2024-04-16 19:42:00', '2024-04-16 19:42:00', 1, 2, NULL),
(187, NULL, NULL, NULL, 1, NULL, '2024-04-16 19:42:00', '2024-04-16 19:42:00', 1, 1, NULL),
(188, NULL, NULL, NULL, 1, NULL, '2024-04-16 19:42:00', '2024-04-16 19:42:00', 1, 2, NULL),
(189, NULL, NULL, NULL, 1, NULL, '2024-04-16 19:42:00', '2024-04-16 19:42:00', 1, 1, NULL),
(190, NULL, NULL, NULL, 1, NULL, '2024-04-16 19:42:00', '2024-04-16 19:42:00', 1, 2, NULL),
(191, NULL, NULL, NULL, 1, NULL, '2024-04-16 19:42:00', '2024-04-16 19:42:00', 1, 1, NULL),
(192, NULL, NULL, NULL, 1, NULL, '2024-04-16 19:42:00', '2024-04-16 19:42:00', 1, 2, NULL),
(193, NULL, NULL, NULL, 1, NULL, '2024-04-16 19:42:00', '2024-04-16 19:42:00', 1, 1, NULL),
(194, NULL, NULL, NULL, 1, NULL, '2024-04-16 19:42:00', '2024-04-16 19:42:00', 1, 2, NULL),
(195, NULL, NULL, NULL, 1, NULL, '2024-04-16 19:42:00', '2024-04-16 19:42:00', 1, 1, NULL),
(196, NULL, NULL, NULL, 1, NULL, '2024-04-16 19:42:00', '2024-04-16 19:42:00', 1, 2, NULL),
(197, NULL, NULL, NULL, 1, NULL, '2024-04-16 19:42:00', '2024-04-16 19:42:00', 1, 1, NULL),
(198, NULL, NULL, NULL, 1, NULL, '2024-04-16 19:42:00', '2024-04-16 19:42:00', 1, 2, NULL),
(199, NULL, NULL, NULL, 1, NULL, '2024-04-16 19:42:00', '2024-04-16 19:42:00', 1, 1, NULL),
(200, NULL, NULL, NULL, 1, NULL, '2024-04-16 19:42:00', '2024-04-16 19:42:00', 1, 2, NULL),
(201, NULL, NULL, NULL, 1, NULL, '2024-04-16 19:42:01', '2024-04-16 19:42:01', 1, 1, NULL),
(202, NULL, NULL, NULL, 1, NULL, '2024-04-16 19:42:01', '2024-04-16 19:42:01', 1, 2, NULL),
(205, NULL, NULL, NULL, 1, NULL, '2024-04-16 19:42:01', '2024-04-16 19:42:01', 1, 1, NULL),
(206, NULL, NULL, NULL, 1, NULL, '2024-04-16 19:42:01', '2024-04-16 19:42:01', 1, 2, NULL),
(207, NULL, NULL, NULL, 1, NULL, '2024-04-16 19:42:01', '2024-04-16 19:42:01', 1, 1, NULL),
(208, NULL, NULL, NULL, 1, NULL, '2024-04-16 19:42:01', '2024-04-16 19:42:01', 1, 2, NULL),
(209, NULL, NULL, NULL, 1, NULL, '2024-04-16 19:42:01', '2024-04-16 19:42:01', 1, 1, NULL),
(210, NULL, NULL, NULL, 1, NULL, '2024-04-16 19:42:01', '2024-04-16 19:42:01', 1, 2, NULL),
(211, NULL, NULL, NULL, 1, NULL, '2024-04-16 19:42:01', '2024-04-16 19:42:01', 1, 1, NULL),
(212, NULL, NULL, NULL, 1, NULL, '2024-04-16 19:42:01', '2024-04-16 19:42:01', 1, 2, NULL),
(213, NULL, NULL, NULL, 1, NULL, '2024-04-16 19:42:01', '2024-04-16 19:42:01', 1, 1, NULL),
(214, NULL, NULL, NULL, 1, NULL, '2024-04-16 19:42:01', '2024-04-16 19:42:01', 1, 2, NULL),
(215, NULL, NULL, NULL, 1, NULL, '2024-04-16 19:42:01', '2024-04-16 19:42:01', 1, 1, NULL),
(216, NULL, NULL, NULL, 1, NULL, '2024-04-16 19:42:01', '2024-04-16 19:42:01', 1, 2, NULL),
(217, NULL, NULL, NULL, 1, NULL, '2024-04-16 19:42:01', '2024-04-16 19:42:01', 1, 1, NULL),
(218, NULL, NULL, NULL, 1, NULL, '2024-04-16 19:42:01', '2024-04-16 19:42:01', 1, 2, NULL),
(219, NULL, NULL, NULL, 1, NULL, '2024-04-16 19:42:01', '2024-04-16 19:42:01', 1, 1, NULL),
(220, NULL, NULL, NULL, 1, NULL, '2024-04-16 19:42:01', '2024-04-16 19:42:01', 1, 2, NULL),
(221, NULL, NULL, NULL, 1, NULL, '2024-04-16 19:42:01', '2024-04-16 19:42:01', 1, 1, NULL),
(222, NULL, NULL, NULL, 1, NULL, '2024-04-16 19:42:01', '2024-04-16 19:42:01', 1, 2, NULL),
(223, NULL, NULL, NULL, 1, NULL, '2024-04-16 19:42:01', '2024-04-16 19:42:01', 1, 1, NULL),
(224, NULL, NULL, NULL, 1, NULL, '2024-04-16 19:42:01', '2024-04-16 19:42:01', 1, 2, NULL),
(225, NULL, NULL, NULL, 1, NULL, '2024-04-16 19:42:01', '2024-04-16 19:42:01', 1, 1, NULL),
(226, NULL, NULL, NULL, 1, NULL, '2024-04-16 19:42:01', '2024-04-16 19:42:01', 1, 2, NULL),
(227, NULL, NULL, NULL, 1, NULL, '2024-04-16 19:42:01', '2024-04-16 19:42:01', 1, 1, NULL),
(228, NULL, NULL, NULL, 1, NULL, '2024-04-16 19:42:01', '2024-04-16 19:42:01', 1, 2, NULL),
(229, NULL, NULL, NULL, 1, NULL, '2024-04-16 19:42:01', '2024-04-16 19:42:01', 1, 1, NULL),
(230, NULL, NULL, NULL, 1, NULL, '2024-04-16 19:42:01', '2024-04-16 19:42:01', 1, 2, NULL),
(231, NULL, NULL, NULL, 1, NULL, '2024-04-16 19:42:01', '2024-04-16 19:42:01', 1, 1, NULL),
(232, NULL, NULL, NULL, 1, NULL, '2024-04-16 19:42:01', '2024-04-16 19:42:01', 1, 2, NULL),
(233, NULL, NULL, NULL, 1, NULL, '2024-04-16 19:42:01', '2024-04-16 19:42:01', 1, 1, NULL),
(234, NULL, NULL, NULL, 1, NULL, '2024-04-16 19:42:01', '2024-04-16 19:42:01', 1, 2, NULL),
(235, NULL, NULL, NULL, 1, NULL, '2024-04-16 19:42:01', '2024-04-16 19:42:01', 1, 1, NULL),
(236, NULL, NULL, NULL, 1, NULL, '2024-04-16 19:42:01', '2024-04-16 19:42:01', 1, 2, NULL),
(237, NULL, NULL, NULL, 1, NULL, '2024-04-16 19:42:01', '2024-04-16 19:42:01', 1, 1, NULL),
(238, NULL, NULL, NULL, 1, NULL, '2024-04-16 19:42:01', '2024-04-16 19:42:01', 1, 2, NULL),
(239, NULL, NULL, NULL, 1, NULL, '2024-04-16 19:42:01', '2024-04-16 19:42:01', 1, 1, NULL),
(240, NULL, NULL, NULL, 1, NULL, '2024-04-16 19:42:01', '2024-04-16 19:42:01', 1, 2, NULL),
(241, NULL, NULL, NULL, 1, NULL, '2024-04-16 19:42:01', '2024-04-16 19:42:01', 1, 1, NULL),
(242, NULL, NULL, NULL, 1, NULL, '2024-04-16 19:42:01', '2024-04-16 19:42:01', 1, 2, NULL),
(243, NULL, NULL, NULL, 1, NULL, '2024-04-16 19:42:01', '2024-04-16 19:42:01', 1, 1, NULL),
(244, NULL, NULL, NULL, 1, NULL, '2024-04-16 19:42:01', '2024-04-16 19:42:01', 1, 2, NULL),
(245, NULL, NULL, NULL, 1, NULL, '2024-04-16 19:42:01', '2024-04-16 19:42:01', 1, 1, NULL),
(246, NULL, NULL, NULL, 1, NULL, '2024-04-16 19:42:01', '2024-04-16 19:42:01', 1, 2, NULL),
(247, NULL, NULL, NULL, 1, NULL, '2024-04-16 19:42:01', '2024-04-16 19:42:01', 1, 1, NULL),
(248, NULL, NULL, NULL, 1, NULL, '2024-04-16 19:42:01', '2024-04-16 19:42:01', 1, 2, NULL),
(249, NULL, NULL, NULL, 1, NULL, '2024-04-16 19:42:01', '2024-04-16 19:42:01', 1, 1, NULL),
(250, NULL, NULL, NULL, 1, NULL, '2024-04-16 19:42:01', '2024-04-16 19:42:01', 1, 2, NULL),
(251, NULL, NULL, NULL, 1, NULL, '2024-04-16 19:42:01', '2024-04-16 19:42:01', 1, 1, NULL),
(252, NULL, NULL, NULL, 1, NULL, '2024-04-16 19:42:01', '2024-04-16 19:42:01', 1, 2, NULL),
(253, NULL, NULL, NULL, 1, NULL, '2024-04-16 19:42:01', '2024-04-16 19:42:01', 1, 1, NULL),
(254, NULL, NULL, NULL, 1, NULL, '2024-04-16 19:42:01', '2024-04-16 19:42:01', 1, 2, NULL),
(255, NULL, NULL, NULL, 1, NULL, '2024-04-16 19:42:01', '2024-04-16 19:42:01', 1, 1, NULL),
(256, NULL, NULL, NULL, 1, NULL, '2024-04-16 19:42:01', '2024-04-16 19:42:01', 1, 2, NULL),
(257, NULL, NULL, NULL, 1, NULL, '2024-04-16 19:42:01', '2024-04-16 19:42:01', 1, 1, NULL),
(258, NULL, NULL, NULL, 1, NULL, '2024-04-16 19:42:01', '2024-04-16 19:42:01', 1, 2, NULL),
(259, NULL, NULL, NULL, 1, NULL, '2024-04-16 19:42:01', '2024-04-16 19:42:01', 1, 1, NULL),
(260, NULL, NULL, NULL, 1, NULL, '2024-04-16 19:42:01', '2024-04-16 19:42:01', 1, 2, NULL),
(261, NULL, NULL, NULL, 1, NULL, '2024-04-16 19:42:01', '2024-04-16 19:42:01', 1, 1, NULL),
(262, NULL, NULL, NULL, 1, NULL, '2024-04-16 19:42:01', '2024-04-16 19:42:01', 1, 2, NULL),
(263, NULL, NULL, NULL, 1, NULL, '2024-04-16 19:42:02', '2024-04-16 19:42:02', 1, 1, NULL),
(264, NULL, NULL, NULL, 1, NULL, '2024-04-16 19:42:02', '2024-04-16 19:42:02', 1, 2, NULL),
(265, NULL, NULL, NULL, 1, NULL, '2024-04-16 19:42:02', '2024-04-16 19:42:02', 1, 1, NULL),
(266, NULL, NULL, NULL, 1, NULL, '2024-04-16 19:42:02', '2024-04-16 19:42:02', 1, 2, NULL),
(267, NULL, NULL, NULL, 1, NULL, '2024-04-16 19:42:02', '2024-04-16 19:42:02', 1, 1, NULL),
(268, NULL, NULL, NULL, 1, NULL, '2024-04-16 19:42:02', '2024-04-16 19:42:02', 1, 2, NULL),
(269, NULL, NULL, NULL, 1, NULL, '2024-04-16 19:42:02', '2024-04-16 19:42:02', 1, 1, NULL),
(270, NULL, NULL, NULL, 1, NULL, '2024-04-16 19:42:02', '2024-04-16 19:42:02', 1, 2, NULL),
(271, NULL, NULL, NULL, 1, NULL, '2024-04-16 19:42:02', '2024-04-16 19:42:02', 1, 1, NULL),
(272, NULL, NULL, NULL, 1, NULL, '2024-04-16 19:42:02', '2024-04-16 19:42:02', 1, 2, NULL),
(273, NULL, NULL, NULL, 1, NULL, '2024-04-16 19:42:02', '2024-04-16 19:42:02', 1, 1, NULL),
(274, NULL, NULL, NULL, 1, NULL, '2024-04-16 19:42:02', '2024-04-16 19:42:02', 1, 2, NULL),
(275, NULL, NULL, NULL, 1, NULL, '2024-04-16 19:42:02', '2024-04-16 19:42:02', 1, 1, NULL),
(276, NULL, NULL, NULL, 1, NULL, '2024-04-16 19:42:02', '2024-04-16 19:42:02', 1, 2, NULL),
(277, NULL, NULL, NULL, 1, NULL, '2024-04-16 19:42:02', '2024-04-16 19:42:02', 1, 1, NULL),
(278, NULL, NULL, NULL, 1, NULL, '2024-04-16 19:42:02', '2024-04-16 19:42:02', 1, 2, NULL),
(279, NULL, NULL, NULL, 1, NULL, '2024-04-16 19:42:02', '2024-04-16 19:42:02', 1, 1, NULL),
(280, NULL, NULL, NULL, 1, NULL, '2024-04-16 19:42:02', '2024-04-16 19:42:02', 1, 2, NULL),
(281, NULL, NULL, NULL, 1, NULL, '2024-04-16 19:42:02', '2024-04-16 19:42:02', 1, 1, NULL),
(282, NULL, NULL, NULL, 1, NULL, '2024-04-16 19:42:02', '2024-04-16 19:42:02', 1, 2, NULL),
(283, NULL, NULL, NULL, 1, NULL, '2024-04-16 19:42:02', '2024-04-16 19:42:02', 1, 1, NULL),
(284, NULL, NULL, NULL, 1, NULL, '2024-04-16 19:42:02', '2024-04-16 19:42:02', 1, 2, NULL),
(285, NULL, NULL, NULL, 1, NULL, '2024-04-16 19:42:02', '2024-04-16 19:42:02', 1, 1, NULL),
(286, NULL, NULL, NULL, 1, NULL, '2024-04-16 19:42:02', '2024-04-16 19:42:02', 1, 2, NULL),
(287, NULL, NULL, NULL, 1, NULL, '2024-04-16 19:42:02', '2024-04-16 19:42:02', 1, 1, NULL),
(288, NULL, NULL, NULL, 1, NULL, '2024-04-16 19:42:02', '2024-04-16 19:42:02', 1, 2, NULL),
(289, NULL, NULL, NULL, 1, NULL, '2024-04-16 19:42:02', '2024-04-16 19:42:02', 1, 1, NULL),
(290, NULL, NULL, NULL, 1, NULL, '2024-04-16 19:42:02', '2024-04-16 19:42:02', 1, 2, NULL),
(291, NULL, NULL, NULL, 1, NULL, '2024-04-16 19:42:02', '2024-04-16 19:42:02', 1, 1, NULL),
(292, NULL, NULL, NULL, 1, NULL, '2024-04-16 19:42:02', '2024-04-16 19:42:02', 1, 2, NULL),
(293, NULL, NULL, NULL, 1, NULL, '2024-04-16 19:42:02', '2024-04-16 19:42:02', 1, 1, NULL),
(294, NULL, NULL, NULL, 1, NULL, '2024-04-16 19:42:02', '2024-04-16 19:42:02', 1, 2, NULL),
(295, NULL, NULL, NULL, 1, NULL, '2024-04-16 19:42:02', '2024-04-16 19:42:02', 1, 1, NULL),
(296, NULL, NULL, NULL, 1, NULL, '2024-04-16 19:42:02', '2024-04-16 19:42:02', 1, 2, NULL),
(297, NULL, NULL, NULL, 1, NULL, '2024-04-16 19:42:02', '2024-04-16 19:42:02', 1, 1, NULL),
(298, NULL, NULL, NULL, 1, NULL, '2024-04-16 19:42:02', '2024-04-16 19:42:02', 1, 2, NULL),
(299, NULL, NULL, NULL, 1, NULL, '2024-04-16 19:42:02', '2024-04-16 19:42:02', 1, 1, NULL),
(300, NULL, NULL, NULL, 1, NULL, '2024-04-16 19:42:02', '2024-04-16 19:42:02', 1, 2, NULL),
(301, NULL, NULL, NULL, 1, NULL, '2024-04-16 19:42:02', '2024-04-16 19:42:02', 1, 1, NULL),
(302, NULL, NULL, NULL, 1, NULL, '2024-04-16 19:42:02', '2024-04-16 19:42:02', 1, 2, NULL),
(303, NULL, NULL, NULL, 1, NULL, '2024-04-16 19:42:02', '2024-04-16 19:42:02', 1, 1, NULL),
(304, NULL, NULL, NULL, 1, NULL, '2024-04-16 19:42:02', '2024-04-16 19:42:02', 1, 2, NULL),
(305, NULL, NULL, NULL, 1, NULL, '2024-04-16 19:42:02', '2024-04-16 19:42:02', 1, 1, NULL),
(306, NULL, NULL, NULL, 1, NULL, '2024-04-16 19:42:02', '2024-04-16 19:42:02', 1, 2, NULL),
(307, NULL, NULL, NULL, 1, NULL, '2024-04-16 19:42:02', '2024-04-16 19:42:02', 1, 1, NULL),
(308, NULL, NULL, NULL, 1, NULL, '2024-04-16 19:42:02', '2024-04-16 19:42:02', 1, 2, NULL),
(309, NULL, NULL, NULL, 1, NULL, '2024-04-16 19:42:02', '2024-04-16 19:42:02', 1, 1, NULL),
(310, NULL, NULL, NULL, 1, NULL, '2024-04-16 19:42:02', '2024-04-16 19:42:02', 1, 2, NULL),
(311, NULL, NULL, NULL, 1, NULL, '2024-04-16 19:42:02', '2024-04-16 19:42:02', 1, 1, NULL),
(312, NULL, NULL, NULL, 1, NULL, '2024-04-16 19:42:02', '2024-04-16 19:42:02', 1, 2, NULL),
(313, NULL, NULL, NULL, 1, NULL, '2024-04-16 19:42:02', '2024-04-16 19:42:02', 1, 1, NULL),
(314, NULL, NULL, NULL, 1, NULL, '2024-04-16 19:42:02', '2024-04-16 19:42:02', 1, 2, NULL),
(315, NULL, NULL, NULL, 1, NULL, '2024-04-16 19:42:02', '2024-04-16 19:42:02', 1, 1, NULL),
(316, NULL, NULL, NULL, 1, NULL, '2024-04-16 19:42:02', '2024-04-16 19:42:02', 1, 2, NULL),
(317, NULL, NULL, NULL, 1, NULL, '2024-04-16 19:42:02', '2024-04-16 19:42:02', 1, 1, NULL),
(318, NULL, NULL, NULL, 1, NULL, '2024-04-16 19:42:02', '2024-04-16 19:42:02', 1, 2, NULL),
(319, NULL, NULL, NULL, 1, NULL, '2024-04-16 19:42:02', '2024-04-16 19:42:02', 1, 1, NULL),
(320, NULL, NULL, NULL, 1, NULL, '2024-04-16 19:42:02', '2024-04-16 19:42:02', 1, 2, NULL),
(321, NULL, NULL, NULL, 1, NULL, '2024-04-16 19:42:02', '2024-04-16 19:42:02', 1, 1, NULL),
(322, NULL, NULL, NULL, 1, NULL, '2024-04-16 19:42:02', '2024-04-16 19:42:02', 1, 2, NULL),
(327, NULL, NULL, NULL, 1, NULL, '2024-04-16 19:42:03', '2024-04-16 19:42:03', 1, 1, NULL),
(328, NULL, NULL, NULL, 1, NULL, '2024-04-16 19:42:03', '2024-04-16 19:42:03', 1, 2, NULL),
(329, NULL, NULL, NULL, 1, NULL, '2024-04-16 19:42:03', '2024-04-16 19:42:03', 1, 1, NULL),
(330, NULL, NULL, NULL, 1, NULL, '2024-04-16 19:42:03', '2024-04-16 19:42:03', 1, 2, NULL),
(331, NULL, NULL, NULL, 1, NULL, '2024-04-16 19:42:03', '2024-04-16 19:42:03', 1, 1, NULL),
(332, NULL, NULL, NULL, 1, NULL, '2024-04-16 19:42:03', '2024-04-16 19:42:03', 1, 2, NULL),
(333, NULL, NULL, NULL, 1, NULL, '2024-04-16 19:42:03', '2024-04-16 19:42:03', 1, 1, NULL),
(334, NULL, NULL, NULL, 1, NULL, '2024-04-16 19:42:03', '2024-04-16 19:42:03', 1, 2, NULL),
(335, NULL, NULL, NULL, 1, NULL, '2024-04-16 19:42:03', '2024-04-16 19:42:03', 1, 1, NULL),
(336, NULL, NULL, NULL, 1, NULL, '2024-04-16 19:42:03', '2024-04-16 19:42:03', 1, 2, NULL),
(337, NULL, NULL, NULL, 1, NULL, '2024-04-16 19:42:03', '2024-04-16 19:42:03', 1, 1, NULL),
(338, NULL, NULL, NULL, 1, NULL, '2024-04-16 19:42:03', '2024-04-16 19:42:03', 1, 2, NULL),
(339, NULL, NULL, NULL, 1, NULL, '2024-04-16 19:42:03', '2024-04-16 19:42:03', 1, 1, NULL),
(340, NULL, NULL, NULL, 1, NULL, '2024-04-16 19:42:03', '2024-04-16 19:42:03', 1, 2, NULL),
(341, NULL, NULL, NULL, 1, NULL, '2024-04-16 19:42:03', '2024-04-16 19:42:03', 1, 1, NULL),
(342, NULL, NULL, NULL, 1, NULL, '2024-04-16 19:42:03', '2024-04-16 19:42:03', 1, 2, NULL),
(343, NULL, NULL, NULL, 1, NULL, '2024-04-16 19:42:03', '2024-04-16 19:42:03', 1, 1, NULL),
(344, NULL, NULL, NULL, 1, NULL, '2024-04-16 19:42:03', '2024-04-16 19:42:03', 1, 2, NULL),
(345, NULL, NULL, NULL, 1, NULL, '2024-04-16 19:42:03', '2024-04-16 19:42:03', 1, 1, NULL),
(346, NULL, NULL, NULL, 1, NULL, '2024-04-16 19:42:03', '2024-04-16 19:42:03', 1, 2, NULL),
(347, NULL, NULL, NULL, 1, NULL, '2024-04-16 19:42:03', '2024-04-16 19:42:03', 1, 1, NULL),
(348, NULL, NULL, NULL, 1, NULL, '2024-04-16 19:42:03', '2024-04-16 19:42:03', 1, 2, NULL),
(349, NULL, NULL, NULL, 1, NULL, '2024-04-16 19:42:03', '2024-04-16 19:42:03', 1, 1, NULL),
(350, NULL, NULL, NULL, 1, NULL, '2024-04-16 19:42:03', '2024-04-16 19:42:03', 1, 2, NULL),
(351, NULL, NULL, NULL, 1, NULL, '2024-04-16 19:42:03', '2024-04-16 19:42:03', 1, 1, NULL),
(352, NULL, NULL, NULL, 1, NULL, '2024-04-16 19:42:03', '2024-04-16 19:42:03', 1, 2, NULL),
(353, NULL, NULL, NULL, 1, NULL, '2024-04-16 19:42:03', '2024-04-16 19:42:03', 1, 1, NULL),
(354, NULL, NULL, NULL, 1, NULL, '2024-04-16 19:42:03', '2024-04-16 19:42:03', 1, 2, NULL),
(355, NULL, NULL, NULL, 1, NULL, '2024-04-16 19:42:03', '2024-04-16 19:42:03', 1, 1, NULL),
(356, NULL, NULL, NULL, 1, NULL, '2024-04-16 19:42:03', '2024-04-16 19:42:03', 1, 2, NULL),
(357, NULL, NULL, NULL, 1, NULL, '2024-04-16 19:42:03', '2024-04-16 19:42:03', 1, 1, NULL),
(358, NULL, NULL, NULL, 1, NULL, '2024-04-16 19:42:03', '2024-04-16 19:42:03', 1, 2, NULL),
(359, NULL, NULL, NULL, 1, NULL, '2024-04-16 19:42:03', '2024-04-16 19:42:03', 1, 1, NULL),
(360, NULL, NULL, NULL, 1, NULL, '2024-04-16 19:42:03', '2024-04-16 19:42:03', 1, 2, NULL),
(361, NULL, NULL, NULL, 1, NULL, '2024-04-16 19:42:03', '2024-04-16 19:42:03', 1, 1, NULL),
(362, NULL, NULL, NULL, 1, NULL, '2024-04-16 19:42:03', '2024-04-16 19:42:03', 1, 2, NULL),
(363, NULL, NULL, NULL, 1, NULL, '2024-04-16 19:42:03', '2024-04-16 19:42:03', 1, 1, NULL),
(364, NULL, NULL, NULL, 1, NULL, '2024-04-16 19:42:03', '2024-04-16 19:42:03', 1, 2, NULL),
(365, NULL, NULL, NULL, 1, NULL, '2024-04-16 19:42:03', '2024-04-16 19:42:03', 1, 1, NULL),
(366, NULL, NULL, NULL, 1, NULL, '2024-04-16 19:42:03', '2024-04-16 19:42:03', 1, 2, NULL),
(367, NULL, NULL, NULL, 1, NULL, '2024-04-16 19:42:03', '2024-04-16 19:42:03', 1, 1, NULL),
(368, NULL, NULL, NULL, 1, NULL, '2024-04-16 19:42:03', '2024-04-16 19:42:03', 1, 2, NULL),
(369, NULL, NULL, NULL, 1, NULL, '2024-04-16 19:42:03', '2024-04-16 19:42:03', 1, 1, NULL),
(370, NULL, NULL, NULL, 1, NULL, '2024-04-16 19:42:03', '2024-04-16 19:42:03', 1, 2, NULL),
(371, NULL, NULL, NULL, 1, NULL, '2024-04-16 19:42:03', '2024-04-16 19:42:03', 1, 1, NULL),
(372, NULL, NULL, NULL, 1, NULL, '2024-04-16 19:42:03', '2024-04-16 19:42:03', 1, 2, NULL),
(373, NULL, NULL, NULL, 1, NULL, '2024-04-16 19:42:03', '2024-04-16 19:42:03', 1, 1, NULL),
(374, NULL, NULL, NULL, 1, NULL, '2024-04-16 19:42:03', '2024-04-16 19:42:03', 1, 2, NULL),
(375, NULL, NULL, '2024-05-26', 0, NULL, '2024-04-26 21:20:20', '2024-04-26 21:20:20', 1, 1, NULL),
(376, NULL, NULL, '2024-05-26', 0, NULL, '2024-04-26 21:20:42', '2024-04-26 21:20:42', 1, 2, NULL),
(377, NULL, NULL, '2024-06-06', 1, NULL, '2024-05-06 22:12:20', '2024-05-06 22:17:38', 1, 1, NULL),
(378, NULL, NULL, '2024-06-06', 1, NULL, '2024-05-06 22:13:02', '2024-05-06 22:17:28', 1, 2, NULL),
(379, NULL, NULL, '2024-06-06', 1, NULL, '2024-05-06 22:16:35', '2024-05-06 22:17:58', 1, 1, NULL),
(380, NULL, NULL, '2024-06-06', 1, NULL, '2024-05-06 22:17:05', '2024-05-06 22:18:05', 1, 2, NULL),
(381, NULL, NULL, NULL, 1, NULL, '2024-06-01 05:38:13', '2024-06-01 05:38:13', 2, 1, NULL),
(382, NULL, NULL, NULL, 1, NULL, '2024-06-01 05:39:00', '2024-06-01 05:39:00', 2, 2, NULL),
(383, NULL, NULL, NULL, 1, NULL, '2024-06-06 18:40:16', '2024-06-06 18:40:16', 2, 1, NULL),
(384, NULL, NULL, '2024-07-06', 0, NULL, '2024-06-06 18:45:25', '2024-06-06 18:45:25', 2, 2, NULL),
(385, NULL, NULL, NULL, 1, NULL, '2024-06-06 18:45:56', '2024-06-06 18:45:56', 2, 1, NULL),
(386, NULL, NULL, NULL, 1, NULL, '2024-06-06 18:49:31', '2024-06-06 18:49:31', 2, 2, NULL),
(387, NULL, NULL, NULL, 1, NULL, '2024-06-06 23:12:21', '2024-06-06 23:12:21', 2, 2, NULL),
(388, NULL, NULL, NULL, 1, NULL, '2024-06-06 23:16:27', '2024-06-06 23:16:27', 2, 1, NULL),
(390, NULL, NULL, '2024-07-08', 0, NULL, '2024-06-08 22:58:42', '2024-06-08 22:58:42', 2, 2, NULL),
(391, NULL, NULL, NULL, 1, NULL, '2024-06-08 23:05:09', '2024-06-08 23:05:09', 2, 2, NULL),
(392, NULL, NULL, NULL, 1, NULL, '2024-06-08 23:15:37', '2024-06-08 23:15:37', 2, 2, NULL),
(393, NULL, NULL, NULL, 1, NULL, '2024-07-02 14:39:48', '2024-07-02 14:39:48', 2, 1, NULL),
(394, NULL, NULL, NULL, 1, NULL, '2024-07-02 14:40:58', '2024-07-02 14:40:58', 2, 2, NULL),
(395, NULL, NULL, NULL, 1, NULL, '2024-07-02 15:47:26', '2024-07-02 15:47:26', 2, 1, NULL),
(396, NULL, NULL, NULL, 1, NULL, '2024-07-02 15:48:27', '2024-07-02 15:48:27', 2, 2, NULL),
(397, NULL, NULL, NULL, 1, NULL, '2024-07-02 16:06:34', '2024-07-02 16:06:34', 2, 2, NULL),
(398, NULL, NULL, NULL, 1, NULL, '2024-07-02 16:09:52', '2024-07-02 16:09:52', 2, 1, NULL);

-- --------------------------------------------------------

--
-- Table structure for table `roles`
--

CREATE TABLE `roles` (
  `id` bigint(20) UNSIGNED NOT NULL,
  `name` varchar(125) NOT NULL,
  `guard_name` varchar(125) NOT NULL,
  `created_at` timestamp NULL DEFAULT NULL,
  `updated_at` timestamp NULL DEFAULT NULL
) ENGINE=InnoDB DEFAULT CHARSET=utf8mb4 COLLATE=utf8mb4_unicode_ci;

--
-- Dumping data for table `roles`
--

INSERT INTO `roles` (`id`, `name`, `guard_name`, `created_at`, `updated_at`) VALUES
(1, 'Administrador', 'web', '2024-04-16 19:41:56', '2024-04-16 19:41:56'),
(2, 'Vendedor', 'web', '2024-04-16 19:41:56', '2024-04-16 19:41:56'),
(3, 'Controlador de crédito', 'web', '2024-04-16 19:41:56', '2024-04-16 19:41:56'),
(4, 'Centinela', 'web', '2024-04-16 19:41:56', '2024-04-16 19:41:56');

-- --------------------------------------------------------

--
-- Table structure for table `role_has_permissions`
--

CREATE TABLE `role_has_permissions` (
  `permission_id` bigint(20) UNSIGNED NOT NULL,
  `role_id` bigint(20) UNSIGNED NOT NULL
) ENGINE=InnoDB DEFAULT CHARSET=utf8mb4 COLLATE=utf8mb4_unicode_ci;

--
-- Dumping data for table `role_has_permissions`
--

INSERT INTO `role_has_permissions` (`permission_id`, `role_id`) VALUES
(1, 4),
(2, 4),
(3, 4),
(6, 4),
(7, 4),
(8, 4),
(9, 2),
(9, 3),
(9, 4),
(10, 2),
(10, 3),
(10, 4),
(11, 3),
(11, 4),
(12, 2),
(12, 3),
(12, 4),
(13, 3),
(13, 4),
(14, 3),
(14, 4),
(15, 4);

-- --------------------------------------------------------

--
-- Table structure for table `sale_invoices`
--

CREATE TABLE `sale_invoices` (
  `id` int(10) UNSIGNED NOT NULL,
  `comment` varchar(1000) DEFAULT NULL,
  `due_payment_date` date DEFAULT NULL,
  `paid` tinyint(4) NOT NULL DEFAULT 1,
  `paid_date` date DEFAULT NULL,
  `created_at` timestamp NULL DEFAULT NULL,
  `updated_at` timestamp NULL DEFAULT NULL,
  `user_id` bigint(20) UNSIGNED DEFAULT NULL,
  `warehouse_id` mediumint(8) UNSIGNED NOT NULL,
  `client_id` int(10) UNSIGNED DEFAULT NULL
) ENGINE=InnoDB DEFAULT CHARSET=utf8mb4 COLLATE=utf8mb4_unicode_ci;

--
-- Dumping data for table `sale_invoices`
--

INSERT INTO `sale_invoices` (`id`, `comment`, `due_payment_date`, `paid`, `paid_date`, `created_at`, `updated_at`, `user_id`, `warehouse_id`, `client_id`) VALUES
(1, NULL, NULL, 1, NULL, '2024-04-17 21:38:39', '2024-04-17 21:38:39', 6, 2, NULL),
(2, NULL, NULL, 1, NULL, '2024-04-17 21:39:07', '2024-04-17 21:39:07', 6, 2, NULL),
(3, NULL, NULL, 1, NULL, '2024-04-21 16:11:40', '2024-04-21 16:11:40', 6, 2, NULL),
(4, NULL, NULL, 1, NULL, '2024-04-21 16:12:15', '2024-04-21 16:12:15', 6, 2, NULL),
(5, NULL, NULL, 1, NULL, '2024-04-21 19:58:57', '2024-04-21 19:58:57', 6, 2, NULL),
(6, NULL, NULL, 1, NULL, '2024-04-21 19:59:29', '2024-04-21 19:59:29', 6, 2, NULL),
(7, NULL, NULL, 1, NULL, '2024-04-21 19:59:45', '2024-04-21 19:59:45', 6, 2, NULL),
(8, NULL, NULL, 1, NULL, '2024-04-21 20:00:01', '2024-04-21 20:00:01', 6, 2, NULL),
(9, NULL, NULL, 1, NULL, '2024-04-22 00:04:56', '2024-04-22 00:04:56', 6, 2, NULL),
(10, NULL, NULL, 1, NULL, '2024-04-22 00:05:17', '2024-04-22 00:05:17', 6, 2, NULL),
(11, NULL, NULL, 1, NULL, '2024-04-23 23:01:12', '2024-04-23 23:01:12', 6, 2, NULL),
(15, NULL, NULL, 1, NULL, '2024-04-26 22:13:26', '2024-04-26 22:13:26', 6, 2, NULL),
(16, NULL, NULL, 1, NULL, '2024-04-26 22:40:32', '2024-04-26 22:40:32', 6, 2, NULL),
(17, NULL, NULL, 1, NULL, '2024-04-26 22:41:10', '2024-04-26 22:41:10', 6, 2, NULL),
(18, NULL, NULL, 1, NULL, '2024-04-26 22:46:22', '2024-04-26 22:46:22', 6, 2, NULL),
(21, NULL, NULL, 1, NULL, '2024-04-27 01:44:43', '2024-04-27 01:44:43', 6, 2, NULL),
(22, NULL, NULL, 1, NULL, '2024-04-27 01:44:56', '2024-04-27 01:44:56', 6, 2, NULL),
(23, NULL, NULL, 1, NULL, '2024-04-27 20:20:04', '2024-04-27 20:20:04', 6, 2, NULL),
(24, NULL, NULL, 1, NULL, '2024-04-27 20:20:23', '2024-04-27 20:20:23', 6, 2, NULL),
(25, NULL, NULL, 1, NULL, '2024-04-27 20:20:38', '2024-04-27 20:20:38', 6, 2, NULL),
(26, NULL, NULL, 1, NULL, '2024-04-28 22:02:44', '2024-04-28 22:02:44', 4, 1, NULL),
(27, NULL, NULL, 1, NULL, '2024-04-28 22:08:51', '2024-04-28 22:08:51', 4, 1, NULL),
(28, NULL, NULL, 1, NULL, '2024-04-28 22:10:06', '2024-04-28 22:10:06', 4, 1, NULL),
(29, NULL, NULL, 1, NULL, '2024-04-28 22:11:07', '2024-04-28 22:11:07', 4, 1, NULL),
(30, NULL, NULL, 1, NULL, '2024-04-28 22:12:08', '2024-04-28 22:12:08', 4, 1, NULL),
(32, NULL, NULL, 1, NULL, '2024-04-29 14:43:27', '2024-04-29 14:43:27', 6, 2, NULL),
(33, NULL, NULL, 1, NULL, '2024-04-29 14:44:09', '2024-04-29 14:44:09', 6, 2, NULL),
(34, NULL, NULL, 1, NULL, '2024-04-29 14:44:42', '2024-04-29 14:44:42', 6, 2, NULL),
(35, NULL, NULL, 1, NULL, '2024-04-29 14:45:02', '2024-04-29 14:45:02', 6, 2, NULL),
(36, NULL, NULL, 1, NULL, '2024-04-29 14:46:36', '2024-04-29 14:46:36', 6, 2, NULL),
(37, NULL, NULL, 1, NULL, '2024-04-29 14:47:05', '2024-04-29 14:47:05', 6, 2, NULL),
(38, NULL, NULL, 1, NULL, '2024-04-29 14:47:51', '2024-04-29 14:47:51', 6, 2, NULL),
(39, NULL, NULL, 1, NULL, '2024-04-29 14:48:37', '2024-04-29 14:48:37', 6, 2, NULL),
(40, NULL, NULL, 1, NULL, '2024-04-29 14:49:03', '2024-04-29 14:49:03', 6, 2, NULL),
(41, NULL, NULL, 1, NULL, '2024-04-29 14:50:02', '2024-04-29 14:50:02', 6, 2, NULL),
(42, NULL, NULL, 1, NULL, '2024-04-29 14:50:42', '2024-04-29 14:50:42', 6, 2, NULL),
(43, NULL, NULL, 1, NULL, '2024-04-29 14:51:06', '2024-04-29 14:51:06', 6, 2, NULL),
(45, NULL, NULL, 1, NULL, '2024-04-29 14:52:07', '2024-04-29 14:52:07', 6, 2, NULL),
(46, NULL, NULL, 1, NULL, '2024-05-01 02:25:39', '2024-05-01 02:25:39', 6, 2, NULL),
(47, NULL, NULL, 1, NULL, '2024-05-01 18:34:51', '2024-05-01 18:34:51', 7, 1, NULL),
(48, NULL, NULL, 1, NULL, '2024-05-01 23:52:18', '2024-05-01 23:52:18', 4, 1, NULL),
(49, NULL, NULL, 1, NULL, '2024-05-01 23:55:18', '2024-05-01 23:55:18', 4, 1, NULL),
(50, NULL, NULL, 1, NULL, '2024-05-01 23:57:33', '2024-05-01 23:57:33', 4, 1, NULL),
(52, NULL, NULL, 1, NULL, '2024-05-01 23:58:44', '2024-05-01 23:58:44', 4, 1, NULL),
(53, NULL, NULL, 1, NULL, '2024-05-01 23:59:35', '2024-05-01 23:59:35', 4, 1, NULL),
(54, NULL, NULL, 1, NULL, '2024-05-03 02:14:17', '2024-05-03 02:14:17', 6, 2, NULL),
(55, NULL, NULL, 1, NULL, '2024-05-03 02:16:16', '2024-05-03 02:16:16', 6, 2, NULL),
(57, NULL, NULL, 1, NULL, '2024-05-03 02:18:50', '2024-05-03 02:18:50', 6, 1, NULL),
(58, NULL, NULL, 1, NULL, '2024-05-03 02:19:06', '2024-05-03 02:19:06', 6, 1, NULL),
(59, NULL, NULL, 1, NULL, '2024-05-03 02:19:28', '2024-05-03 02:19:28', 6, 1, NULL),
(60, NULL, NULL, 1, NULL, '2024-05-03 02:20:35', '2024-05-03 02:20:35', 6, 1, NULL),
(62, NULL, NULL, 1, NULL, '2024-05-04 03:13:52', '2024-05-04 03:13:52', 6, 2, NULL),
(63, NULL, NULL, 1, NULL, '2024-05-04 14:16:45', '2024-05-04 14:16:45', 6, 2, NULL),
(64, NULL, NULL, 1, NULL, '2024-05-04 15:29:56', '2024-05-04 15:29:56', 6, 2, NULL),
(65, NULL, NULL, 1, NULL, '2024-05-04 15:30:42', '2024-05-04 15:30:42', 6, 2, NULL),
(66, NULL, NULL, 1, NULL, '2024-05-04 15:31:13', '2024-05-04 15:31:13', 6, 2, NULL),
(67, NULL, NULL, 1, NULL, '2024-05-04 15:38:54', '2024-05-04 15:38:54', 7, 1, NULL),
(68, NULL, NULL, 1, NULL, '2024-05-04 15:40:44', '2024-05-04 15:40:44', 7, 1, NULL),
(69, NULL, NULL, 1, NULL, '2024-05-04 17:50:09', '2024-05-04 17:50:09', 7, 1, NULL),
(70, NULL, NULL, 1, NULL, '2024-05-04 17:50:36', '2024-05-04 17:50:36', 7, 1, NULL),
(71, NULL, NULL, 1, NULL, '2024-05-04 22:17:48', '2024-05-04 22:17:48', 7, 1, NULL),
(72, NULL, NULL, 1, NULL, '2024-05-05 02:56:46', '2024-05-05 02:56:46', 4, 1, NULL),
(73, NULL, NULL, 1, NULL, '2024-05-05 02:57:19', '2024-05-05 02:57:19', 4, 1, NULL),
(74, NULL, NULL, 1, NULL, '2024-05-05 02:57:48', '2024-05-05 02:57:48', 4, 1, NULL),
(75, NULL, NULL, 1, NULL, '2024-05-05 02:58:57', '2024-05-05 02:58:57', 4, 1, NULL),
(76, NULL, NULL, 1, NULL, '2024-05-05 02:59:58', '2024-05-05 02:59:58', 4, 1, NULL),
(77, NULL, NULL, 1, NULL, '2024-05-05 03:05:49', '2024-05-05 03:05:49', 4, 1, NULL),
(78, NULL, NULL, 1, NULL, '2024-05-05 03:06:45', '2024-05-05 03:06:45', 4, 1, NULL),
(79, NULL, NULL, 1, NULL, '2024-05-05 04:20:33', '2024-05-05 04:20:33', 7, 1, NULL),
(80, NULL, NULL, 1, NULL, '2024-05-05 21:52:06', '2024-05-05 21:52:06', 4, 1, NULL),
(81, NULL, NULL, 1, NULL, '2024-05-05 21:54:49', '2024-05-05 21:54:49', 7, 1, NULL),
(82, NULL, NULL, 1, NULL, '2024-05-05 21:56:43', '2024-05-05 21:56:43', 7, 1, NULL),
(83, NULL, NULL, 1, NULL, '2024-05-05 21:57:48', '2024-05-05 21:57:48', 4, 1, NULL),
(85, NULL, NULL, 1, NULL, '2024-05-05 21:58:50', '2024-05-05 21:58:50', 4, 1, NULL),
(86, NULL, NULL, 1, NULL, '2024-05-05 21:59:48', '2024-05-05 21:59:48', 4, 1, NULL),
(87, NULL, NULL, 1, NULL, '2024-05-05 23:39:21', '2024-05-05 23:39:21', 6, 2, NULL),
(88, NULL, NULL, 1, NULL, '2024-05-06 01:27:30', '2024-05-06 01:27:30', 4, 1, NULL),
(89, NULL, NULL, 1, NULL, '2024-05-06 17:11:58', '2024-05-06 17:11:58', 6, 2, NULL),
(90, NULL, NULL, 1, NULL, '2024-05-06 17:13:28', '2024-05-06 17:13:28', 6, 2, NULL),
(91, NULL, NULL, 1, NULL, '2024-05-06 17:13:52', '2024-05-06 17:13:52', 6, 2, NULL),
(92, NULL, NULL, 1, NULL, '2024-05-06 17:15:00', '2024-05-06 17:15:00', 6, 2, NULL),
(93, NULL, NULL, 1, NULL, '2024-05-06 17:16:12', '2024-05-06 17:16:12', 6, 2, NULL),
(94, NULL, NULL, 1, NULL, '2024-05-06 17:16:36', '2024-05-06 17:16:36', 6, 2, NULL),
(95, NULL, NULL, 1, NULL, '2024-05-06 17:16:55', '2024-05-06 17:16:55', 6, 2, NULL),
(96, NULL, NULL, 1, NULL, '2024-05-06 17:22:39', '2024-05-06 17:22:39', 6, 2, NULL),
(97, NULL, NULL, 1, NULL, '2024-05-06 17:23:05', '2024-05-06 17:23:05', 6, 2, NULL),
(98, NULL, NULL, 1, NULL, '2024-05-06 17:23:27', '2024-05-06 17:23:27', 6, 2, NULL),
(99, NULL, NULL, 1, NULL, '2024-05-06 17:23:41', '2024-05-06 17:23:41', 6, 2, NULL),
(100, NULL, NULL, 1, NULL, '2024-05-06 22:57:36', '2024-05-06 22:57:36', 6, 2, NULL),
(101, NULL, NULL, 1, NULL, '2024-05-06 22:57:51', '2024-05-06 22:57:51', 6, 2, NULL),
(102, NULL, NULL, 1, NULL, '2024-05-07 00:20:39', '2024-05-07 00:20:39', 7, 1, NULL),
(103, NULL, NULL, 1, NULL, '2024-05-07 00:21:15', '2024-05-07 00:21:15', 7, 1, NULL),
(104, NULL, NULL, 1, NULL, '2024-05-07 00:22:05', '2024-05-07 00:22:05', 7, 1, NULL),
(105, NULL, NULL, 1, NULL, '2024-05-07 00:22:28', '2024-05-07 00:22:28', 7, 1, NULL),
(106, NULL, NULL, 1, NULL, '2024-05-07 00:26:26', '2024-05-07 00:26:26', 7, 1, NULL),
(107, NULL, NULL, 1, NULL, '2024-05-08 02:31:03', '2024-05-08 02:31:03', 6, 2, NULL),
(108, NULL, NULL, 1, NULL, '2024-05-08 23:30:50', '2024-05-08 23:30:50', 4, 1, NULL),
(109, NULL, NULL, 1, NULL, '2024-05-08 23:35:55', '2024-05-08 23:35:55', 4, 1, NULL),
(110, NULL, NULL, 1, NULL, '2024-05-08 23:36:50', '2024-05-08 23:36:50', 4, 1, NULL),
(111, NULL, NULL, 1, NULL, '2024-05-08 23:58:20', '2024-05-08 23:58:20', 4, 1, NULL),
(112, NULL, NULL, 1, NULL, '2024-05-09 00:54:58', '2024-05-09 00:54:58', 4, 1, NULL),
(113, NULL, NULL, 1, NULL, '2024-05-10 00:39:43', '2024-05-10 00:39:43', 6, 2, NULL),
(114, NULL, NULL, 1, NULL, '2024-05-10 00:40:06', '2024-05-10 00:40:06', 6, 2, NULL),
(115, NULL, NULL, 1, NULL, '2024-05-10 00:40:34', '2024-05-10 00:40:34', 6, 2, NULL),
(116, NULL, NULL, 1, NULL, '2024-05-11 01:01:56', '2024-05-11 01:01:56', 6, 2, NULL),
(117, NULL, NULL, 1, NULL, '2024-05-11 01:02:17', '2024-05-11 01:02:17', 6, 2, NULL),
(118, NULL, NULL, 1, NULL, '2024-05-11 01:02:27', '2024-05-11 01:02:27', 6, 2, NULL),
(119, NULL, NULL, 1, NULL, '2024-05-11 01:52:17', '2024-05-11 01:52:17', 4, 1, NULL),
(120, NULL, NULL, 1, NULL, '2024-05-11 01:52:50', '2024-05-11 01:52:50', 4, 1, NULL),
(121, NULL, NULL, 1, NULL, '2024-05-11 01:53:25', '2024-05-11 01:53:25', 4, 1, NULL),
(122, NULL, NULL, 1, NULL, '2024-05-11 01:54:36', '2024-05-11 01:54:36', 4, 1, NULL),
(123, NULL, NULL, 1, NULL, '2024-05-11 01:59:55', '2024-05-11 01:59:55', 6, 2, NULL),
(124, NULL, NULL, 1, NULL, '2024-05-11 02:00:12', '2024-05-11 02:00:12', 6, 2, NULL),
(125, NULL, NULL, 1, NULL, '2024-05-11 16:18:13', '2024-05-11 16:18:13', 7, 1, NULL),
(126, NULL, NULL, 1, NULL, '2024-05-11 22:12:27', '2024-05-11 22:12:27', 6, 1, NULL),
(127, NULL, NULL, 1, NULL, '2024-05-11 22:12:45', '2024-05-11 22:12:45', 6, 1, NULL),
(128, NULL, NULL, 1, NULL, '2024-05-11 22:13:08', '2024-05-11 22:13:08', 6, 1, NULL),
(129, NULL, NULL, 1, NULL, '2024-05-12 02:13:43', '2024-05-12 02:13:43', 4, 1, NULL),
(130, NULL, NULL, 1, NULL, '2024-05-12 02:14:28', '2024-05-12 02:14:28', 4, 1, NULL),
(131, NULL, NULL, 1, NULL, '2024-05-12 02:15:18', '2024-05-12 02:15:18', 4, 1, NULL),
(132, NULL, NULL, 1, NULL, '2024-05-12 02:16:06', '2024-05-12 02:16:06', 4, 1, NULL),
(133, NULL, NULL, 1, NULL, '2024-05-12 02:16:34', '2024-05-12 02:16:34', 4, 1, NULL),
(134, NULL, NULL, 1, NULL, '2024-05-12 02:16:58', '2024-05-12 02:16:58', 4, 1, NULL),
(135, NULL, NULL, 1, NULL, '2024-05-12 02:17:26', '2024-05-12 02:17:26', 4, 1, NULL),
(136, NULL, NULL, 1, NULL, '2024-05-12 18:15:50', '2024-05-12 18:15:50', 6, 2, NULL),
(137, NULL, NULL, 1, NULL, '2024-05-12 18:16:00', '2024-05-12 18:16:00', 6, 2, NULL),
(138, NULL, NULL, 1, NULL, '2024-05-12 20:40:51', '2024-05-12 20:40:51', 6, 2, NULL),
(139, NULL, NULL, 1, NULL, '2024-05-12 20:41:19', '2024-05-12 20:41:19', 6, 2, NULL),
(140, NULL, NULL, 1, NULL, '2024-05-12 20:42:07', '2024-05-12 20:42:07', 6, 2, NULL),
(141, NULL, NULL, 1, NULL, '2024-05-12 20:42:37', '2024-05-12 20:42:37', 6, 2, NULL),
(142, NULL, NULL, 1, NULL, '2024-05-12 20:42:58', '2024-05-12 20:42:58', 6, 2, NULL),
(143, NULL, NULL, 1, NULL, '2024-05-12 20:43:20', '2024-05-12 20:43:20', 6, 2, NULL),
(144, NULL, NULL, 1, NULL, '2024-05-12 20:43:43', '2024-05-12 20:43:43', 6, 2, NULL),
(145, NULL, NULL, 1, NULL, '2024-05-12 20:44:00', '2024-05-12 20:44:00', 6, 2, NULL),
(146, NULL, NULL, 1, NULL, '2024-05-12 20:44:20', '2024-05-12 20:44:20', 6, 2, NULL),
(147, NULL, NULL, 1, NULL, '2024-05-12 20:46:22', '2024-05-12 20:46:22', 6, 2, NULL),
(148, NULL, NULL, 1, NULL, '2024-05-12 20:46:31', '2024-05-12 20:46:31', 6, 2, NULL),
(149, NULL, NULL, 1, NULL, '2024-05-12 21:10:09', '2024-05-12 21:10:09', 6, 2, NULL),
(150, NULL, NULL, 1, NULL, '2024-05-12 21:10:24', '2024-05-12 21:10:24', 6, 2, NULL),
(151, NULL, NULL, 1, NULL, '2024-05-12 23:51:39', '2024-05-12 23:51:39', 7, 1, NULL),
(152, NULL, NULL, 1, NULL, '2024-05-12 23:54:33', '2024-05-12 23:54:33', 7, 1, NULL),
(153, NULL, NULL, 1, NULL, '2024-05-12 23:56:05', '2024-05-12 23:56:05', 7, 1, NULL),
(154, NULL, NULL, 1, NULL, '2024-05-12 23:58:52', '2024-05-12 23:58:52', 7, 1, NULL),
(155, NULL, NULL, 1, NULL, '2024-05-12 23:59:45', '2024-05-12 23:59:45', 7, 1, NULL),
(156, NULL, NULL, 1, NULL, '2024-05-13 00:02:16', '2024-05-13 00:02:16', 7, 1, NULL),
(157, NULL, NULL, 1, NULL, '2024-05-13 00:03:09', '2024-05-13 00:03:09', 7, 1, NULL),
(158, NULL, NULL, 1, NULL, '2024-05-13 00:03:41', '2024-05-13 00:03:41', 7, 1, NULL),
(159, NULL, NULL, 1, NULL, '2024-05-13 00:05:03', '2024-05-13 00:05:03', 7, 1, NULL),
(160, NULL, NULL, 1, NULL, '2024-05-13 00:05:23', '2024-05-13 00:05:23', 7, 1, NULL),
(161, NULL, NULL, 1, NULL, '2024-05-13 00:06:51', '2024-05-13 00:06:51', 7, 1, NULL),
(162, NULL, NULL, 1, NULL, '2024-05-13 00:07:31', '2024-05-13 00:07:31', 7, 1, NULL),
(163, NULL, NULL, 1, NULL, '2024-05-13 00:08:27', '2024-05-13 00:08:27', 7, 1, NULL),
(164, NULL, NULL, 1, NULL, '2024-05-13 00:09:22', '2024-05-13 00:09:22', 7, 1, NULL),
(165, NULL, NULL, 1, NULL, '2024-05-13 00:12:14', '2024-05-13 00:12:14', 7, 1, NULL),
(166, NULL, NULL, 1, NULL, '2024-05-13 00:13:01', '2024-05-13 00:13:01', 7, 1, NULL),
(167, NULL, NULL, 1, NULL, '2024-05-13 00:13:47', '2024-05-13 00:13:47', 7, 1, NULL),
(168, NULL, NULL, 1, NULL, '2024-05-13 00:26:16', '2024-05-13 00:26:16', 7, 1, NULL),
(169, NULL, NULL, 1, NULL, '2024-05-13 00:36:07', '2024-05-13 00:36:07', 7, 1, NULL),
(170, NULL, NULL, 1, NULL, '2024-05-14 14:16:19', '2024-05-14 14:16:19', 6, 2, NULL),
(171, NULL, NULL, 1, NULL, '2024-05-14 14:18:00', '2024-05-14 14:18:00', 6, 2, NULL),
(172, NULL, NULL, 1, NULL, '2024-05-14 14:18:28', '2024-05-14 14:18:28', 6, 2, NULL),
(173, NULL, NULL, 1, NULL, '2024-05-14 14:19:22', '2024-05-14 14:19:22', 6, 2, NULL),
(174, NULL, NULL, 1, NULL, '2024-05-14 14:20:03', '2024-05-14 14:20:03', 6, 2, NULL),
(175, NULL, NULL, 1, NULL, '2024-05-14 14:20:19', '2024-05-14 14:20:19', 6, 2, NULL),
(176, NULL, NULL, 1, NULL, '2024-05-14 14:21:49', '2024-05-14 14:21:49', 6, 2, NULL),
(177, NULL, NULL, 1, NULL, '2024-05-14 14:22:26', '2024-05-14 14:22:26', 6, 2, NULL),
(178, NULL, NULL, 1, NULL, '2024-05-14 14:22:48', '2024-05-14 14:22:48', 6, 2, NULL),
(179, NULL, NULL, 1, NULL, '2024-05-14 14:23:08', '2024-05-14 14:23:08', 6, 2, NULL),
(180, NULL, NULL, 1, NULL, '2024-05-14 14:23:37', '2024-05-14 14:23:37', 6, 2, NULL),
(181, NULL, NULL, 1, NULL, '2024-05-14 14:24:00', '2024-05-14 14:24:00', 6, 2, NULL),
(182, NULL, NULL, 1, NULL, '2024-05-14 14:24:17', '2024-05-14 14:24:17', 6, 2, NULL),
(183, NULL, NULL, 1, NULL, '2024-05-14 14:24:55', '2024-05-14 14:24:55', 6, 2, NULL),
(184, NULL, NULL, 1, NULL, '2024-05-14 14:25:31', '2024-05-14 14:25:31', 6, 2, NULL),
(185, NULL, NULL, 1, NULL, '2024-05-14 14:26:18', '2024-05-14 14:26:18', 6, 2, NULL),
(186, NULL, NULL, 1, NULL, '2024-05-14 14:30:58', '2024-05-14 14:30:58', 6, 2, NULL),
(187, NULL, NULL, 1, NULL, '2024-05-14 14:32:07', '2024-05-14 14:32:07', 6, 2, NULL),
(188, NULL, NULL, 1, NULL, '2024-05-15 00:03:17', '2024-05-15 00:03:17', 6, 2, NULL),
(189, NULL, NULL, 1, NULL, '2024-05-15 00:03:41', '2024-05-15 00:03:41', 6, 2, NULL),
(190, NULL, NULL, 1, NULL, '2024-05-15 00:16:12', '2024-05-15 00:16:12', 4, 1, NULL),
(191, NULL, NULL, 1, NULL, '2024-05-15 00:16:35', '2024-05-15 00:16:35', 4, 1, NULL),
(192, NULL, NULL, 1, NULL, '2024-05-15 00:17:08', '2024-05-15 00:17:08', 4, 1, NULL),
(193, NULL, NULL, 1, NULL, '2024-05-15 00:17:31', '2024-05-15 00:17:31', 4, 1, NULL),
(194, NULL, NULL, 1, NULL, '2024-05-16 01:14:43', '2024-05-16 01:14:43', 4, 1, NULL),
(195, NULL, NULL, 1, NULL, '2024-05-16 01:15:30', '2024-05-16 01:15:30', 4, 1, NULL),
(196, NULL, NULL, 1, NULL, '2024-05-17 20:12:03', '2024-05-17 20:12:03', 6, 2, NULL),
(197, NULL, NULL, 1, NULL, '2024-05-17 20:12:25', '2024-05-17 20:12:25', 6, 2, NULL),
(198, NULL, NULL, 1, NULL, '2024-05-17 20:13:06', '2024-05-17 20:13:06', 6, 2, NULL),
(199, NULL, NULL, 1, NULL, '2024-05-17 20:13:43', '2024-05-17 20:13:43', 6, 2, NULL),
(200, NULL, NULL, 1, NULL, '2024-05-17 22:51:22', '2024-05-17 22:51:22', 6, 2, NULL),
(201, NULL, NULL, 1, NULL, '2024-05-18 01:14:31', '2024-05-18 01:14:31', 4, 1, NULL),
(202, NULL, NULL, 1, NULL, '2024-05-18 01:15:16', '2024-05-18 01:15:16', 4, 1, NULL),
(203, NULL, NULL, 1, NULL, '2024-05-18 01:15:47', '2024-05-18 01:15:47', 4, 1, NULL),
(204, NULL, NULL, 1, NULL, '2024-05-18 01:16:28', '2024-05-18 01:16:28', 4, 1, NULL),
(205, NULL, NULL, 1, NULL, '2024-05-18 01:17:27', '2024-05-18 01:17:27', 4, 1, NULL),
(206, NULL, NULL, 1, NULL, '2024-05-18 01:17:48', '2024-05-18 01:17:48', 4, 1, NULL),
(207, NULL, NULL, 1, NULL, '2024-05-18 01:19:38', '2024-05-18 01:19:38', 4, 1, NULL),
(208, NULL, NULL, 1, NULL, '2024-05-18 01:20:21', '2024-05-18 01:20:21', 4, 1, NULL),
(209, NULL, NULL, 1, NULL, '2024-05-18 01:23:08', '2024-05-18 01:23:08', 4, 1, NULL),
(210, NULL, NULL, 1, NULL, '2024-05-18 02:09:26', '2024-05-18 02:09:26', 4, 1, NULL),
(211, NULL, NULL, 1, NULL, '2024-05-18 02:09:41', '2024-05-18 02:09:41', 4, 1, NULL),
(212, NULL, NULL, 1, NULL, '2024-05-18 03:15:18', '2024-05-18 03:15:18', 4, 1, NULL),
(213, NULL, NULL, 1, NULL, '2024-05-18 03:15:41', '2024-05-18 03:15:41', 4, 1, NULL),
(214, NULL, NULL, 1, NULL, '2024-05-18 03:16:09', '2024-05-18 03:16:09', 4, 1, NULL),
(215, NULL, NULL, 1, NULL, '2024-05-18 18:52:35', '2024-05-18 18:52:35', 6, 2, NULL),
(216, NULL, NULL, 1, NULL, '2024-05-18 18:52:49', '2024-05-18 18:52:49', 6, 2, NULL),
(217, NULL, NULL, 1, NULL, '2024-05-19 02:52:59', '2024-05-19 02:52:59', 7, 1, NULL),
(218, NULL, NULL, 1, NULL, '2024-05-19 02:53:45', '2024-05-19 02:53:45', 7, 1, NULL),
(219, NULL, NULL, 1, NULL, '2024-05-19 02:55:37', '2024-05-19 02:55:37', 7, 1, NULL),
(220, NULL, NULL, 1, NULL, '2024-05-19 03:00:38', '2024-05-19 03:00:38', 7, 1, NULL),
(221, NULL, NULL, 1, NULL, '2024-05-19 03:01:03', '2024-05-19 03:01:03', 7, 1, NULL),
(222, NULL, NULL, 1, NULL, '2024-05-19 03:03:18', '2024-05-19 03:03:18', 7, 1, NULL),
(223, NULL, NULL, 1, NULL, '2024-05-19 03:03:55', '2024-05-19 03:03:55', 7, 1, NULL),
(224, NULL, NULL, 1, NULL, '2024-05-19 03:04:24', '2024-05-19 03:04:24', 7, 1, NULL),
(225, NULL, NULL, 1, NULL, '2024-05-19 03:06:17', '2024-05-19 03:06:17', 7, 1, NULL),
(226, NULL, NULL, 1, NULL, '2024-05-19 03:06:58', '2024-05-19 03:06:58', 7, 1, NULL),
(227, NULL, NULL, 1, NULL, '2024-05-20 00:29:39', '2024-05-20 00:29:39', 4, 1, NULL),
(228, NULL, NULL, 1, NULL, '2024-05-20 00:31:08', '2024-05-20 00:31:08', 4, 1, NULL),
(229, NULL, NULL, 1, NULL, '2024-05-20 00:31:36', '2024-05-20 00:31:36', 4, 1, NULL),
(230, NULL, NULL, 1, NULL, '2024-05-20 00:32:26', '2024-05-20 00:32:26', 4, 1, NULL),
(231, NULL, NULL, 1, NULL, '2024-05-20 00:32:44', '2024-05-20 00:32:44', 4, 1, NULL),
(232, NULL, NULL, 1, NULL, '2024-05-20 00:35:11', '2024-05-20 00:35:11', 4, 1, NULL),
(233, NULL, NULL, 1, NULL, '2024-05-20 00:37:20', '2024-05-20 00:37:20', 4, 1, NULL),
(234, NULL, NULL, 1, NULL, '2024-05-20 00:37:59', '2024-05-20 00:37:59', 4, 1, NULL),
(235, NULL, NULL, 1, NULL, '2024-05-20 00:40:27', '2024-05-20 00:40:27', 4, 1, NULL),
(236, NULL, NULL, 1, NULL, '2024-05-20 00:41:22', '2024-05-20 00:41:22', 4, 1, NULL),
(237, NULL, NULL, 1, NULL, '2024-05-20 01:57:48', '2024-05-20 01:57:48', 4, 1, NULL),
(238, NULL, NULL, 1, NULL, '2024-05-20 01:58:08', '2024-05-20 01:58:08', 4, 1, NULL),
(239, NULL, NULL, 1, NULL, '2024-05-20 01:58:30', '2024-05-20 01:58:30', 4, 1, NULL),
(240, NULL, NULL, 1, NULL, '2024-05-20 20:26:06', '2024-05-20 20:26:06', 6, 2, NULL),
(241, NULL, NULL, 1, NULL, '2024-05-20 20:27:37', '2024-05-20 20:27:37', 6, 2, NULL),
(242, NULL, NULL, 1, NULL, '2024-05-20 20:28:13', '2024-05-20 20:28:13', 6, 2, NULL),
(243, NULL, NULL, 1, NULL, '2024-05-20 20:28:39', '2024-05-20 20:28:39', 6, 2, NULL),
(244, NULL, NULL, 1, NULL, '2024-05-20 20:30:16', '2024-05-20 20:30:16', 6, 2, NULL),
(245, NULL, NULL, 1, NULL, '2024-05-20 20:30:48', '2024-05-20 20:30:48', 6, 2, NULL),
(246, NULL, NULL, 1, NULL, '2024-05-20 20:31:48', '2024-05-20 20:31:48', 6, 2, NULL),
(247, NULL, NULL, 1, NULL, '2024-05-20 20:32:21', '2024-05-20 20:32:21', 6, 2, NULL),
(248, NULL, NULL, 1, NULL, '2024-05-20 20:32:53', '2024-05-20 20:32:53', 6, 2, NULL),
(249, NULL, NULL, 1, NULL, '2024-05-20 20:33:25', '2024-05-20 20:33:25', 6, 2, NULL),
(250, NULL, NULL, 1, NULL, '2024-05-20 20:33:53', '2024-05-20 20:33:53', 6, 2, NULL),
(251, NULL, NULL, 1, NULL, '2024-05-20 20:34:53', '2024-05-20 20:34:53', 6, 2, NULL),
(252, NULL, NULL, 1, NULL, '2024-05-20 20:35:30', '2024-05-20 20:35:30', 6, 2, NULL),
(253, NULL, NULL, 1, NULL, '2024-05-20 20:36:17', '2024-05-20 20:36:17', 6, 2, NULL),
(254, NULL, NULL, 1, NULL, '2024-05-20 20:36:51', '2024-05-20 20:36:51', 6, 2, NULL),
(255, NULL, NULL, 1, NULL, '2024-05-20 20:37:15', '2024-05-20 20:37:15', 6, 2, NULL),
(256, NULL, NULL, 1, NULL, '2024-05-20 21:09:15', '2024-05-20 21:09:15', 6, 2, NULL),
(257, NULL, NULL, 1, NULL, '2024-05-22 01:15:30', '2024-05-22 01:15:30', 6, 2, NULL),
(258, NULL, NULL, 1, NULL, '2024-05-22 01:15:49', '2024-05-22 01:15:49', 6, 2, NULL),
(259, NULL, NULL, 1, NULL, '2024-05-22 01:16:05', '2024-05-22 01:16:05', 6, 2, NULL),
(260, NULL, NULL, 1, NULL, '2024-05-22 01:18:48', '2024-05-22 01:18:48', 4, 1, NULL),
(261, NULL, NULL, 1, NULL, '2024-05-22 01:19:18', '2024-05-22 01:19:18', 4, 1, NULL),
(262, NULL, NULL, 1, NULL, '2024-05-22 01:19:50', '2024-05-22 01:19:50', 4, 1, NULL),
(263, NULL, NULL, 1, NULL, '2024-05-22 01:20:12', '2024-05-22 01:20:12', 4, 1, NULL),
(264, NULL, NULL, 1, NULL, '2024-05-22 01:20:45', '2024-05-22 01:20:45', 4, 1, NULL),
(265, NULL, NULL, 1, NULL, '2024-05-23 00:37:14', '2024-05-23 00:37:14', 4, 1, NULL),
(266, NULL, NULL, 1, NULL, '2024-05-23 00:38:08', '2024-05-23 00:38:08', 4, 1, NULL),
(267, NULL, NULL, 1, NULL, '2024-05-23 00:39:00', '2024-05-23 00:39:00', 4, 1, NULL),
(268, NULL, NULL, 1, NULL, '2024-05-23 00:41:53', '2024-05-23 00:41:53', 4, 1, NULL),
(269, NULL, NULL, 1, NULL, '2024-05-23 00:42:14', '2024-05-23 00:42:14', 4, 1, NULL),
(270, NULL, NULL, 1, NULL, '2024-05-23 20:04:47', '2024-05-23 20:04:47', 6, 2, NULL),
(271, NULL, NULL, 1, NULL, '2024-05-24 01:58:34', '2024-05-24 01:58:34', 6, 2, NULL),
(272, NULL, NULL, 1, NULL, '2024-05-24 14:44:28', '2024-05-24 14:44:28', 6, 1, NULL),
(273, NULL, NULL, 1, NULL, '2024-05-25 03:22:59', '2024-05-25 03:22:59', 6, 2, NULL),
(274, NULL, NULL, 1, NULL, '2024-05-25 03:23:46', '2024-05-25 03:23:46', 6, 2, NULL),
(275, NULL, NULL, 1, NULL, '2024-05-25 03:24:22', '2024-05-25 03:24:22', 6, 2, NULL),
(276, NULL, NULL, 1, NULL, '2024-05-25 03:24:46', '2024-05-25 03:24:46', 6, 2, NULL),
(277, NULL, NULL, 1, NULL, '2024-05-25 03:25:07', '2024-05-25 03:25:07', 6, 2, NULL),
(278, NULL, NULL, 1, NULL, '2024-05-25 03:25:24', '2024-05-25 03:25:24', 6, 2, NULL),
(279, NULL, NULL, 1, NULL, '2024-05-25 13:58:42', '2024-05-25 13:58:42', 4, 1, NULL),
(280, NULL, NULL, 1, NULL, '2024-05-25 13:59:05', '2024-05-25 13:59:05', 4, 1, NULL),
(281, NULL, NULL, 1, NULL, '2024-05-25 13:59:47', '2024-05-25 13:59:47', 4, 1, NULL),
(282, NULL, NULL, 1, NULL, '2024-05-25 14:00:19', '2024-05-25 14:00:19', 4, 1, NULL),
(283, NULL, NULL, 1, NULL, '2024-05-25 14:00:44', '2024-05-25 14:00:44', 4, 1, NULL),
(284, NULL, NULL, 1, NULL, '2024-05-25 14:01:06', '2024-05-25 14:01:06', 4, 1, NULL),
(285, NULL, NULL, 1, NULL, '2024-05-25 14:01:32', '2024-05-25 14:01:32', 4, 1, NULL),
(286, NULL, NULL, 1, NULL, '2024-05-25 14:02:08', '2024-05-25 14:02:08', 4, 1, NULL),
(287, NULL, NULL, 1, NULL, '2024-05-25 15:45:26', '2024-05-25 15:45:26', 6, 1, NULL),
(288, NULL, NULL, 1, NULL, '2024-05-25 15:45:40', '2024-05-25 15:45:40', 6, 1, NULL),
(289, NULL, NULL, 1, NULL, '2024-05-25 15:45:57', '2024-05-25 15:45:57', 6, 1, NULL),
(290, NULL, NULL, 1, NULL, '2024-05-25 15:46:09', '2024-05-25 15:46:09', 6, 1, NULL),
(291, NULL, NULL, 1, NULL, '2024-05-25 15:47:15', '2024-05-25 15:47:15', 6, 2, NULL),
(292, NULL, NULL, 1, NULL, '2024-05-25 19:13:00', '2024-05-25 19:13:00', 6, 2, NULL),
(293, NULL, NULL, 1, NULL, '2024-05-25 19:41:04', '2024-05-25 19:41:04', 6, 2, NULL),
(294, NULL, NULL, 1, NULL, '2024-05-25 19:57:23', '2024-05-25 19:57:23', 6, 2, NULL),
(295, NULL, NULL, 1, NULL, '2024-05-25 22:33:25', '2024-05-25 22:33:25', 6, 2, NULL),
(296, NULL, NULL, 1, NULL, '2024-05-25 23:45:05', '2024-05-25 23:45:05', 6, 2, NULL),
(297, NULL, NULL, 1, NULL, '2024-05-25 23:59:04', '2024-05-25 23:59:04', 6, 2, NULL),
(298, NULL, NULL, 1, NULL, '2024-05-26 03:16:25', '2024-05-26 03:16:25', 7, 1, NULL),
(299, NULL, NULL, 1, NULL, '2024-05-26 03:17:40', '2024-05-26 03:17:40', 7, 1, NULL),
(300, NULL, NULL, 1, NULL, '2024-05-26 03:18:08', '2024-05-26 03:18:08', 7, 1, NULL),
(301, NULL, NULL, 1, NULL, '2024-05-26 03:18:35', '2024-05-26 03:18:35', 7, 1, NULL),
(302, NULL, NULL, 1, NULL, '2024-05-26 03:19:41', '2024-05-26 03:19:41', 7, 1, NULL),
(303, NULL, NULL, 1, NULL, '2024-05-26 03:21:13', '2024-05-26 03:21:13', 7, 1, NULL),
(304, NULL, NULL, 1, NULL, '2024-05-26 03:22:45', '2024-05-26 03:22:45', 7, 1, NULL),
(305, NULL, NULL, 1, NULL, '2024-05-26 03:23:20', '2024-05-26 03:23:20', 7, 1, NULL),
(306, NULL, NULL, 1, NULL, '2024-05-26 03:23:45', '2024-05-26 03:23:45', 7, 1, NULL),
(307, NULL, NULL, 1, NULL, '2024-05-26 03:25:58', '2024-05-26 03:25:58', 7, 1, NULL),
(308, NULL, NULL, 1, NULL, '2024-05-26 03:26:13', '2024-05-26 03:26:13', 7, 1, NULL),
(309, NULL, NULL, 1, NULL, '2024-05-26 03:27:37', '2024-05-26 03:27:37', 7, 1, NULL),
(310, NULL, NULL, 1, NULL, '2024-05-26 18:20:28', '2024-05-26 18:20:28', 6, 2, NULL),
(311, NULL, NULL, 1, NULL, '2024-05-26 18:20:57', '2024-05-26 18:20:57', 6, 2, NULL),
(312, NULL, NULL, 1, NULL, '2024-05-26 18:22:05', '2024-05-26 18:22:05', 6, 2, NULL),
(313, NULL, NULL, 1, NULL, '2024-05-26 18:22:32', '2024-05-26 18:22:32', 6, 2, NULL),
(314, NULL, NULL, 1, NULL, '2024-05-26 18:23:04', '2024-05-26 18:23:04', 6, 2, NULL),
(315, NULL, NULL, 1, NULL, '2024-05-26 18:23:35', '2024-05-26 18:23:35', 6, 2, NULL),
(316, NULL, NULL, 1, NULL, '2024-05-26 18:24:43', '2024-05-26 18:24:43', 6, 2, NULL),
(317, NULL, NULL, 1, NULL, '2024-05-26 20:06:44', '2024-05-26 20:06:44', 6, 2, NULL),
(318, NULL, NULL, 1, NULL, '2024-05-26 23:04:13', '2024-05-26 23:04:13', 4, 1, NULL),
(319, NULL, NULL, 1, NULL, '2024-05-26 23:04:37', '2024-05-26 23:04:37', 4, 1, NULL),
(320, NULL, NULL, 1, NULL, '2024-05-26 23:05:52', '2024-05-26 23:05:52', 4, 1, NULL),
(321, NULL, NULL, 1, NULL, '2024-05-26 23:06:17', '2024-05-26 23:06:17', 4, 1, NULL),
(322, NULL, NULL, 1, NULL, '2024-05-26 23:06:42', '2024-05-26 23:06:42', 4, 1, NULL),
(323, NULL, NULL, 1, NULL, '2024-05-26 23:07:13', '2024-05-26 23:07:13', 4, 1, NULL),
(324, NULL, NULL, 1, NULL, '2024-05-26 23:07:36', '2024-05-26 23:07:36', 4, 1, NULL),
(325, NULL, NULL, 1, NULL, '2024-05-27 14:47:26', '2024-05-27 14:47:26', 6, 2, NULL),
(326, NULL, NULL, 1, NULL, '2024-05-27 14:47:45', '2024-05-27 14:47:45', 6, 2, NULL),
(327, NULL, NULL, 1, NULL, '2024-05-27 14:48:04', '2024-05-27 14:48:04', 6, 2, NULL),
(328, NULL, NULL, 1, NULL, '2024-05-27 14:48:20', '2024-05-27 14:48:20', 6, 2, NULL),
(329, NULL, NULL, 1, NULL, '2024-05-28 00:58:58', '2024-05-28 00:58:58', 7, 1, NULL),
(330, NULL, NULL, 1, NULL, '2024-05-28 00:59:29', '2024-05-28 00:59:29', 7, 1, NULL),
(331, NULL, NULL, 1, NULL, '2024-05-28 01:00:15', '2024-05-28 01:00:15', 7, 1, NULL),
(332, NULL, NULL, 1, NULL, '2024-05-28 01:00:37', '2024-05-28 01:00:37', 7, 1, NULL),
(333, NULL, NULL, 1, NULL, '2024-05-28 01:01:53', '2024-05-28 01:01:53', 7, 1, NULL),
(334, NULL, NULL, 1, NULL, '2024-05-28 21:44:58', '2024-05-28 21:44:58', 6, 2, NULL),
(335, NULL, NULL, 1, NULL, '2024-05-28 21:46:34', '2024-05-28 21:46:34', 6, 1, NULL),
(336, NULL, NULL, 1, NULL, '2024-05-28 23:46:35', '2024-05-28 23:46:35', 4, 1, NULL),
(337, NULL, NULL, 1, NULL, '2024-05-28 23:47:25', '2024-05-28 23:47:25', 4, 1, NULL),
(338, NULL, NULL, 1, NULL, '2024-05-28 23:47:44', '2024-05-28 23:47:44', 4, 1, NULL),
(339, NULL, NULL, 1, NULL, '2024-05-28 23:48:18', '2024-05-28 23:48:18', 4, 1, NULL),
(340, NULL, NULL, 1, NULL, '2024-05-28 23:48:50', '2024-05-28 23:48:50', 4, 1, NULL),
(341, NULL, NULL, 1, NULL, '2024-05-28 23:50:10', '2024-05-28 23:50:10', 4, 1, NULL),
(342, NULL, NULL, 1, NULL, '2024-05-31 02:09:07', '2024-05-31 02:09:07', 6, 1, NULL),
(343, NULL, NULL, 1, NULL, '2024-05-31 02:11:55', '2024-05-31 02:11:55', 6, 2, NULL),
(344, NULL, NULL, 1, NULL, '2024-05-31 02:13:35', '2024-05-31 02:13:35', 6, 2, NULL),
(345, NULL, NULL, 1, NULL, '2024-05-31 22:36:37', '2024-05-31 22:36:37', 6, 2, NULL),
(346, NULL, NULL, 1, NULL, '2024-05-31 22:36:51', '2024-05-31 22:36:51', 6, 2, NULL),
(347, NULL, NULL, 1, NULL, '2024-05-31 22:37:09', '2024-05-31 22:37:09', 6, 2, NULL),
(348, NULL, NULL, 1, NULL, '2024-06-01 02:06:29', '2024-06-01 02:06:29', 6, 2, NULL),
(349, NULL, NULL, 1, NULL, '2024-06-01 02:55:12', '2024-06-01 02:55:12', 6, 2, NULL),
(350, NULL, NULL, 1, NULL, '2024-06-01 15:01:04', '2024-06-01 15:01:04', 6, 2, NULL),
(351, NULL, NULL, 1, NULL, '2024-06-01 15:01:27', '2024-06-01 15:01:27', 6, 2, NULL),
(352, NULL, NULL, 1, NULL, '2024-06-01 16:16:12', '2024-06-01 16:16:12', 6, 1, NULL),
(353, NULL, NULL, 1, NULL, '2024-06-01 17:10:26', '2024-06-01 17:10:26', 4, 1, NULL),
(354, NULL, NULL, 1, NULL, '2024-06-01 17:12:22', '2024-06-01 17:12:22', 4, 1, NULL),
(355, NULL, NULL, 1, NULL, '2024-06-01 17:12:42', '2024-06-01 17:12:42', 4, 1, NULL),
(356, NULL, NULL, 1, NULL, '2024-06-01 17:15:33', '2024-06-01 17:15:33', 4, 1, NULL),
(357, NULL, NULL, 1, NULL, '2024-06-01 17:16:19', '2024-06-01 17:16:19', 4, 1, NULL),
(358, NULL, NULL, 1, NULL, '2024-06-01 17:16:36', '2024-06-01 17:16:36', 4, 1, NULL),
(359, NULL, NULL, 1, NULL, '2024-06-01 17:16:58', '2024-06-01 17:16:58', 4, 1, NULL),
(360, NULL, NULL, 1, NULL, '2024-06-01 20:29:35', '2024-06-01 20:29:35', 6, 2, NULL),
(361, NULL, NULL, 1, NULL, '2024-06-01 20:29:53', '2024-06-01 20:29:53', 6, 2, NULL),
(362, NULL, NULL, 1, NULL, '2024-06-01 23:03:23', '2024-06-01 23:03:23', 6, 2, NULL),
(363, NULL, NULL, 1, NULL, '2024-06-01 23:14:52', '2024-06-01 23:14:52', 6, 2, NULL),
(364, NULL, NULL, 1, NULL, '2024-06-01 23:42:16', '2024-06-01 23:42:16', 6, 2, NULL),
(365, NULL, NULL, 1, NULL, '2024-06-01 23:51:41', '2024-06-01 23:51:41', 6, 2, NULL),
(366, NULL, NULL, 1, NULL, '2024-06-02 00:14:26', '2024-06-02 00:14:26', 6, 2, NULL),
(367, NULL, NULL, 1, NULL, '2024-06-02 00:14:35', '2024-06-02 00:14:35', 6, 2, NULL),
(368, NULL, NULL, 1, NULL, '2024-06-02 01:06:23', '2024-06-02 01:06:23', 6, 2, NULL),
(369, NULL, NULL, 1, NULL, '2024-06-02 01:06:32', '2024-06-02 01:06:32', 6, 2, NULL),
(370, NULL, NULL, 1, NULL, '2024-06-02 01:11:00', '2024-06-02 01:11:00', 6, 2, NULL),
(371, NULL, NULL, 1, NULL, '2024-06-02 01:36:55', '2024-06-02 01:36:55', 6, 2, NULL),
(372, NULL, NULL, 1, NULL, '2024-06-02 04:34:37', '2024-06-02 04:34:37', 7, 1, NULL),
(373, NULL, NULL, 1, NULL, '2024-06-02 04:35:34', '2024-06-02 04:35:34', 7, 1, NULL),
(374, NULL, NULL, 1, NULL, '2024-06-02 04:36:55', '2024-06-02 04:36:55', 7, 1, NULL),
(375, NULL, NULL, 1, NULL, '2024-06-02 04:37:36', '2024-06-02 04:37:36', 7, 1, NULL),
(376, NULL, NULL, 1, NULL, '2024-06-02 04:38:17', '2024-06-02 04:38:17', 7, 1, NULL),
(377, NULL, NULL, 1, NULL, '2024-06-02 04:39:54', '2024-06-02 04:39:54', 7, 1, NULL),
(378, NULL, NULL, 1, NULL, '2024-06-02 04:40:10', '2024-06-02 04:40:10', 7, 1, NULL),
(379, NULL, NULL, 1, NULL, '2024-06-02 04:40:40', '2024-06-02 04:40:40', 7, 1, NULL),
(380, NULL, NULL, 1, NULL, '2024-06-02 04:41:17', '2024-06-02 04:41:17', 7, 1, NULL),
(381, NULL, NULL, 1, NULL, '2024-06-02 04:42:11', '2024-06-02 04:42:11', 7, 1, NULL),
(382, NULL, NULL, 1, NULL, '2024-06-02 04:43:00', '2024-06-02 04:43:00', 7, 1, NULL),
(383, NULL, NULL, 1, NULL, '2024-06-02 04:43:28', '2024-06-02 04:43:28', 7, 1, NULL),
(384, NULL, NULL, 1, NULL, '2024-06-02 04:44:08', '2024-06-02 04:44:08', 7, 1, NULL),
(385, NULL, NULL, 1, NULL, '2024-06-02 04:51:41', '2024-06-02 04:51:41', 6, 2, NULL),
(386, NULL, NULL, 1, NULL, '2024-06-02 18:28:29', '2024-06-02 18:28:29', 6, 2, NULL),
(387, NULL, NULL, 1, NULL, '2024-06-02 18:28:42', '2024-06-02 18:28:42', 6, 2, NULL),
(388, NULL, NULL, 1, NULL, '2024-06-02 18:28:56', '2024-06-02 18:28:56', 6, 2, NULL),
(389, NULL, NULL, 1, NULL, '2024-06-02 18:43:15', '2024-06-02 18:43:15', 6, 2, NULL),
(390, NULL, NULL, 1, NULL, '2024-06-02 20:05:26', '2024-06-02 20:05:26', 6, 2, NULL),
(391, NULL, NULL, 1, NULL, '2024-06-02 20:05:39', '2024-06-02 20:05:39', 6, 2, NULL),
(392, NULL, NULL, 1, NULL, '2024-06-02 20:05:57', '2024-06-02 20:05:57', 6, 2, NULL),
(393, NULL, NULL, 1, NULL, '2024-06-02 21:10:39', '2024-06-02 21:10:39', 6, 2, NULL),
(394, NULL, NULL, 1, NULL, '2024-06-02 21:32:30', '2024-06-02 21:32:30', 6, 2, NULL),
(395, NULL, NULL, 1, NULL, '2024-06-02 23:21:37', '2024-06-02 23:21:37', 6, 2, NULL),
(396, NULL, NULL, 1, NULL, '2024-06-02 23:21:55', '2024-06-02 23:21:55', 6, 2, NULL),
(397, NULL, NULL, 1, NULL, '2024-06-03 00:11:39', '2024-06-03 00:11:39', 4, 1, NULL),
(398, NULL, NULL, 1, NULL, '2024-06-03 00:12:13', '2024-06-03 00:12:13', 4, 1, NULL),
(399, NULL, NULL, 1, NULL, '2024-06-03 00:12:46', '2024-06-03 00:12:46', 4, 1, NULL),
(400, NULL, NULL, 1, NULL, '2024-06-03 00:13:29', '2024-06-03 00:13:29', 4, 1, NULL),
(401, NULL, NULL, 1, NULL, '2024-06-03 00:14:07', '2024-06-03 00:14:07', 4, 1, NULL),
(402, NULL, NULL, 1, NULL, '2024-06-03 00:14:37', '2024-06-03 00:14:37', 4, 1, NULL),
(403, NULL, NULL, 1, NULL, '2024-06-03 00:15:46', '2024-06-03 00:15:46', 4, 1, NULL),
(404, NULL, NULL, 1, NULL, '2024-06-03 00:16:07', '2024-06-03 00:16:07', 4, 1, NULL),
(405, NULL, NULL, 1, NULL, '2024-06-03 00:16:39', '2024-06-03 00:16:39', 4, 1, NULL),
(406, NULL, NULL, 1, NULL, '2024-06-03 00:35:37', '2024-06-03 00:35:37', 6, 2, NULL),
(407, NULL, NULL, 1, NULL, '2024-06-03 00:38:29', '2024-06-03 00:38:29', 6, 2, NULL),
(408, NULL, NULL, 1, NULL, '2024-06-03 18:30:29', '2024-06-03 18:30:29', 6, 2, NULL),
(409, NULL, NULL, 1, NULL, '2024-06-03 18:36:02', '2024-06-03 18:36:02', 6, 2, NULL),
(410, NULL, NULL, 1, NULL, '2024-06-04 01:30:06', '2024-06-04 01:30:06', 7, 1, NULL),
(411, NULL, NULL, 1, NULL, '2024-06-04 01:30:39', '2024-06-04 01:30:39', 7, 1, NULL),
(412, NULL, NULL, 1, NULL, '2024-06-04 01:31:10', '2024-06-04 01:31:10', 7, 1, NULL),
(413, NULL, NULL, 1, NULL, '2024-06-04 01:32:46', '2024-06-04 01:32:46', 7, 1, NULL),
(414, NULL, NULL, 1, NULL, '2024-06-05 01:26:54', '2024-06-05 01:26:54', 4, 1, NULL),
(415, NULL, NULL, 1, NULL, '2024-06-05 01:27:20', '2024-06-05 01:27:20', 4, 1, NULL),
(416, NULL, NULL, 1, NULL, '2024-06-05 01:27:35', '2024-06-05 01:27:35', 4, 1, NULL),
(417, NULL, NULL, 1, NULL, '2024-06-05 01:28:50', '2024-06-05 01:28:50', 4, 1, NULL),
(418, NULL, NULL, 1, NULL, '2024-06-06 01:09:05', '2024-06-06 01:09:05', 4, 1, NULL),
(419, NULL, NULL, 1, NULL, '2024-06-06 01:09:43', '2024-06-06 01:09:43', 4, 1, NULL),
(420, NULL, NULL, 1, NULL, '2024-06-06 01:10:26', '2024-06-06 01:10:26', 4, 1, NULL),
(421, NULL, NULL, 1, NULL, '2024-06-06 01:30:36', '2024-06-06 01:30:36', 4, 1, NULL),
(422, NULL, NULL, 1, NULL, '2024-06-06 15:31:48', '2024-06-06 15:31:48', 6, 2, NULL),
(423, NULL, NULL, 1, NULL, '2024-06-06 15:33:42', '2024-06-06 15:33:42', 6, 2, NULL),
(424, NULL, NULL, 1, NULL, '2024-06-06 16:00:28', '2024-06-06 16:00:28', 6, 2, NULL),
(425, NULL, NULL, 1, NULL, '2024-06-06 18:28:55', '2024-06-06 18:28:55', 6, 2, NULL),
(426, NULL, NULL, 1, NULL, '2024-06-06 18:32:54', '2024-06-06 18:32:54', 6, 1, NULL),
(427, NULL, NULL, 1, NULL, '2024-06-06 18:33:12', '2024-06-06 18:33:12', 6, 1, NULL),
(428, NULL, NULL, 1, NULL, '2024-06-06 20:34:31', '2024-06-06 20:34:31', 6, 1, NULL),
(429, NULL, NULL, 1, NULL, '2024-06-06 20:34:56', '2024-06-06 20:34:56', 6, 1, NULL),
(430, NULL, NULL, 1, NULL, '2024-06-06 21:07:08', '2024-06-06 21:07:08', 6, 2, NULL),
(431, NULL, NULL, 1, NULL, '2024-06-06 21:07:23', '2024-06-06 21:07:23', 6, 2, NULL),
(432, NULL, NULL, 1, NULL, '2024-06-06 22:39:35', '2024-06-06 22:39:35', 5, 1, NULL),
(433, NULL, NULL, 1, NULL, '2024-06-06 22:58:25', '2024-06-06 22:58:25', 5, 1, NULL),
(434, NULL, NULL, 1, NULL, '2024-06-06 23:23:33', '2024-06-06 23:23:33', 5, 1, NULL),
(435, NULL, NULL, 1, NULL, '2024-06-06 23:39:35', '2024-06-06 23:39:35', 6, 2, NULL),
(436, NULL, NULL, 1, NULL, '2024-06-06 23:39:48', '2024-06-06 23:39:48', 6, 2, NULL),
(439, NULL, NULL, 1, NULL, '2024-06-07 15:57:30', '2024-06-07 15:57:30', 5, 1, NULL),
(440, NULL, NULL, 1, NULL, '2024-06-07 18:15:02', '2024-06-07 18:15:02', 5, 1, NULL),
(441, NULL, NULL, 1, NULL, '2024-06-07 22:16:33', '2024-06-07 22:16:33', 5, 2, NULL),
(442, NULL, NULL, 1, NULL, '2024-06-08 00:49:07', '2024-06-08 00:49:07', 6, 2, NULL),
(443, NULL, NULL, 1, NULL, '2024-06-08 01:18:11', '2024-06-08 01:18:11', 4, 1, NULL),
(444, NULL, NULL, 1, NULL, '2024-06-08 01:18:30', '2024-06-08 01:18:30', 4, 1, NULL),
(445, NULL, NULL, 1, NULL, '2024-06-08 01:19:01', '2024-06-08 01:19:01', 4, 1, NULL),
(446, NULL, NULL, 1, NULL, '2024-06-08 01:19:30', '2024-06-08 01:19:30', 4, 1, NULL),
(447, NULL, NULL, 1, NULL, '2024-06-08 01:22:07', '2024-06-08 01:22:07', 4, 1, NULL),
(448, NULL, NULL, 1, NULL, '2024-06-08 01:25:12', '2024-06-08 01:25:12', 6, 2, NULL),
(449, NULL, NULL, 1, NULL, '2024-06-08 02:23:32', '2024-06-08 02:23:32', 6, 2, NULL),
(450, NULL, NULL, 1, NULL, '2024-06-08 02:31:57', '2024-06-08 02:31:57', 4, 1, NULL),
(451, NULL, NULL, 1, NULL, '2024-06-08 02:32:20', '2024-06-08 02:32:20', 4, 1, NULL),
(452, NULL, NULL, 1, NULL, '2024-06-08 02:32:47', '2024-06-08 02:32:47', 4, 1, NULL),
(453, NULL, NULL, 1, NULL, '2024-06-08 02:33:37', '2024-06-08 02:33:37', 4, 1, NULL),
(454, NULL, NULL, 1, NULL, '2024-06-08 03:44:49', '2024-06-08 03:44:49', 4, 1, NULL),
(455, NULL, NULL, 1, NULL, '2024-06-08 16:12:36', '2024-06-08 16:12:36', 6, 2, NULL),
(456, NULL, NULL, 1, NULL, '2024-06-08 18:56:52', '2024-06-08 18:56:52', 6, 2, NULL),
(457, NULL, NULL, 1, NULL, '2024-06-08 18:57:57', '2024-06-08 18:57:57', 6, 2, NULL),
(458, NULL, NULL, 1, NULL, '2024-06-08 18:58:11', '2024-06-08 18:58:11', 6, 2, NULL),
(459, NULL, NULL, 1, NULL, '2024-06-08 20:37:40', '2024-06-08 20:37:40', 6, 2, NULL),
(460, NULL, NULL, 1, NULL, '2024-06-08 20:38:00', '2024-06-08 20:38:00', 6, 2, NULL),
(461, NULL, NULL, 1, NULL, '2024-06-08 20:43:00', '2024-06-08 20:43:00', 6, 2, NULL),
(462, NULL, NULL, 1, NULL, '2024-06-08 21:27:32', '2024-06-08 21:27:32', 6, 2, NULL),
(463, NULL, NULL, 1, NULL, '2024-06-08 21:27:49', '2024-06-08 21:27:49', 6, 2, NULL),
(464, NULL, NULL, 1, NULL, '2024-06-08 22:44:38', '2024-06-08 22:44:38', 2, 2, NULL),
(465, NULL, NULL, 1, NULL, '2024-06-08 22:46:55', '2024-06-08 22:46:55', 2, 2, NULL),
(466, NULL, NULL, 1, NULL, '2024-06-08 23:02:59', '2024-06-08 23:02:59', 2, 2, NULL),
(467, NULL, NULL, 1, NULL, '2024-06-08 23:03:49', '2024-06-08 23:03:49', 2, 2, NULL),
(468, NULL, NULL, 1, NULL, '2024-06-08 23:06:31', '2024-06-08 23:06:31', 2, 2, NULL),
(469, NULL, NULL, 1, NULL, '2024-06-08 23:08:18', '2024-06-08 23:08:18', 2, 2, NULL),
(470, NULL, NULL, 1, NULL, '2024-06-08 23:09:29', '2024-06-08 23:09:29', 2, 2, NULL),
(471, NULL, NULL, 1, NULL, '2024-06-08 23:10:11', '2024-06-08 23:10:11', 2, 2, NULL),
(472, NULL, NULL, 1, NULL, '2024-06-08 23:11:04', '2024-06-08 23:11:04', 2, 2, NULL),
(473, NULL, NULL, 1, NULL, '2024-06-08 23:11:54', '2024-06-08 23:11:54', 2, 2, NULL),
(474, NULL, NULL, 1, NULL, '2024-06-08 23:12:54', '2024-06-08 23:12:54', 2, 2, NULL),
(475, NULL, NULL, 1, NULL, '2024-06-08 23:13:53', '2024-06-08 23:13:53', 2, 2, NULL),
(476, NULL, NULL, 1, NULL, '2024-06-08 23:16:59', '2024-06-08 23:16:59', 2, 2, NULL),
(477, NULL, NULL, 1, NULL, '2024-06-09 00:35:44', '2024-06-09 00:35:44', 6, 2, NULL),
(478, NULL, NULL, 1, NULL, '2024-06-09 00:36:03', '2024-06-09 00:36:03', 6, 2, NULL),
(479, NULL, NULL, 1, NULL, '2024-06-09 00:36:23', '2024-06-09 00:36:23', 6, 2, NULL),
(480, NULL, NULL, 1, NULL, '2024-06-09 00:37:15', '2024-06-09 00:37:15', 6, 2, NULL),
(481, NULL, NULL, 1, NULL, '2024-06-09 00:37:39', '2024-06-09 00:37:39', 6, 2, NULL),
(482, NULL, NULL, 1, NULL, '2024-06-09 00:37:56', '2024-06-09 00:37:56', 6, 2, NULL),
(483, NULL, NULL, 1, NULL, '2024-06-09 00:38:14', '2024-06-09 00:38:14', 6, 2, NULL),
(484, NULL, NULL, 1, NULL, '2024-06-09 01:06:56', '2024-06-09 01:06:56', 6, 2, NULL),
(485, NULL, NULL, 1, NULL, '2024-06-09 01:10:56', '2024-06-09 01:10:56', 6, 2, NULL),
(486, NULL, NULL, 1, NULL, '2024-06-09 01:15:51', '2024-06-09 01:15:51', 6, 2, NULL),
(487, NULL, NULL, 1, NULL, '2024-06-09 01:16:04', '2024-06-09 01:16:04', 6, 2, NULL),
(488, NULL, NULL, 1, NULL, '2024-06-09 01:19:59', '2024-06-09 01:19:59', 6, 2, NULL),
(489, NULL, NULL, 1, NULL, '2024-06-09 01:25:40', '2024-06-09 01:25:40', 6, 2, NULL),
(490, NULL, NULL, 1, NULL, '2024-06-09 03:36:43', '2024-06-09 03:36:43', 7, 1, NULL),
(491, NULL, NULL, 1, NULL, '2024-06-09 03:37:39', '2024-06-09 03:37:39', 7, 1, NULL),
(492, NULL, NULL, 1, NULL, '2024-06-09 03:37:58', '2024-06-09 03:37:58', 7, 1, NULL),
(493, NULL, NULL, 1, NULL, '2024-06-09 03:38:38', '2024-06-09 03:38:38', 7, 1, NULL),
(494, NULL, NULL, 1, NULL, '2024-06-09 03:38:54', '2024-06-09 03:38:54', 7, 1, NULL),
(495, NULL, NULL, 1, NULL, '2024-06-09 03:41:51', '2024-06-09 03:41:51', 7, 1, NULL),
(496, NULL, NULL, 1, NULL, '2024-06-09 03:42:04', '2024-06-09 03:42:04', 7, 1, NULL),
(497, NULL, NULL, 1, NULL, '2024-06-09 03:42:25', '2024-06-09 03:42:25', 7, 1, NULL),
(498, NULL, NULL, 1, NULL, '2024-06-09 03:42:50', '2024-06-09 03:42:50', 7, 1, NULL),
(499, NULL, NULL, 1, NULL, '2024-06-09 03:43:14', '2024-06-09 03:43:14', 7, 1, NULL),
(500, NULL, NULL, 1, NULL, '2024-06-09 03:43:34', '2024-06-09 03:43:34', 7, 1, NULL),
(501, NULL, NULL, 1, NULL, '2024-06-09 03:44:32', '2024-06-09 03:44:32', 7, 1, NULL),
(502, NULL, NULL, 1, NULL, '2024-06-09 03:44:50', '2024-06-09 03:44:50', 7, 1, NULL),
(503, NULL, NULL, 1, NULL, '2024-06-09 03:45:59', '2024-06-09 03:45:59', 7, 1, NULL),
(504, NULL, NULL, 1, NULL, '2024-06-09 03:46:19', '2024-06-09 03:46:19', 7, 1, NULL),
(505, NULL, NULL, 1, NULL, '2024-06-09 03:46:37', '2024-06-09 03:46:37', 7, 1, NULL),
(506, NULL, NULL, 1, NULL, '2024-06-09 03:49:03', '2024-06-09 03:49:03', 7, 1, NULL),
(507, NULL, NULL, 1, NULL, '2024-06-09 03:49:24', '2024-06-09 03:49:24', 7, 1, NULL),
(508, NULL, NULL, 1, NULL, '2024-06-09 03:49:54', '2024-06-09 03:49:54', 7, 1, NULL),
(509, NULL, NULL, 1, NULL, '2024-06-09 22:25:59', '2024-06-09 22:25:59', 4, 1, NULL),
(510, NULL, NULL, 1, NULL, '2024-06-09 22:26:47', '2024-06-09 22:26:47', 4, 1, NULL),
(511, NULL, NULL, 1, NULL, '2024-06-09 22:27:16', '2024-06-09 22:27:16', 4, 1, NULL),
(512, NULL, NULL, 1, NULL, '2024-06-09 22:27:45', '2024-06-09 22:27:45', 4, 1, NULL),
(513, NULL, NULL, 1, NULL, '2024-06-09 22:28:11', '2024-06-09 22:28:11', 4, 1, NULL),
(514, NULL, NULL, 1, NULL, '2024-06-09 22:28:38', '2024-06-09 22:28:38', 4, 1, NULL),
(515, NULL, NULL, 1, NULL, '2024-06-09 22:30:18', '2024-06-09 22:30:18', 4, 1, NULL),
(516, NULL, NULL, 1, NULL, '2024-06-09 22:30:49', '2024-06-09 22:30:49', 4, 1, NULL),
(517, NULL, NULL, 1, NULL, '2024-06-09 22:31:09', '2024-06-09 22:31:09', 4, 1, NULL),
(518, NULL, NULL, 1, NULL, '2024-06-09 22:31:31', '2024-06-09 22:31:31', 4, 1, NULL),
(519, NULL, NULL, 1, NULL, '2024-06-09 22:32:02', '2024-06-09 22:32:02', 4, 1, NULL),
(520, NULL, NULL, 1, NULL, '2024-06-10 00:13:34', '2024-06-10 00:13:34', 6, 1, NULL),
(521, NULL, NULL, 1, NULL, '2024-06-10 00:15:10', '2024-06-10 00:15:10', 6, 1, NULL),
(522, NULL, NULL, 1, NULL, '2024-06-10 02:13:12', '2024-06-10 02:13:12', 6, 2, NULL),
(523, NULL, NULL, 1, NULL, '2024-06-10 02:13:43', '2024-06-10 02:13:43', 6, 2, NULL),
(524, NULL, NULL, 1, NULL, '2024-06-10 02:14:20', '2024-06-10 02:14:20', 6, 2, NULL),
(525, NULL, NULL, 1, NULL, '2024-06-10 02:14:39', '2024-06-10 02:14:39', 6, 2, NULL),
(526, NULL, NULL, 1, NULL, '2024-06-10 02:16:21', '2024-06-10 02:16:21', 6, 2, NULL),
(527, NULL, NULL, 1, NULL, '2024-06-10 02:16:58', '2024-06-10 02:16:58', 6, 2, NULL),
(528, NULL, NULL, 1, NULL, '2024-06-10 02:17:16', '2024-06-10 02:17:16', 6, 2, NULL),
(529, NULL, NULL, 1, NULL, '2024-06-10 02:17:49', '2024-06-10 02:17:49', 6, 2, NULL),
(530, NULL, NULL, 1, NULL, '2024-06-10 02:18:14', '2024-06-10 02:18:14', 6, 2, NULL),
(531, NULL, NULL, 1, NULL, '2024-06-10 18:09:20', '2024-06-10 18:09:20', 6, 2, NULL),
(532, NULL, NULL, 1, NULL, '2024-06-11 02:37:02', '2024-06-11 02:37:02', 7, 1, NULL),
(533, NULL, NULL, 1, NULL, '2024-06-11 02:37:24', '2024-06-11 02:37:24', 7, 1, NULL),
(534, NULL, NULL, 1, NULL, '2024-06-11 19:23:26', '2024-06-11 19:23:26', 6, 2, NULL),
(535, NULL, NULL, 1, NULL, '2024-06-11 19:23:52', '2024-06-11 19:23:52', 6, 2, NULL),
(536, NULL, NULL, 1, NULL, '2024-06-12 00:34:36', '2024-06-12 00:34:36', 6, 2, NULL),
(537, NULL, NULL, 1, NULL, '2024-06-12 00:36:09', '2024-06-12 00:36:09', 4, 1, NULL),
(538, NULL, NULL, 1, NULL, '2024-06-13 00:50:19', '2024-06-13 00:50:19', 4, 1, NULL),
(539, NULL, NULL, 1, NULL, '2024-06-13 00:50:38', '2024-06-13 00:50:38', 4, 1, NULL),
(540, NULL, NULL, 1, NULL, '2024-06-13 00:51:04', '2024-06-13 00:51:04', 4, 1, NULL),
(541, NULL, NULL, 1, NULL, '2024-06-13 18:07:11', '2024-06-13 18:07:11', 6, 2, NULL),
(542, NULL, NULL, 1, NULL, '2024-06-14 02:01:11', '2024-06-14 02:01:11', 5, 2, NULL),
(543, NULL, NULL, 1, NULL, '2024-06-14 02:01:32', '2024-06-14 02:01:32', 5, 2, NULL),
(544, NULL, NULL, 1, NULL, '2024-06-14 02:01:42', '2024-06-14 02:01:42', 5, 2, NULL),
(545, NULL, NULL, 1, NULL, '2024-06-14 02:02:13', '2024-06-14 02:02:13', 5, 2, NULL),
(546, NULL, NULL, 1, NULL, '2024-06-14 02:02:47', '2024-06-14 02:02:47', 5, 2, NULL),
(547, NULL, NULL, 1, NULL, '2024-06-14 02:03:38', '2024-06-14 02:03:38', 5, 2, NULL),
(548, NULL, NULL, 1, NULL, '2024-06-14 02:22:18', '2024-06-14 02:22:18', 6, 2, NULL),
(549, NULL, NULL, 1, NULL, '2024-06-14 02:22:34', '2024-06-14 02:22:34', 6, 2, NULL),
(550, NULL, NULL, 1, NULL, '2024-06-14 02:22:51', '2024-06-14 02:22:51', 6, 2, NULL),
(551, NULL, NULL, 1, NULL, '2024-06-14 19:28:50', '2024-06-14 19:28:50', 6, 2, NULL),
(552, NULL, NULL, 1, NULL, '2024-06-14 21:25:49', '2024-06-14 21:25:49', 6, 2, NULL),
(553, NULL, NULL, 1, NULL, '2024-06-15 01:09:29', '2024-06-15 01:09:29', 6, 2, NULL),
(554, NULL, NULL, 1, NULL, '2024-06-15 01:09:43', '2024-06-15 01:09:43', 6, 2, NULL),
(555, NULL, NULL, 1, NULL, '2024-06-15 02:46:36', '2024-06-15 02:46:36', 4, 1, NULL),
(556, NULL, NULL, 1, NULL, '2024-06-15 02:47:25', '2024-06-15 02:47:25', 4, 1, NULL),
(557, NULL, NULL, 1, NULL, '2024-06-15 02:47:49', '2024-06-15 02:47:49', 4, 1, NULL),
(558, NULL, NULL, 1, NULL, '2024-06-15 02:48:21', '2024-06-15 02:48:21', 4, 1, NULL),
(559, NULL, NULL, 1, NULL, '2024-06-15 03:32:31', '2024-06-15 03:32:31', 4, 1, NULL),
(560, NULL, NULL, 1, NULL, '2024-06-15 03:32:51', '2024-06-15 03:32:51', 4, 1, NULL),
(561, NULL, NULL, 1, NULL, '2024-06-15 22:19:40', '2024-06-15 22:19:40', 6, 2, NULL),
(562, NULL, NULL, 1, NULL, '2024-06-15 22:20:05', '2024-06-15 22:20:05', 6, 2, NULL),
(563, NULL, NULL, 1, NULL, '2024-06-15 22:20:20', '2024-06-15 22:20:20', 6, 2, NULL),
(564, NULL, NULL, 1, NULL, '2024-06-15 22:25:19', '2024-06-15 22:25:19', 6, 2, NULL),
(565, NULL, NULL, 1, NULL, '2024-06-15 22:25:36', '2024-06-15 22:25:36', 6, 2, NULL),
(566, NULL, NULL, 1, NULL, '2024-06-15 22:29:56', '2024-06-15 22:29:56', 6, 2, NULL),
(567, NULL, NULL, 1, NULL, '2024-06-16 01:07:08', '2024-06-16 01:07:08', 5, 2, NULL),
(568, NULL, NULL, 1, NULL, '2024-06-16 01:07:19', '2024-06-16 01:07:19', 5, 2, NULL),
(569, NULL, NULL, 1, NULL, '2024-06-16 01:07:38', '2024-06-16 01:07:38', 5, 2, NULL),
(570, NULL, NULL, 1, NULL, '2024-06-16 01:08:07', '2024-06-16 01:08:07', 5, 2, NULL),
(571, NULL, NULL, 1, NULL, '2024-06-16 03:10:17', '2024-06-16 03:10:17', 6, 2, NULL),
(572, NULL, NULL, 1, NULL, '2024-06-16 03:10:31', '2024-06-16 03:10:31', 6, 2, NULL),
(573, NULL, NULL, 1, NULL, '2024-06-16 03:10:50', '2024-06-16 03:10:50', 6, 2, NULL),
(574, NULL, NULL, 1, NULL, '2024-06-16 03:11:50', '2024-06-16 03:11:50', 6, 2, NULL),
(575, NULL, NULL, 1, NULL, '2024-06-16 03:12:06', '2024-06-16 03:12:06', 6, 2, NULL),
(576, NULL, NULL, 1, NULL, '2024-06-16 03:42:53', '2024-06-16 03:42:53', 6, 2, NULL),
(577, NULL, NULL, 1, NULL, '2024-06-16 03:46:12', '2024-06-16 03:46:12', 7, 1, NULL),
(578, NULL, NULL, 1, NULL, '2024-06-16 03:47:17', '2024-06-16 03:47:17', 7, 1, NULL),
(579, NULL, NULL, 1, NULL, '2024-06-16 03:48:11', '2024-06-16 03:48:11', 7, 1, NULL),
(580, NULL, NULL, 1, NULL, '2024-06-16 03:48:33', '2024-06-16 03:48:33', 7, 1, NULL),
(581, NULL, NULL, 1, NULL, '2024-06-16 03:49:06', '2024-06-16 03:49:06', 7, 1, NULL),
(582, NULL, NULL, 1, NULL, '2024-06-16 03:49:46', '2024-06-16 03:49:46', 7, 1, NULL),
(583, NULL, NULL, 1, NULL, '2024-06-16 03:50:11', '2024-06-16 03:50:11', 7, 1, NULL),
(584, NULL, NULL, 1, NULL, '2024-06-16 03:50:45', '2024-06-16 03:50:45', 7, 1, NULL),
(585, NULL, NULL, 1, NULL, '2024-06-16 03:51:06', '2024-06-16 03:51:06', 7, 1, NULL),
(586, NULL, NULL, 1, NULL, '2024-06-16 03:51:52', '2024-06-16 03:51:52', 7, 1, NULL),
(587, NULL, NULL, 1, NULL, '2024-06-16 03:52:14', '2024-06-16 03:52:14', 7, 1, NULL),
(588, NULL, NULL, 1, NULL, '2024-06-16 03:52:39', '2024-06-16 03:52:39', 7, 1, NULL),
(589, NULL, NULL, 1, NULL, '2024-06-16 03:53:03', '2024-06-16 03:53:03', 6, 2, NULL),
(590, NULL, NULL, 1, NULL, '2024-06-16 15:58:55', '2024-06-16 15:58:55', 6, 2, NULL),
(591, NULL, NULL, 1, NULL, '2024-06-16 18:57:41', '2024-06-16 18:57:41', 6, 2, NULL),
(592, NULL, NULL, 1, NULL, '2024-06-16 19:46:30', '2024-06-16 19:46:30', 6, 2, NULL),
(593, NULL, NULL, 1, NULL, '2024-06-16 19:46:47', '2024-06-16 19:46:47', 6, 2, NULL),
(594, NULL, NULL, 1, NULL, '2024-06-16 19:47:07', '2024-06-16 19:47:07', 6, 2, NULL),
(595, NULL, NULL, 1, NULL, '2024-06-16 19:48:51', '2024-06-16 19:48:51', 6, 2, NULL),
(596, NULL, NULL, 1, NULL, '2024-06-16 19:59:53', '2024-06-16 19:59:53', 6, 2, NULL),
(597, NULL, NULL, 1, NULL, '2024-06-16 20:00:23', '2024-06-16 20:00:23', 6, 2, NULL),
(598, NULL, NULL, 1, NULL, '2024-06-16 20:49:02', '2024-06-16 20:49:02', 6, 2, NULL),
(599, NULL, NULL, 1, NULL, '2024-06-16 22:02:46', '2024-06-16 22:02:46', 6, 2, NULL),
(600, NULL, NULL, 1, NULL, '2024-06-16 22:50:50', '2024-06-16 22:50:50', 6, 2, NULL),
(601, NULL, NULL, 1, NULL, '2024-06-16 22:51:03', '2024-06-16 22:51:03', 6, 2, NULL),
(602, NULL, NULL, 1, NULL, '2024-06-17 00:51:51', '2024-06-17 00:51:51', 6, 2, NULL),
(603, NULL, NULL, 1, NULL, '2024-06-17 00:52:32', '2024-06-17 00:52:32', 6, 2, NULL),
(604, NULL, NULL, 1, NULL, '2024-06-17 00:52:54', '2024-06-17 00:52:54', 6, 2, NULL),
(605, NULL, NULL, 1, NULL, '2024-06-17 00:53:17', '2024-06-17 00:53:17', 6, 2, NULL),
(606, NULL, NULL, 1, NULL, '2024-06-17 00:53:52', '2024-06-17 00:53:52', 6, 2, NULL),
(607, NULL, NULL, 1, NULL, '2024-06-17 00:54:08', '2024-06-17 00:54:08', 6, 2, NULL);
INSERT INTO `sale_invoices` (`id`, `comment`, `due_payment_date`, `paid`, `paid_date`, `created_at`, `updated_at`, `user_id`, `warehouse_id`, `client_id`) VALUES
(608, NULL, NULL, 1, NULL, '2024-06-17 00:54:38', '2024-06-17 00:54:38', 6, 2, NULL),
(609, NULL, NULL, 1, NULL, '2024-06-17 00:55:10', '2024-06-17 00:55:10', 6, 2, NULL),
(610, NULL, NULL, 1, NULL, '2024-06-17 00:56:58', '2024-06-17 00:56:58', 6, 2, NULL),
(611, NULL, NULL, 1, NULL, '2024-06-17 00:57:11', '2024-06-17 00:57:11', 6, 2, NULL),
(612, NULL, NULL, 1, NULL, '2024-06-17 00:58:08', '2024-06-17 00:58:08', 6, 2, NULL),
(613, NULL, NULL, 1, NULL, '2024-06-17 00:58:27', '2024-06-17 00:58:27', 6, 2, NULL),
(614, NULL, NULL, 1, NULL, '2024-06-17 00:58:44', '2024-06-17 00:58:44', 6, 2, NULL),
(615, NULL, NULL, 1, NULL, '2024-06-17 00:59:52', '2024-06-17 00:59:52', 6, 2, NULL),
(616, NULL, NULL, 1, NULL, '2024-06-17 01:09:20', '2024-06-17 01:09:20', 6, 2, NULL),
(617, NULL, NULL, 1, NULL, '2024-06-17 01:09:40', '2024-06-17 01:09:40', 6, 2, NULL),
(618, NULL, NULL, 1, NULL, '2024-06-17 01:10:06', '2024-06-17 01:10:06', 6, 2, NULL),
(619, NULL, NULL, 1, NULL, '2024-06-17 01:10:35', '2024-06-17 01:10:35', 6, 2, NULL),
(620, NULL, NULL, 1, NULL, '2024-06-17 01:10:49', '2024-06-17 01:10:49', 6, 2, NULL),
(621, NULL, NULL, 1, NULL, '2024-06-17 01:11:04', '2024-06-17 01:11:04', 6, 2, NULL),
(622, NULL, NULL, 1, NULL, '2024-06-17 01:11:20', '2024-06-17 01:11:20', 6, 2, NULL),
(623, NULL, NULL, 1, NULL, '2024-06-18 00:59:17', '2024-06-18 00:59:17', 7, 1, NULL),
(624, NULL, NULL, 1, NULL, '2024-06-18 00:59:31', '2024-06-18 00:59:31', 7, 1, NULL),
(625, NULL, NULL, 1, NULL, '2024-06-18 01:00:09', '2024-06-18 01:00:09', 7, 1, NULL),
(626, NULL, NULL, 1, NULL, '2024-06-19 01:26:43', '2024-06-19 01:26:43', 4, 1, NULL),
(627, NULL, NULL, 1, NULL, '2024-06-19 01:28:44', '2024-06-19 01:28:44', 4, 1, NULL),
(628, NULL, NULL, 1, NULL, '2024-06-20 01:32:16', '2024-06-20 01:32:16', 4, 1, NULL),
(629, NULL, NULL, 1, NULL, '2024-06-20 01:32:32', '2024-06-20 01:32:32', 4, 1, NULL),
(630, NULL, NULL, 1, NULL, '2024-06-20 22:09:34', '2024-06-20 22:09:34', 6, 2, NULL),
(631, NULL, NULL, 1, NULL, '2024-06-20 22:09:50', '2024-06-20 22:09:50', 6, 2, NULL),
(632, NULL, NULL, 1, NULL, '2024-06-20 22:10:20', '2024-06-20 22:10:20', 6, 2, NULL),
(633, NULL, NULL, 1, NULL, '2024-06-20 22:42:04', '2024-06-20 22:42:04', 6, 2, NULL),
(634, NULL, NULL, 1, NULL, '2024-06-20 23:03:47', '2024-06-20 23:03:47', 6, 2, NULL),
(635, NULL, NULL, 1, NULL, '2024-06-21 00:04:06', '2024-06-21 00:04:06', 6, 2, NULL),
(636, NULL, NULL, 1, NULL, '2024-06-21 00:04:20', '2024-06-21 00:04:20', 6, 2, NULL),
(637, NULL, NULL, 1, NULL, '2024-06-21 14:33:53', '2024-06-21 14:33:53', 6, 2, NULL),
(638, NULL, NULL, 1, NULL, '2024-06-21 14:34:15', '2024-06-21 14:34:15', 6, 2, NULL),
(639, NULL, NULL, 1, NULL, '2024-06-21 14:34:27', '2024-06-21 14:34:27', 6, 2, NULL),
(640, NULL, NULL, 1, NULL, '2024-06-21 14:34:43', '2024-06-21 14:34:43', 6, 2, NULL),
(641, NULL, NULL, 1, NULL, '2024-06-21 14:35:31', '2024-06-21 14:35:31', 6, 2, NULL),
(642, NULL, NULL, 1, NULL, '2024-06-22 00:40:33', '2024-06-22 00:40:33', 6, 2, NULL),
(643, NULL, NULL, 1, NULL, '2024-06-22 03:01:46', '2024-06-22 03:01:46', 4, 1, NULL),
(644, NULL, NULL, 1, NULL, '2024-06-22 03:02:16', '2024-06-22 03:02:16', 4, 1, NULL),
(645, NULL, NULL, 1, NULL, '2024-06-22 03:02:40', '2024-06-22 03:02:40', 4, 1, NULL),
(646, NULL, NULL, 1, NULL, '2024-06-22 03:03:09', '2024-06-22 03:03:09', 4, 1, NULL),
(647, NULL, NULL, 1, NULL, '2024-06-22 03:03:38', '2024-06-22 03:03:38', 4, 1, NULL),
(648, NULL, NULL, 1, NULL, '2024-06-22 03:04:04', '2024-06-22 03:04:04', 4, 1, NULL),
(649, NULL, NULL, 1, NULL, '2024-06-22 03:04:39', '2024-06-22 03:04:39', 4, 1, NULL),
(650, NULL, NULL, 1, NULL, '2024-06-22 20:25:42', '2024-06-22 20:25:42', 6, 2, NULL),
(651, NULL, NULL, 1, NULL, '2024-06-22 21:19:07', '2024-06-22 21:19:07', 6, 2, NULL),
(652, NULL, NULL, 1, NULL, '2024-06-22 21:19:24', '2024-06-22 21:19:24', 6, 2, NULL),
(653, NULL, NULL, 1, NULL, '2024-06-23 03:59:30', '2024-06-23 03:59:30', 7, 1, NULL),
(654, NULL, NULL, 1, NULL, '2024-06-23 03:59:55', '2024-06-23 03:59:55', 7, 1, NULL),
(655, NULL, NULL, 1, NULL, '2024-06-23 04:00:43', '2024-06-23 04:00:43', 7, 1, NULL),
(656, NULL, NULL, 1, NULL, '2024-06-23 04:02:02', '2024-06-23 04:02:02', 7, 1, NULL),
(657, NULL, NULL, 1, NULL, '2024-06-23 04:03:19', '2024-06-23 04:03:19', 7, 1, NULL),
(658, NULL, NULL, 1, NULL, '2024-06-23 04:04:27', '2024-06-23 04:04:27', 7, 1, NULL),
(659, NULL, NULL, 1, NULL, '2024-06-23 04:04:56', '2024-06-23 04:04:56', 7, 1, NULL),
(660, NULL, NULL, 1, NULL, '2024-06-23 04:05:50', '2024-06-23 04:05:50', 7, 1, NULL),
(661, NULL, NULL, 1, NULL, '2024-06-23 04:06:19', '2024-06-23 04:06:19', 7, 1, NULL),
(662, NULL, NULL, 1, NULL, '2024-06-23 04:06:45', '2024-06-23 04:06:45', 7, 1, NULL),
(663, NULL, NULL, 1, NULL, '2024-06-23 04:07:14', '2024-06-23 04:07:14', 7, 1, NULL),
(664, NULL, NULL, 1, NULL, '2024-06-23 04:09:08', '2024-06-23 04:09:08', 7, 1, NULL),
(665, NULL, NULL, 1, NULL, '2024-06-23 19:39:11', '2024-06-23 19:39:11', 6, 2, NULL),
(666, NULL, NULL, 1, NULL, '2024-06-23 19:39:47', '2024-06-23 19:39:47', 6, 2, NULL),
(667, NULL, NULL, 1, NULL, '2024-06-23 19:40:11', '2024-06-23 19:40:11', 6, 2, NULL),
(668, NULL, NULL, 1, NULL, '2024-06-23 19:40:29', '2024-06-23 19:40:29', 6, 2, NULL),
(669, NULL, NULL, 1, NULL, '2024-06-23 19:40:50', '2024-06-23 19:40:50', 6, 2, NULL),
(670, NULL, NULL, 1, NULL, '2024-06-23 19:41:02', '2024-06-23 19:41:02', 6, 2, NULL),
(671, NULL, NULL, 1, NULL, '2024-06-23 19:41:36', '2024-06-23 19:41:36', 6, 2, NULL),
(672, NULL, NULL, 1, NULL, '2024-06-23 22:08:38', '2024-06-23 22:08:38', 6, 2, NULL),
(673, NULL, NULL, 1, NULL, '2024-06-24 01:27:15', '2024-06-24 01:27:15', 6, 1, NULL),
(674, NULL, NULL, 1, NULL, '2024-06-24 01:27:26', '2024-06-24 01:27:26', 6, 1, NULL),
(675, NULL, NULL, 1, NULL, '2024-06-24 01:27:38', '2024-06-24 01:27:38', 6, 1, NULL),
(676, NULL, NULL, 1, NULL, '2024-06-24 01:28:09', '2024-06-24 01:28:09', 6, 1, NULL),
(677, NULL, NULL, 1, NULL, '2024-06-24 01:28:23', '2024-06-24 01:28:23', 6, 1, NULL),
(678, NULL, NULL, 1, NULL, '2024-06-24 01:29:44', '2024-06-24 01:29:44', 6, 1, NULL),
(679, NULL, NULL, 1, NULL, '2024-06-24 01:29:59', '2024-06-24 01:29:59', 6, 1, NULL),
(680, NULL, NULL, 1, NULL, '2024-06-24 01:30:07', '2024-06-24 01:30:07', 6, 1, NULL),
(681, NULL, NULL, 1, NULL, '2024-06-25 00:17:08', '2024-06-25 00:17:08', 7, 1, NULL),
(682, NULL, NULL, 1, NULL, '2024-06-25 00:18:33', '2024-06-25 00:18:33', 7, 1, NULL),
(683, NULL, NULL, 1, NULL, '2024-06-25 00:18:48', '2024-06-25 00:18:48', 7, 1, NULL),
(684, NULL, NULL, 1, NULL, '2024-06-27 01:10:54', '2024-06-27 01:10:54', 4, 1, NULL),
(685, NULL, NULL, 1, NULL, '2024-06-27 01:11:23', '2024-06-27 01:11:23', 4, 1, NULL),
(686, NULL, NULL, 1, NULL, '2024-06-27 01:12:18', '2024-06-27 01:12:18', 4, 1, NULL),
(687, NULL, NULL, 1, NULL, '2024-06-27 02:00:23', '2024-06-27 02:00:23', 4, 1, NULL),
(688, NULL, NULL, 1, NULL, '2024-06-27 02:00:47', '2024-06-27 02:00:47', 4, 1, NULL),
(689, NULL, NULL, 1, NULL, '2024-06-28 00:24:20', '2024-06-28 00:24:20', 6, 2, NULL),
(690, NULL, NULL, 1, NULL, '2024-06-28 00:24:42', '2024-06-28 00:24:42', 6, 2, NULL),
(691, NULL, NULL, 1, NULL, '2024-06-28 18:21:08', '2024-06-28 18:21:08', 6, 2, NULL),
(692, NULL, NULL, 1, NULL, '2024-06-28 20:08:03', '2024-06-28 20:08:03', 6, 2, NULL),
(693, NULL, NULL, 1, NULL, '2024-06-29 03:24:07', '2024-06-29 03:24:07', 4, 1, NULL),
(694, NULL, NULL, 1, NULL, '2024-06-29 03:25:00', '2024-06-29 03:25:00', 4, 1, NULL),
(695, NULL, NULL, 1, NULL, '2024-06-29 03:25:39', '2024-06-29 03:25:39', 4, 1, NULL),
(696, NULL, NULL, 1, NULL, '2024-06-29 03:26:12', '2024-06-29 03:26:12', 4, 1, NULL),
(697, NULL, NULL, 1, NULL, '2024-06-29 03:26:59', '2024-06-29 03:26:59', 4, 1, NULL),
(698, NULL, NULL, 1, NULL, '2024-06-29 03:29:12', '2024-06-29 03:29:12', 4, 1, NULL),
(699, NULL, NULL, 1, NULL, '2024-06-29 03:32:30', '2024-06-29 03:32:30', 4, 1, NULL),
(700, NULL, NULL, 1, NULL, '2024-06-29 17:11:56', '2024-06-29 17:11:56', 6, 2, NULL),
(701, NULL, NULL, 1, NULL, '2024-06-29 17:12:08', '2024-06-29 17:12:08', 6, 2, NULL),
(702, NULL, NULL, 1, NULL, '2024-06-29 17:51:27', '2024-06-29 17:51:27', 6, 2, NULL),
(703, NULL, NULL, 1, NULL, '2024-06-29 21:06:03', '2024-06-29 21:06:03', 6, 2, NULL),
(704, NULL, NULL, 1, NULL, '2024-06-29 21:31:53', '2024-06-29 21:31:53', 6, 2, NULL),
(705, NULL, NULL, 1, NULL, '2024-06-30 01:12:01', '2024-06-30 01:12:01', 6, 2, NULL),
(706, NULL, NULL, 1, NULL, '2024-06-30 01:12:19', '2024-06-30 01:12:19', 6, 2, NULL),
(707, NULL, NULL, 1, NULL, '2024-06-30 04:03:06', '2024-06-30 04:03:06', 7, 1, NULL),
(708, NULL, NULL, 1, NULL, '2024-06-30 04:04:11', '2024-06-30 04:04:11', 7, 1, NULL),
(709, NULL, NULL, 1, NULL, '2024-06-30 04:04:58', '2024-06-30 04:04:58', 7, 1, NULL),
(710, NULL, NULL, 1, NULL, '2024-06-30 04:05:24', '2024-06-30 04:05:24', 7, 1, NULL),
(711, NULL, NULL, 1, NULL, '2024-06-30 04:05:49', '2024-06-30 04:05:49', 7, 1, NULL),
(712, NULL, NULL, 1, NULL, '2024-06-30 04:07:42', '2024-06-30 04:07:42', 7, 1, NULL),
(713, NULL, NULL, 1, NULL, '2024-06-30 04:09:03', '2024-06-30 04:09:03', 7, 1, NULL),
(714, NULL, NULL, 1, NULL, '2024-06-30 04:10:48', '2024-06-30 04:10:48', 7, 1, NULL),
(715, NULL, NULL, 1, NULL, '2024-06-30 04:11:18', '2024-06-30 04:11:18', 7, 1, NULL),
(716, NULL, NULL, 1, NULL, '2024-06-30 04:11:51', '2024-06-30 04:11:51', 7, 1, NULL),
(717, NULL, NULL, 1, NULL, '2024-06-30 04:12:57', '2024-06-30 04:12:57', 7, 1, NULL),
(718, NULL, NULL, 1, NULL, '2024-06-30 04:13:31', '2024-06-30 04:13:31', 7, 1, NULL),
(719, NULL, NULL, 1, NULL, '2024-06-30 04:14:03', '2024-06-30 04:14:03', 7, 1, NULL),
(720, NULL, NULL, 1, NULL, '2024-06-30 04:14:44', '2024-06-30 04:14:44', 7, 1, NULL),
(721, NULL, NULL, 1, NULL, '2024-06-30 04:19:17', '2024-06-30 04:19:17', 7, 1, NULL),
(722, NULL, NULL, 1, NULL, '2024-06-30 04:59:18', '2024-06-30 04:59:18', 6, 2, NULL),
(723, NULL, NULL, 1, NULL, '2024-06-30 05:03:47', '2024-06-30 05:03:47', 6, 2, NULL),
(724, NULL, NULL, 1, NULL, '2024-07-01 02:30:53', '2024-07-01 02:30:53', 5, 1, NULL),
(725, NULL, NULL, 1, NULL, '2024-07-01 02:31:19', '2024-07-01 02:31:19', 5, 1, NULL),
(726, NULL, NULL, 1, NULL, '2024-07-01 02:31:43', '2024-07-01 02:31:43', 5, 1, NULL),
(727, NULL, NULL, 1, NULL, '2024-07-01 02:31:59', '2024-07-01 02:31:59', 5, 1, NULL),
(728, NULL, NULL, 1, NULL, '2024-07-01 02:32:17', '2024-07-01 02:32:17', 5, 1, NULL),
(729, NULL, NULL, 1, NULL, '2024-07-01 02:32:39', '2024-07-01 02:32:39', 5, 1, NULL),
(730, NULL, NULL, 1, NULL, '2024-07-01 02:32:58', '2024-07-01 02:32:58', 5, 1, NULL),
(731, NULL, NULL, 1, NULL, '2024-07-01 02:33:28', '2024-07-01 02:33:28', 5, 1, NULL),
(732, NULL, NULL, 1, NULL, '2024-07-01 02:34:42', '2024-07-01 02:34:42', 5, 1, NULL),
(733, NULL, NULL, 1, NULL, '2024-07-01 02:36:08', '2024-07-01 02:36:08', 5, 1, NULL),
(734, NULL, NULL, 1, NULL, '2024-07-01 02:36:35', '2024-07-01 02:36:35', 5, 1, NULL),
(735, NULL, NULL, 1, NULL, '2024-07-01 02:37:03', '2024-07-01 02:37:03', 5, 1, NULL),
(736, NULL, NULL, 1, NULL, '2024-07-01 02:37:23', '2024-07-01 02:37:23', 5, 1, NULL),
(737, NULL, NULL, 1, NULL, '2024-07-01 02:37:38', '2024-07-01 02:37:38', 5, 1, NULL),
(738, NULL, NULL, 1, NULL, '2024-07-01 02:37:50', '2024-07-01 02:37:50', 5, 1, NULL),
(739, NULL, NULL, 1, NULL, '2024-07-01 02:38:30', '2024-07-01 02:38:30', 5, 1, NULL),
(740, NULL, NULL, 1, NULL, '2024-07-01 02:38:30', '2024-07-01 02:38:30', 5, 1, NULL),
(741, NULL, NULL, 1, NULL, '2024-07-01 03:00:21', '2024-07-01 03:00:21', 6, 2, NULL),
(742, NULL, NULL, 1, NULL, '2024-07-01 03:00:38', '2024-07-01 03:00:38', 6, 2, NULL),
(743, NULL, NULL, 1, NULL, '2024-07-02 02:51:48', '2024-07-02 02:51:48', 7, 1, NULL),
(744, 'REGULACION DE CANT', NULL, 1, NULL, '2024-07-02 16:07:49', '2024-07-02 16:07:49', 2, 2, NULL),
(745, 'REGULACION DE EXISTENCIAS', NULL, 1, NULL, '2024-07-02 16:10:57', '2024-07-02 16:10:57', 2, 1, NULL),
(746, 'REGULACION DE EXISTENCIAS', NULL, 1, NULL, '2024-07-02 16:11:15', '2024-07-02 16:11:15', 2, 1, NULL),
(747, 'REGULACION DE EXISTENCIAS', NULL, 1, NULL, '2024-07-02 16:11:23', '2024-07-02 16:11:23', 2, 1, NULL),
(748, 'REGUALACION DE EXISTENCIAS', NULL, 1, NULL, '2024-07-02 16:12:14', '2024-07-02 16:12:14', 2, 1, NULL),
(749, 'REGULACION DE EXISTENCIAS', NULL, 1, NULL, '2024-07-02 16:14:23', '2024-07-02 16:14:23', 2, 1, NULL),
(750, 'REGULACION DE EXISTENCIAS', NULL, 1, NULL, '2024-07-02 16:14:28', '2024-07-02 16:14:28', 2, 1, NULL),
(751, 'REGULACION DE EXISTENCIAS', NULL, 1, NULL, '2024-07-02 16:14:33', '2024-07-02 16:14:33', 2, 1, NULL),
(752, NULL, NULL, 1, NULL, '2024-07-02 16:15:08', '2024-07-02 16:15:08', 2, 1, NULL),
(753, NULL, NULL, 1, NULL, '2024-07-02 16:16:03', '2024-07-02 16:16:03', 2, 1, NULL),
(754, NULL, NULL, 1, NULL, '2024-07-02 16:17:07', '2024-07-02 16:17:07', 2, 1, NULL),
(755, NULL, NULL, 1, NULL, '2024-07-02 16:18:22', '2024-07-02 16:18:22', 2, 1, NULL),
(756, NULL, NULL, 1, NULL, '2024-07-03 01:27:59', '2024-07-03 01:27:59', 4, 1, NULL),
(757, NULL, NULL, 1, NULL, '2024-07-03 01:29:02', '2024-07-03 01:29:02', 4, 1, NULL),
(758, NULL, NULL, 1, NULL, '2024-07-03 01:29:24', '2024-07-03 01:29:24', 4, 1, NULL),
(759, NULL, NULL, 1, NULL, '2024-07-03 01:29:51', '2024-07-03 01:29:51', 4, 1, NULL),
(760, NULL, NULL, 1, NULL, '2024-07-03 02:13:19', '2024-07-03 02:13:19', 6, 2, NULL);

-- --------------------------------------------------------

--
-- Table structure for table `sessions`
--

CREATE TABLE `sessions` (
  `id` varchar(255) NOT NULL,
  `user_id` bigint(20) UNSIGNED DEFAULT NULL,
  `ip_address` varchar(45) DEFAULT NULL,
  `user_agent` text DEFAULT NULL,
  `payload` longtext NOT NULL,
  `last_activity` int(11) NOT NULL
) ENGINE=InnoDB DEFAULT CHARSET=utf8mb4 COLLATE=utf8mb4_unicode_ci;

--
-- Dumping data for table `sessions`
--

INSERT INTO `sessions` (`id`, `user_id`, `ip_address`, `user_agent`, `payload`, `last_activity`) VALUES
('09eK9tnC6iE8WuLzMdHhQ50YivmbSlrwYm6Zu7pz', NULL, '46.228.199.158', 'Mozilla/5.0 (Windows NT 10.0; Win64; x64) AppleWebKit/537.36 (KHTML, like Gecko) Chrome/91.0.4472.114 Safari/537.36 Edg/91.0.864.54', 'YTozOntzOjY6Il90b2tlbiI7czo0MDoiTDVUVmJVVVRXem9XMEhEeUkxaUwyeGlDN0lzb1pUbkhJclNZWGszdyI7czo5OiJfcHJldmlvdXMiO2E6MTp7czozOiJ1cmwiO3M6MzA6Imh0dHBzOi8vZWxsaWNlbmNpYWRvLmFwcC9sb2dpbiI7fXM6NjoiX2ZsYXNoIjthOjI6e3M6Mzoib2xkIjthOjA6e31zOjM6Im5ldyI7YTowOnt9fX0=', 1720035845),
('7LlhNVZq84KxsuH7V7lU1pVQgfZP1OMl0ugqZ7lW', 1, '177.53.214.134', 'Mozilla/5.0 (Windows NT 10.0; Win64; x64) AppleWebKit/537.36 (KHTML, like Gecko) Chrome/126.0.0.0 Safari/537.36', 'YTo0OntzOjY6Il90b2tlbiI7czo0MDoiUEw5RDVwRlRZQ1BIMThkV3VNcTQxenoxdTdYbW12VUdHTE1QMlFVTCI7czo2OiJfZmxhc2giO2E6Mjp7czozOiJvbGQiO2E6MDp7fXM6MzoibmV3IjthOjA6e319czo1MDoibG9naW5fd2ViXzU5YmEzNmFkZGMyYjJmOTQwMTU4MGYwMTRjN2Y1OGVhNGUzMDk4OWQiO2k6MTtzOjk6Il9wcmV2aW91cyI7YToxOntzOjM6InVybCI7czo4NzoiaHR0cHM6Ly9lbGxpY2VuY2lhZG8uYXBwL3ZlbnRhcz9kYXRlX2Zyb209MjAyNC0wNi0wMyZkYXRlX3RvPTIwMjQtMDctMDMmcmVwb3J0X3R5cGU9YWxsIjt9fQ==', 1720050706),
('9GSmjErnsX3J7NuxsyGQbaNTqiCsVDjbyvP2Wdks', NULL, '185.237.15.175', 'Mozilla/5.0 (Macintosh; Intel Mac OS X 10_10) AppleWebKit/537.36 (KHTML, like Gecko) Chrome/37.0.2062.124 Safari/537.36', 'YTozOntzOjY6Il90b2tlbiI7czo0MDoiRnlNSUR0MDBXM2lEbkJqOE5kcXo4emlnMWRZVUhQeFB3cnVjNlI4TCI7czo5OiJfcHJldmlvdXMiO2E6MTp7czozOiJ1cmwiO3M6MjQ6Imh0dHBzOi8vZWxsaWNlbmNpYWRvLmFwcCI7fXM6NjoiX2ZsYXNoIjthOjI6e3M6Mzoib2xkIjthOjA6e31zOjM6Im5ldyI7YTowOnt9fX0=', 1720034493),
('eupYHzBOtoDXDAG8p1pSudGPu3bHcO69PHGWxFnO', NULL, '185.237.15.175', 'Mozilla/5.0 (Macintosh; Intel Mac OS X 10_10) AppleWebKit/537.36 (KHTML, like Gecko) Chrome/37.0.2062.124 Safari/537.36', 'YTozOntzOjY6Il90b2tlbiI7czo0MDoickxmMVJOMFU1ZHFPdlNwZmVTMXphb2xGRloza0lIcGh5ejdBdGZnayI7czo5OiJfcHJldmlvdXMiO2E6MTp7czozOiJ1cmwiO3M6MzA6Imh0dHBzOi8vZWxsaWNlbmNpYWRvLmFwcC9sb2dpbiI7fXM6NjoiX2ZsYXNoIjthOjI6e3M6Mzoib2xkIjthOjA6e31zOjM6Im5ldyI7YTowOnt9fX0=', 1720034493),
('J3UBFHw9lQk0rsn6OKNe0JIL9W3Nhbodwb6yTdaj', NULL, '185.237.15.175', 'Opera/9.80 (Windows NT 6.1; Win64; x64; U; en) Presto/2.2.15 Version/10.10', 'YTozOntzOjY6Il90b2tlbiI7czo0MDoiQkNWc1BJYUZRT3VCNTFqQmZsT0JNd0tiZnc0bml4MU9La3dkT3MydCI7czo5OiJfcHJldmlvdXMiO2E6MTp7czozOiJ1cmwiO3M6MjQ6Imh0dHBzOi8vZWxsaWNlbmNpYWRvLmFwcCI7fXM6NjoiX2ZsYXNoIjthOjI6e3M6Mzoib2xkIjthOjA6e31zOjM6Im5ldyI7YTowOnt9fX0=', 1720034494),
('lKX85NUQXyGfZGDjXPFndgI3AwlhaaB5Uw7SNUPE', NULL, '43.159.129.209', 'Mozilla/5.0 (iPhone; CPU iPhone OS 13_2_3 like Mac OS X) AppleWebKit/605.1.15 (KHTML, like Gecko) Version/13.0.3 Mobile/15E148 Safari/604.1', 'YTozOntzOjY6Il90b2tlbiI7czo0MDoiVmxjRHR6R09TMGdiZVIwQ3daU21Fdm04OWdwNnplOWZtVklYamtRTCI7czo5OiJfcHJldmlvdXMiO2E6MTp7czozOiJ1cmwiO3M6MzA6Imh0dHBzOi8vZWxsaWNlbmNpYWRvLmFwcC9sb2dpbiI7fXM6NjoiX2ZsYXNoIjthOjI6e3M6Mzoib2xkIjthOjA6e31zOjM6Im5ldyI7YTowOnt9fX0=', 1720030554),
('mKAPsdcksIpkNO7jHPwLiMPtT42KzzkTVy7g178V', NULL, '209.127.107.143', 'Apache-HttpClient/5.1.4 (Java/11.0.18)', 'YTozOntzOjY6Il90b2tlbiI7czo0MDoiOW5Cb3pVaVhEVHZadlUxdUpvVXhicklGN2F6bkl2R3VCc0FmNTBjSiI7czo5OiJfcHJldmlvdXMiO2E6MTp7czozOiJ1cmwiO3M6MjQ6Imh0dHBzOi8vZWxsaWNlbmNpYWRvLmFwcCI7fXM6NjoiX2ZsYXNoIjthOjI6e3M6Mzoib2xkIjthOjA6e31zOjM6Im5ldyI7YTowOnt9fX0=', 1720033712),
('oLLm3JLvjetZ39EeEJdbtvQSZhpR7u6XtJfdQRDf', NULL, '43.159.129.209', 'Mozilla/5.0 (iPhone; CPU iPhone OS 13_2_3 like Mac OS X) AppleWebKit/605.1.15 (KHTML, like Gecko) Version/13.0.3 Mobile/15E148 Safari/604.1', 'YTozOntzOjY6Il90b2tlbiI7czo0MDoibWlyakFxSG5IelZyNEF1RHVlS1VHbGNsUkNGSkZLODl0WUdvMnNKaCI7czo5OiJfcHJldmlvdXMiO2E6MTp7czozOiJ1cmwiO3M6MjQ6Imh0dHBzOi8vZWxsaWNlbmNpYWRvLmFwcCI7fXM6NjoiX2ZsYXNoIjthOjI6e3M6Mzoib2xkIjthOjA6e31zOjM6Im5ldyI7YTowOnt9fX0=', 1720030552),
('oP9Tb4STyWCSe2D99zYPl40Zo9pEiRWn9t15bQDc', NULL, '185.237.15.175', 'Opera/9.80 (Windows NT 6.1; Win64; x64; U; en) Presto/2.2.15 Version/10.10', 'YTozOntzOjY6Il90b2tlbiI7czo0MDoiaU5XRjhBS0ZmTlIyc2I4Z2NDdDBGTDBaOURLaWdhNTdiR281MlB0YSI7czo5OiJfcHJldmlvdXMiO2E6MTp7czozOiJ1cmwiO3M6MzA6Imh0dHBzOi8vZWxsaWNlbmNpYWRvLmFwcC9sb2dpbiI7fXM6NjoiX2ZsYXNoIjthOjI6e3M6Mzoib2xkIjthOjA6e31zOjM6Im5ldyI7YTowOnt9fX0=', 1720034495),
('QcoX4nrn7irHRFHR7z7e5rgPAnlKGmWWkxn08VH5', NULL, '177.53.214.132', 'Mozilla/5.0 (Linux; Android 10; K) AppleWebKit/537.36 (KHTML, like Gecko) Chrome/126.0.0.0 Mobile Safari/537.36', 'YTozOntzOjY6Il90b2tlbiI7czo0MDoibUZxUGh0WE1TYXR0Qnhra3pMVVlkbkRneTRtZ3F5RFNVbGVHTmhCWCI7czo5OiJfcHJldmlvdXMiO2E6MTp7czozOiJ1cmwiO3M6MzA6Imh0dHBzOi8vZWxsaWNlbmNpYWRvLmFwcC9sb2dpbiI7fXM6NjoiX2ZsYXNoIjthOjI6e3M6Mzoib2xkIjthOjA6e31zOjM6Im5ldyI7YTowOnt9fX0=', 1720046020),
('swxdL8Ie5pv9S6Ptrk7LSkdZzNkcUSzHcZ02WFHo', NULL, '185.237.15.175', 'Mozilla/5.0 (Windows NT 10.0; Win64; x64; rv:68.0) Gecko/20100101 Firefox/68.0', 'YTozOntzOjY6Il90b2tlbiI7czo0MDoiZFFSbkdxcTlrTVlRZW00dXNhQWk1NEd2YWZIRHFMTmNEclFRRHhJdSI7czo5OiJfcHJldmlvdXMiO2E6MTp7czozOiJ1cmwiO3M6MjQ6Imh0dHBzOi8vZWxsaWNlbmNpYWRvLmFwcCI7fXM6NjoiX2ZsYXNoIjthOjI6e3M6Mzoib2xkIjthOjA6e31zOjM6Im5ldyI7YTowOnt9fX0=', 1720033562),
('wR2Xz15xPCAcARRFSMakeCO0kqY1d2Ng0D6NNQpY', NULL, '46.228.199.158', 'Mozilla/5.0 (Windows NT 10.0; Win64; x64) AppleWebKit/537.36 (KHTML, like Gecko) Chrome/91.0.4472.114 Safari/537.36 Edg/91.0.864.54', 'YTozOntzOjY6Il90b2tlbiI7czo0MDoiaVJtckFDQmdXRjlTRU5kVTNBVnR5TnRORUhSeDlPdXg1dGhzUXc4ViI7czo5OiJfcHJldmlvdXMiO2E6MTp7czozOiJ1cmwiO3M6MjQ6Imh0dHBzOi8vZWxsaWNlbmNpYWRvLmFwcCI7fXM6NjoiX2ZsYXNoIjthOjI6e3M6Mzoib2xkIjthOjA6e31zOjM6Im5ldyI7YTowOnt9fX0=', 1720035844),
('YvgRWkNa9qeqQl9gCpcyQekshZuMyHtrJ4xHrLbN', NULL, '107.22.87.86', 'Mozilla/5.0 (Macintosh; Intel Mac OS X 10_15_7) AppleWebKit/537.36 (KHTML, like Gecko) Chrome/107.0.0.0 Safari/537.36', 'YTozOntzOjY6Il90b2tlbiI7czo0MDoiVm9pOWhJdVdyeHI5SmRkSE5lUHJROEhRd0Q1S1hZajA1VVBma2YwcyI7czo5OiJfcHJldmlvdXMiO2E6MTp7czozOiJ1cmwiO3M6MzA6Imh0dHBzOi8vZWxsaWNlbmNpYWRvLmFwcC9sb2dpbiI7fXM6NjoiX2ZsYXNoIjthOjI6e3M6Mzoib2xkIjthOjA6e31zOjM6Im5ldyI7YTowOnt9fX0=', 1720033717);

-- --------------------------------------------------------

--
-- Table structure for table `users`
--

CREATE TABLE `users` (
  `id` bigint(20) UNSIGNED NOT NULL,
  `name` varchar(255) NOT NULL,
  `email` varchar(255) NOT NULL,
  `email_verified_at` timestamp NULL DEFAULT NULL,
  `password` varchar(255) NOT NULL,
  `remember_token` varchar(100) DEFAULT NULL,
  `identity_card` varchar(20) DEFAULT NULL,
  `address` varchar(255) DEFAULT NULL,
  `created_at` timestamp NULL DEFAULT NULL,
  `updated_at` timestamp NULL DEFAULT NULL
) ENGINE=InnoDB DEFAULT CHARSET=utf8mb4 COLLATE=utf8mb4_unicode_ci;

--
-- Dumping data for table `users`
--

INSERT INTO `users` (`id`, `name`, `email`, `email_verified_at`, `password`, `remember_token`, `identity_card`, `address`, `created_at`, `updated_at`) VALUES
(1, 'Administrador', 'admin@licenciado.com', NULL, '$2y$12$oijDkryNXrQAoPfqBlU7uekkfvhzHxv2TB4H0ZJjH7l5ERDbVJvmG', 'nsN7iwSqdwq4tT8UGiUpQ9GfhKuFVcHcNhCqMqLUmmB5a9XSG5ZP4nzvvxg0', NULL, NULL, '2024-04-16 19:41:57', '2024-04-16 19:41:57'),
(2, 'Patricia', 'patricia@licenciado.com', NULL, '$2y$12$TOU3gm2FSSYDf7HwOwVZ1.qgCWRPTMx4uMTme6nxjJTNYY9NGVdam', 'qnJfQGIbeZ1BkhnAyp6JOTUgqGvCZYiOmJ9ofFKaGGufBFryH1QhHD42xIKI', NULL, NULL, '2024-04-16 18:49:06', '2024-04-16 18:53:32'),
(3, 'Orley', 'orley@licenciado.com', NULL, '$2y$12$nAN955tjXV7sgIMwshk1zeU4vSk3S8WveT3l73DqmvjSm.W1Tja6O', NULL, NULL, NULL, '2024-04-16 18:50:34', '2024-04-16 18:52:39'),
(4, 'Maira', 'maira@licenciado.com', NULL, '$2y$12$skSF.mqRbwd2NB566UTiv.y4Sv5SoT1IC1tte1i8uJh0297qs9D2m', 'prit6sZQrHwWb3rTSMfN0Ao7VfPuYu0CSPWKM2BM5ebdsyUzAlMm8WUYZ3ui', NULL, NULL, '2024-04-16 18:54:22', '2024-04-16 18:54:22'),
(5, 'Edita', 'edita@licenciado.com', NULL, '$2y$12$/.vaBKjYwEpjBOQCBPs7I.hyR3Wwpf5d1j6YZwMWMHMCKxm2XE/K.', 'RirfL4ubRjkBxD9kWU3wZicmbM4OVO8cVriy8Uvg5bu2mM8CofVim7LqMZcM', NULL, NULL, '2024-04-16 18:54:54', '2024-04-16 18:54:54'),
(6, 'Leonardo', 'leonardo@licenciado.com', NULL, '$2y$12$Ncb/Deu.ODKUAuadr8DyAOWokIVuvp7IIoTyCP4KnOO9f//kZNcTW', 'BLxFMyFx4PIRP3jvS8F1vwmtOk47nv8Z9YZvvNkJK3ieeFDraMEA6oycEh9F', NULL, NULL, '2024-04-16 18:55:18', '2024-04-16 18:56:35'),
(7, 'Gema', 'gema@licenciado.com', NULL, '$2y$12$O8vDYA97eui7nt7RX7MgaOBCPhVBgYpgrL422F5JiLvNNPNz6Fyxu', NULL, NULL, NULL, '2024-04-16 18:55:41', '2024-04-16 18:55:41');

-- --------------------------------------------------------

--
-- Table structure for table `warehouses`
--

CREATE TABLE `warehouses` (
  `id` mediumint(8) UNSIGNED NOT NULL,
  `name` varchar(255) NOT NULL
) ENGINE=InnoDB DEFAULT CHARSET=utf8mb4 COLLATE=utf8mb4_unicode_ci;

--
-- Dumping data for table `warehouses`
--

INSERT INTO `warehouses` (`id`, `name`) VALUES
(1, 'Deposito'),
(2, 'Licorería');

--
-- Indexes for dumped tables
--

--
-- Indexes for table `balances`
--
ALTER TABLE `balances`
  ADD PRIMARY KEY (`id`),
  ADD KEY `balance_movement` (`movement_id`);

--
-- Indexes for table `cache`
--
ALTER TABLE `cache`
  ADD PRIMARY KEY (`key`);

--
-- Indexes for table `cache_locks`
--
ALTER TABLE `cache_locks`
  ADD PRIMARY KEY (`key`);

--
-- Indexes for table `clients`
--
ALTER TABLE `clients`
  ADD PRIMARY KEY (`id`);

--
-- Indexes for table `expense_types`
--
ALTER TABLE `expense_types`
  ADD PRIMARY KEY (`id`),
  ADD UNIQUE KEY `expense_types_name_unique` (`name`);

--
-- Indexes for table `failed_jobs`
--
ALTER TABLE `failed_jobs`
  ADD PRIMARY KEY (`id`),
  ADD UNIQUE KEY `failed_jobs_uuid_unique` (`uuid`);

--
-- Indexes for table `incomes`
--
ALTER TABLE `incomes`
  ADD PRIMARY KEY (`id`),
  ADD KEY `income_movement` (`movement_id`);

--
-- Indexes for table `jobs`
--
ALTER TABLE `jobs`
  ADD PRIMARY KEY (`id`),
  ADD KEY `jobs_queue_index` (`queue`);

--
-- Indexes for table `job_batches`
--
ALTER TABLE `job_batches`
  ADD PRIMARY KEY (`id`);

--
-- Indexes for table `migrations`
--
ALTER TABLE `migrations`
  ADD PRIMARY KEY (`id`);

--
-- Indexes for table `model_has_permissions`
--
ALTER TABLE `model_has_permissions`
  ADD PRIMARY KEY (`permission_id`,`model_id`,`model_type`),
  ADD KEY `model_has_permissions_model_id_model_type_index` (`model_id`,`model_type`);

--
-- Indexes for table `model_has_roles`
--
ALTER TABLE `model_has_roles`
  ADD PRIMARY KEY (`role_id`,`model_id`,`model_type`),
  ADD KEY `model_has_roles_model_id_model_type_index` (`model_id`,`model_type`);

--
-- Indexes for table `movements`
--
ALTER TABLE `movements`
  ADD PRIMARY KEY (`id`),
  ADD KEY `movement_product` (`product_id`),
  ADD KEY `movement_type` (`type_id`);

--
-- Indexes for table `movement_types`
--
ALTER TABLE `movement_types`
  ADD PRIMARY KEY (`id`),
  ADD UNIQUE KEY `movement_types_name_unique` (`name`);

--
-- Indexes for table `password_reset_tokens`
--
ALTER TABLE `password_reset_tokens`
  ADD PRIMARY KEY (`email`);

--
-- Indexes for table `permissions`
--
ALTER TABLE `permissions`
  ADD PRIMARY KEY (`id`),
  ADD UNIQUE KEY `permissions_name_guard_name_unique` (`name`,`guard_name`);

--
-- Indexes for table `products`
--
ALTER TABLE `products`
  ADD PRIMARY KEY (`id`),
  ADD UNIQUE KEY `unique_product_tag` (`name`,`type_id`,`presentation_id`),
  ADD KEY `product_presentation` (`presentation_id`),
  ADD KEY `product_type` (`type_id`);

--
-- Indexes for table `product_presentations`
--
ALTER TABLE `product_presentations`
  ADD PRIMARY KEY (`id`),
  ADD UNIQUE KEY `product_presentations_content_unique` (`content`);

--
-- Indexes for table `product_sale_prices`
--
ALTER TABLE `product_sale_prices`
  ADD PRIMARY KEY (`id`),
  ADD UNIQUE KEY `product_sale_prices_price_units_number_product_id_unique` (`price`,`units_number`,`product_id`),
  ADD KEY `product_sale_price` (`product_id`);

--
-- Indexes for table `product_types`
--
ALTER TABLE `product_types`
  ADD PRIMARY KEY (`id`),
  ADD UNIQUE KEY `product_types_name_unique` (`name`);

--
-- Indexes for table `product_warehouse`
--
ALTER TABLE `product_warehouse`
  ADD PRIMARY KEY (`id`),
  ADD KEY `products_warehouses` (`product_id`),
  ADD KEY `warehouses_products` (`warehouse_id`),
  ADD KEY `product_warehouse_balance` (`balance_id`);

--
-- Indexes for table `providers`
--
ALTER TABLE `providers`
  ADD PRIMARY KEY (`id`);

--
-- Indexes for table `purchase_invoices`
--
ALTER TABLE `purchase_invoices`
  ADD PRIMARY KEY (`id`),
  ADD KEY `purchase_invoice_user` (`user_id`),
  ADD KEY `purchase_invoice_warehouse` (`warehouse_id`),
  ADD KEY `provider_sale_invoice` (`provider_id`);

--
-- Indexes for table `roles`
--
ALTER TABLE `roles`
  ADD PRIMARY KEY (`id`),
  ADD UNIQUE KEY `roles_name_guard_name_unique` (`name`,`guard_name`);

--
-- Indexes for table `role_has_permissions`
--
ALTER TABLE `role_has_permissions`
  ADD PRIMARY KEY (`permission_id`,`role_id`),
  ADD KEY `role_has_permissions_role_id_foreign` (`role_id`);

--
-- Indexes for table `sale_invoices`
--
ALTER TABLE `sale_invoices`
  ADD PRIMARY KEY (`id`),
  ADD KEY `sale_invoice_user` (`user_id`),
  ADD KEY `sale_invoice_warehouse` (`warehouse_id`),
  ADD KEY `client_sale_invoice` (`client_id`);

--
-- Indexes for table `sessions`
--
ALTER TABLE `sessions`
  ADD PRIMARY KEY (`id`),
  ADD KEY `sessions_user_id_index` (`user_id`),
  ADD KEY `sessions_last_activity_index` (`last_activity`);

--
-- Indexes for table `users`
--
ALTER TABLE `users`
  ADD PRIMARY KEY (`id`),
  ADD UNIQUE KEY `users_email_unique` (`email`);

--
-- Indexes for table `warehouses`
--
ALTER TABLE `warehouses`
  ADD PRIMARY KEY (`id`),
  ADD UNIQUE KEY `warehouses_name_unique` (`name`);

--
-- AUTO_INCREMENT for dumped tables
--

--
-- AUTO_INCREMENT for table `balances`
--
ALTER TABLE `balances`
  MODIFY `id` bigint(20) UNSIGNED NOT NULL AUTO_INCREMENT, AUTO_INCREMENT=1170;

--
-- AUTO_INCREMENT for table `clients`
--
ALTER TABLE `clients`
  MODIFY `id` int(10) UNSIGNED NOT NULL AUTO_INCREMENT;

--
-- AUTO_INCREMENT for table `expense_types`
--
ALTER TABLE `expense_types`
  MODIFY `id` smallint(5) UNSIGNED NOT NULL AUTO_INCREMENT;

--
-- AUTO_INCREMENT for table `failed_jobs`
--
ALTER TABLE `failed_jobs`
  MODIFY `id` bigint(20) UNSIGNED NOT NULL AUTO_INCREMENT;

--
-- AUTO_INCREMENT for table `incomes`
--
ALTER TABLE `incomes`
  MODIFY `id` bigint(20) UNSIGNED NOT NULL AUTO_INCREMENT, AUTO_INCREMENT=759;

--
-- AUTO_INCREMENT for table `jobs`
--
ALTER TABLE `jobs`
  MODIFY `id` bigint(20) UNSIGNED NOT NULL AUTO_INCREMENT;

--
-- AUTO_INCREMENT for table `migrations`
--
ALTER TABLE `migrations`
  MODIFY `id` int(10) UNSIGNED NOT NULL AUTO_INCREMENT, AUTO_INCREMENT=20;

--
-- AUTO_INCREMENT for table `movements`
--
ALTER TABLE `movements`
  MODIFY `id` bigint(20) UNSIGNED NOT NULL AUTO_INCREMENT, AUTO_INCREMENT=1181;

--
-- AUTO_INCREMENT for table `movement_types`
--
ALTER TABLE `movement_types`
  MODIFY `id` smallint(5) UNSIGNED NOT NULL AUTO_INCREMENT, AUTO_INCREMENT=6;

--
-- AUTO_INCREMENT for table `permissions`
--
ALTER TABLE `permissions`
  MODIFY `id` bigint(20) UNSIGNED NOT NULL AUTO_INCREMENT, AUTO_INCREMENT=16;

--
-- AUTO_INCREMENT for table `products`
--
ALTER TABLE `products`
  MODIFY `id` int(10) UNSIGNED NOT NULL AUTO_INCREMENT, AUTO_INCREMENT=202;

--
-- AUTO_INCREMENT for table `product_presentations`
--
ALTER TABLE `product_presentations`
  MODIFY `id` mediumint(8) UNSIGNED NOT NULL AUTO_INCREMENT, AUTO_INCREMENT=8;

--
-- AUTO_INCREMENT for table `product_sale_prices`
--
ALTER TABLE `product_sale_prices`
  MODIFY `id` int(10) UNSIGNED NOT NULL AUTO_INCREMENT, AUTO_INCREMENT=248;

--
-- AUTO_INCREMENT for table `product_types`
--
ALTER TABLE `product_types`
  MODIFY `id` mediumint(8) UNSIGNED NOT NULL AUTO_INCREMENT, AUTO_INCREMENT=12;

--
-- AUTO_INCREMENT for table `product_warehouse`
--
ALTER TABLE `product_warehouse`
  MODIFY `id` bigint(20) UNSIGNED NOT NULL AUTO_INCREMENT, AUTO_INCREMENT=402;

--
-- AUTO_INCREMENT for table `providers`
--
ALTER TABLE `providers`
  MODIFY `id` int(10) UNSIGNED NOT NULL AUTO_INCREMENT;

--
-- AUTO_INCREMENT for table `purchase_invoices`
--
ALTER TABLE `purchase_invoices`
  MODIFY `id` int(10) UNSIGNED NOT NULL AUTO_INCREMENT, AUTO_INCREMENT=399;

--
-- AUTO_INCREMENT for table `roles`
--
ALTER TABLE `roles`
  MODIFY `id` bigint(20) UNSIGNED NOT NULL AUTO_INCREMENT, AUTO_INCREMENT=5;

--
-- AUTO_INCREMENT for table `sale_invoices`
--
ALTER TABLE `sale_invoices`
  MODIFY `id` int(10) UNSIGNED NOT NULL AUTO_INCREMENT, AUTO_INCREMENT=761;

--
-- AUTO_INCREMENT for table `users`
--
ALTER TABLE `users`
  MODIFY `id` bigint(20) UNSIGNED NOT NULL AUTO_INCREMENT, AUTO_INCREMENT=8;

--
-- AUTO_INCREMENT for table `warehouses`
--
ALTER TABLE `warehouses`
  MODIFY `id` mediumint(8) UNSIGNED NOT NULL AUTO_INCREMENT, AUTO_INCREMENT=3;

--
-- Constraints for dumped tables
--

--
-- Constraints for table `balances`
--
ALTER TABLE `balances`
  ADD CONSTRAINT `balance_movement` FOREIGN KEY (`movement_id`) REFERENCES `movements` (`id`) ON DELETE CASCADE ON UPDATE CASCADE;

--
-- Constraints for table `incomes`
--
ALTER TABLE `incomes`
  ADD CONSTRAINT `income_movement` FOREIGN KEY (`movement_id`) REFERENCES `movements` (`id`) ON DELETE CASCADE ON UPDATE CASCADE;

--
-- Constraints for table `model_has_permissions`
--
ALTER TABLE `model_has_permissions`
  ADD CONSTRAINT `model_has_permissions_permission_id_foreign` FOREIGN KEY (`permission_id`) REFERENCES `permissions` (`id`) ON DELETE CASCADE;

--
-- Constraints for table `model_has_roles`
--
ALTER TABLE `model_has_roles`
  ADD CONSTRAINT `model_has_roles_role_id_foreign` FOREIGN KEY (`role_id`) REFERENCES `roles` (`id`) ON DELETE CASCADE;

--
-- Constraints for table `movements`
--
ALTER TABLE `movements`
  ADD CONSTRAINT `movement_product` FOREIGN KEY (`product_id`) REFERENCES `products` (`id`) ON DELETE CASCADE ON UPDATE CASCADE,
  ADD CONSTRAINT `movement_type` FOREIGN KEY (`type_id`) REFERENCES `movement_types` (`id`) ON UPDATE CASCADE;

--
-- Constraints for table `products`
--
ALTER TABLE `products`
  ADD CONSTRAINT `product_presentation` FOREIGN KEY (`presentation_id`) REFERENCES `product_presentations` (`id`) ON DELETE SET NULL ON UPDATE CASCADE,
  ADD CONSTRAINT `product_type` FOREIGN KEY (`type_id`) REFERENCES `product_types` (`id`) ON DELETE SET NULL ON UPDATE CASCADE;

--
-- Constraints for table `product_sale_prices`
--
ALTER TABLE `product_sale_prices`
  ADD CONSTRAINT `product_sale_price` FOREIGN KEY (`product_id`) REFERENCES `products` (`id`) ON DELETE CASCADE ON UPDATE CASCADE;

--
-- Constraints for table `product_warehouse`
--
ALTER TABLE `product_warehouse`
  ADD CONSTRAINT `product_warehouse_balance` FOREIGN KEY (`balance_id`) REFERENCES `balances` (`id`) ON DELETE CASCADE ON UPDATE CASCADE,
  ADD CONSTRAINT `products_warehouses` FOREIGN KEY (`product_id`) REFERENCES `products` (`id`) ON DELETE NO ACTION ON UPDATE CASCADE,
  ADD CONSTRAINT `warehouses_products` FOREIGN KEY (`warehouse_id`) REFERENCES `warehouses` (`id`) ON DELETE NO ACTION ON UPDATE CASCADE;

--
-- Constraints for table `purchase_invoices`
--
ALTER TABLE `purchase_invoices`
  ADD CONSTRAINT `provider_sale_invoice` FOREIGN KEY (`provider_id`) REFERENCES `providers` (`id`) ON DELETE SET NULL ON UPDATE CASCADE,
  ADD CONSTRAINT `purchase_invoice_user` FOREIGN KEY (`user_id`) REFERENCES `users` (`id`) ON DELETE SET NULL ON UPDATE CASCADE,
  ADD CONSTRAINT `purchase_invoice_warehouse` FOREIGN KEY (`warehouse_id`) REFERENCES `warehouses` (`id`) ON DELETE NO ACTION ON UPDATE CASCADE;

--
-- Constraints for table `role_has_permissions`
--
ALTER TABLE `role_has_permissions`
  ADD CONSTRAINT `role_has_permissions_permission_id_foreign` FOREIGN KEY (`permission_id`) REFERENCES `permissions` (`id`) ON DELETE CASCADE,
  ADD CONSTRAINT `role_has_permissions_role_id_foreign` FOREIGN KEY (`role_id`) REFERENCES `roles` (`id`) ON DELETE CASCADE;

--
-- Constraints for table `sale_invoices`
--
ALTER TABLE `sale_invoices`
  ADD CONSTRAINT `client_sale_invoice` FOREIGN KEY (`client_id`) REFERENCES `clients` (`id`) ON DELETE SET NULL ON UPDATE CASCADE,
  ADD CONSTRAINT `sale_invoice_user` FOREIGN KEY (`user_id`) REFERENCES `users` (`id`) ON DELETE SET NULL ON UPDATE CASCADE,
  ADD CONSTRAINT `sale_invoice_warehouse` FOREIGN KEY (`warehouse_id`) REFERENCES `warehouses` (`id`) ON DELETE NO ACTION ON UPDATE CASCADE;
COMMIT;

/*!40101 SET CHARACTER_SET_CLIENT=@OLD_CHARACTER_SET_CLIENT */;
/*!40101 SET CHARACTER_SET_RESULTS=@OLD_CHARACTER_SET_RESULTS */;
/*!40101 SET COLLATION_CONNECTION=@OLD_COLLATION_CONNECTION */;
